lambda_exact,lambda_min,epsilon_exact,p_one_use_exact_rational,p_one_use,p_one_use_lower,p_one_use_upper,p_rep,p_rep_lower,p_rep_upper,gap,gap_lower,gap_upper,asymptote_slope_exact,linear_asymptote,linear_asymptote_lower,linear_asymptote_upper,exact_one_use_domain,geometry,full_span,all_code_capacity_boundary
0,0,1/10,25/34,0.73529411764705882,0.735294117647058823529411764705882352941176470588235294117647,0.735294117647058823529411764705882352941176470588235294117648,0.73529411764705882,0.735294117647058823529411764705882352941176470588235294117647,0.735294117647058823529411764705882352941176470588235294117648,0,0.000000000000000000000000000000000000000000000000000000000000,0.000000000000000000000000000000000000000000000000000000000000,18/289,0,0.000000000000000000000000000000000000000000000000000000000000,0.000000000000000000000000000000000000000000000000000000000000,0 <= lambda <= 1/4; canonical P12,equal_weight_three_axis_cone,False,False
1/2000,0.0005,1/10,3124/4249,0.73523181925158861,0.735231819251588609084490468345493057189927041656860437750058,0.735231819251588609084490468345493057189927041656860437750059,0.73526296962203180,0.735262969622031798787511577358647036681660278834237762727081,0.735262969622031798787511577358647036681660278834237762727082,0.000031150370443189703,0.000031150370443189703021109013153979491733237177377324977022,0.000031150370443189703021109013153979491733237177377324977023,18/289,0.000031141868512110727,0.000031141868512110726643598615916955017301038062283737024221,0.000031141868512110726643598615916955017301038062283737024222,0 <= lambda <= 1/4; canonical P12,equal_weight_three_axis_cone,True,False
1/1000,0.001,1/10,347/472,0.73516949152542373,0.735169491525423728813559322033898305084745762711864406779661,0.735169491525423728813559322033898305084745762711864406779662,0.73523180927830735,0.735231809278307349560191554297313194816185607873084376638597,0.735231809278307349560191554297313194816185607873084376638598,0.000062317752883620747,0.000062317752883620746632232263414889731439845161219969858936,0.000062317752883620746632232263414889731439845161219969858937,18/289,0.000062283737024221453,0.000062283737024221453287197231833910034602076124567474048442,0.000062283737024221453287197231833910034602076124567474048443,0 <= lambda <= 1/4; canonical P12,equal_weight_three_axis_cone,True,False
3/2000,0.0015,1/10,3122/4247,0.73510713444784554,0.735107134447845538026842477042618318813279962326348010360254,0.735107134447845538026842477042618318813279962326348010360255,0.73520063660737775,0.735200636607377751159491521415405203668513519600189305769238,0.735200636607377751159491521415405203668513519600189305769239,0.000093502159532213133,0.000093502159532213132649044372786884855233557273841295408984,0.000093502159532213132649044372786884855233557273841295408985,18/289,0.000093425605536332180,0.000093425605536332179930795847750865051903114186851211072664,0.000093425605536332179930795847750865051903114186851211072665,0 <= lambda <= 1/4; canonical P12,equal_weight_three_axis_cone,True,False
1/500,0.002,1/10,3121/4246,0.73504474799811587,0.735044747998115873763542157324540744229863400847856806406029,0.735044747998115873763542157324540744229863400847856806406030,0.73516945160072683,0.735169451600726830117095565918498472902658648859909120721060,0.735169451600726830117095565918498472902658648859909120721061,0.00012470360261095635,0.000124703602610956353553408593957728672795248012052314315031,0.000124703602610956353553408593957728672795248012052314315032,18/289,0.00012456747404844291,0.000124567474048442906574394463667820069204152249134948096885,0.000124567474048442906574394463667820069204152249134948096886,0 <= lambda <= 1/4; canonical P12,equal_weight_three_axis_cone,True,False
1/400,0.0025,1/10,208/283,0.73498233215547703,0.734982332155477031802120141342756183745583038869257950530035,0.734982332155477031802120141342756183745583038869257950530036,0.73513825424982995,0.735138254249829953203520898059240146227207073282321128721349,0.735138254249829953203520898059240146227207073282321128721350,0.00015592209435292140,0.000155922094352921401400756716483962481624034413063178191314,0.000155922094352921401400756716483962481624034413063178191315,18/289,0.00015570934256055363,0.000155709342560553633217993079584775086505190311418685121107,0.000155709342560553633217993079584775086505190311418685121108,0 <= lambda <= 1/4; canonical P12,equal_weight_three_axis_cone,True,False
3/1000,0.003,1/10,3119/4244,0.73491988689915174,0.734919886899151743638077285579641847313854853911404335532516,0.734919886899151743638077285579641847313854853911404335532517,0.73510704454615402,0.735107044546154016429637552022370522579600461643000961823144,0.735107044546154016429637552022370522579600461643000961823145,0.00018715764700227279,0.000187157647002272791560266442728675265745607731596626290627,0.000187157647002272791560266442728675265745607731596626290628,18/289,0.00018685121107266436,0.000186851211072664359861591695501730103806228373702422145328,0.000186851211072664359861591695501730103806228373702422145329,0 <= lambda <= 1/4; canonical P12,equal_weight_three_axis_cone,True,False
7/2000,0.0035,1/10,3118/4243,0.73485741220834315,0.734857412208343153429177468772095215649304737214235210935658,0.734857412208343153429177468772095215649304737214235210935659,0.73507582248115743,0.735075822481157434030484992035897980006894571317679723916357,0.735075822481157434030484992035897980006894571317679723916358,0.00021841027281428060,0.000218410272814280601307523263802764357589834103444512980698,0.000218410272814280601307523263802764357589834103444512980699,18/289,0.00021799307958477509,0.000217993079584775086505190311418685121107266435986159169550,0.000217993079584775086505190311418685121107266435986159169551,0 <= lambda <= 1/4; canonical P12,equal_weight_three_axis_cone,True,False
1/250,0.004,1/10,1039/1414,0.73479490806223479,0.734794908062234794908062234794908062234794908062234794908062,0.734794908062234794908062234794908062234794908062234794908063,0.73504458804629013,0.735044588046290127431351613993302508379558254083622512161785,0.735044588046290127431351613993302508379558254083622512161786,0.00024967998405533252,0.000249679984055332523289379198394446144763346021387717253723,0.000249679984055332523289379198394446144763346021387717253724,18/289,0.00024913494809688581,0.000249134948096885813148788927335640138408304498269896193771,0.000249134948096885813148788927335640138408304498269896193772,0 <= lambda <= 1/4; canonical P12,equal_weight_three_axis_cone,True,False
9/2000,0.0045,1/10,3116/4241,0.73473237443999057,0.734732374439990568262202310775760433859938693704315020042442,0.734732374439990568262202310775760433859938693704315020042443,0.73501334123299351,0.735013341232993514196083056887269890827121107071687265332941,0.735013341232993514196083056887269890827121107071687265332942,0.00028096679300294593,0.000280966793002945933880746111509456967182413367372245290498,0.000280966793002945933880746111509456967182413367372245290499,18/289,0.00028027681660899654,0.000280276816608996539792387543252595155709342560553633217993,0.000280276816608996539792387543252595155709342560553633217994,0 <= lambda <= 1/4; canonical P12,equal_weight_three_axis_cone,True,False
1/200,0.005,1/10,623/848,0.73466981132075472,0.734669811320754716981132075471698113207547169811320754716981,0.734669811320754716981132075471698113207547169811320754716982,0.73498208203270050,0.734982082032700496957585162177437286262861472550986964256094,0.734982082032700496957585162177437286262861472550986964256095,0.00031227071194577998,0.000312270711945779976453086705739173055314302739666209539113,0.000312270711945779976453086705739173055314302739666209539114,18/289,0.00031141868512110727,0.000311418685121107266435986159169550173010380622837370242214,0.000311418685121107266435986159169550173010380622837370242215,0 <= lambda <= 1/4; canonical P12,equal_weight_three_axis_cone,True,False
11/2000,0.0055,1/10,346/471,0.73460721868365180,0.734607218683651804670912951167728237791932059447983014861995,0.734607218683651804670912951167728237791932059447983014861996,0.73495081043683545,0.734950810436835452330487342842406867930408234862720329145761,0.734950810436835452330487342842406867930408234862720329145762,0.00034359175318364766,0.000343591753183647659574391674678630138476175414737314283765,0.000343591753183647659574391674678630138476175414737314283766,18/289,0.00034256055363321799,0.000342560553633217993079584775086505190311418685121107266435,0.000342560553633217993079584775086505190311418685121107266436,0 <= lambda <= 1/4; canonical P12,equal_weight_three_axis_cone,True,False
3/500,0.006,1/10,3113/4238,0.73454459650778669,0.734544596507786691835771590372817366682397357243983010854176,0.734544596507786691835771590372817366682397357243983010854177,0.73491952643681422,0.734919526436814219805932047299300913241998347592499960051923,0.734919526436814219805932047299300913241998347592499960051924,0.00037492992902752797,0.000374929929027527970160456926483546559600990348516949197747,0.000374929929027527970160456926483546559600990348516949197748,18/289,0.00037370242214532872,0.000373702422145328719723183391003460207612456747404844290657,0.000373702422145328719723183391003460207612456747404844290658,0 <= lambda <= 1/4; canonical P12,equal_weight_three_axis_cone,True,False
13/2000,0.0065,1/10,3112/4237,0.73448194477224451,0.734481944772244512626858626386594288411611989615293839981118,0.734481944772244512626858626386594288411611989615293839981119,0.73488823002404409,0.734888230024044090628455926611831196124907819383466857900818,0.734888230024044090628455926611831196124907819383466857900819,0.00040628525179957800,0.000406285251799578001597300225236907713295829768173017919699,0.000406285251799578001597300225236907713295829768173017919700,18/289,0.00040484429065743945,0.000404844290657439446366782006920415224913494809688581314878,0.000404844290657439446366782006920415224913494809688581314879,0 <= lambda <= 1/4; canonical P12,equal_weight_three_axis_cone,True,False
7/1000,0.007,1/10,1037/1412,0.73441926345609065,0.734419263456090651558073654390934844192634560906515580736543,0.734419263456090651558073654390934844192634560906515580736544,0.73485692118992380,0.734856921189923796654928236449677806451379730089941922629869,0.734856921189923796654928236449677806451379730089941922629870,0.00043765773383314510,0.000437657733833145096854582058742962258745169183426341893325,0.000437657733833145096854582058742962258745169183426341893326,18/289,0.00043598615916955017,0.000435986159169550173010380622837370242214532871972318339100,0.000435986159169550173010380622837370242214532871972318339101,0 <= lambda <= 1/4; canonical P12,equal_weight_three_axis_cone,True,False
3/400,0.0075,1/10,622/847,0.73435655253837072,0.734356552538370720188902007083825265643447461629279811097992,0.734356552538370720188902007083825265643447461629279811097993,0.73482559992584350,0.734825599925843499195511928107355931448676674638809542441916,0.734825599925843499195511928107355931448676674638809542441917,0.00046904738747277901,0.000469047387472779006609921023530665805229213009529731343923,0.000469047387472779006609921023530665805229213009529731343924,18/289,0.00046712802768166090,0.000467128027681660899653979238754325259515570934256055363321,0.000467128027681660899653979238754325259515570934256055363322,0 <= lambda <= 1/4; canonical P12,equal_weight_three_axis_cone,True,False
1/125,0.008,1/10,3109/4234,0.73429381199811053,0.734293811998110533774208786017949929145016532829475673122342,0.734293811998110533774208786017949929145016532829475673122343,0.73479426622318478,0.734794266223184777836612805539130212329718185047169012285806,0.734794266223184777836612805539130212329718185047169012285807,0.00050045422507424406,0.000500454225074244062404019521180283184701652217693339163463,0.000500454225074244062404019521180283184701652217693339163464,18/289,0.00049826989619377163,0.000498269896193771626297577854671280276816608996539792387543,0.000498269896193771626297577854671280276816608996539792387544,0 <= lambda <= 1/4; canonical P12,equal_weight_three_axis_cone,True,False
17/2000,0.0085,1/10,1036/1411,0.73423104181431609,0.734231041814316087880935506732813607370659107016300496102055,0.734231041814316087880935506732813607370659107016300496102056,0.73476292007332062,0.734762920073320619245782047817349772058116192668125702627881,0.734762920073320619245782047817349772058116192668125702627882,0.00053187825900453136,0.000531878259004531364846541084536164687457085651825206525826,0.000531878259004531364846541084536164687457085651825206525827,18/289,0.00052941176470588235,0.000529411764705882352941176470588235294117647058823529411764,0.000529411764705882352941176470588235294117647058823529411765,0 <= lambda <= 1/4; canonical P12,equal_weight_three_axis_cone,True,False
9/1000,0.009,1/10,3107/4232,0.73416824196597353,0.734168241965973534971644612476370510396975425330812854442344,0.734168241965973534971644612476370510396975425330812854442345,0.73473156146761541,0.734731561467615405958537318674255832431715958011365196672885,0.734731561467615405958537318674255832431715958011365196672886,0.00056331950164187099,0.000563319501641870986892706197885322034740532680552342230541,0.000563319501641870986892706197885322034740532680552342230542,18/289,0.00056055363321799308,0.000560553633217993079584775086505190311418685121107266435986,0.000560553633217993079584775086505190311418685121107266435987,0 <= lambda <= 1/4; canonical P12,equal_weight_three_axis_cone,True,False
19/2000,0.0095,1/10,3106/4231,0.73410541243204916,0.734105412432049160954857007799574568659891278657527771212479,0.734105412432049160954857007799574568659891278657527771212480,0.73470019039742491,0.734700190397424905147067606841289128453294355419231923023022,0.734700190397424905147067606841289128453294355419231923023023,0.00059477796537574419,0.000594777965375744192210599041714559793403076761704151810543,0.000594777965375744192210599041714559793403076761704151810544,18/289,0.00059169550173010381,0.000591695501730103806228373702422145328719723183391003460207,0.000591695501730103806228373702422145328719723183391003460208,0 <= lambda <= 1/4; canonical P12,equal_weight_three_axis_cone,True,False
1/100,0.01,1/10,69/94,0.73404255319148936,0.734042553191489361702127659574468085106382978723404255319148,0.734042553191489361702127659574468085106382978723404255319149,0.73466880685409626,0.734668806854096257370786862754625399488389287552217211028390,0.734668806854096257370786862754625399488389287552217211028391,0.00062625366260689567,0.000626253662606895668659203180157314382006308828812955709241,0.000626253662606895668659203180157314382006308828812955709242,18/289,0.00062283737024221453,0.000622837370242214532871972318339100346020761245674740484429,0.000622837370242214532871972318339100346020761245674740484430,0 <= lambda <= 1/4; canonical P12,equal_weight_three_axis_cone,True,False
21/2000,0.0105,1/10,3104/4229,0.73397966422322062,0.733979664223220619531804209032868290375975407897848191061716,0.733979664223220619531804209032868290375975407897848191061717,0.73463741082896797,0.734637410828967965308701418850521584177193272447655411541860,0.734637410828967965308701418850521584177193272447655411541861,0.00065774660574734578,0.000657746605747345776897209817653293801217864549807220480144,0.000657746605747345776897209817653293801217864549807220480145,18/289,0.00065397923875432526,0.000653979238754325259515570934256055363321799307958477508650,0.000653979238754325259515570934256055363321799307958477508651,0 <= lambda <= 1/4; canonical P12,equal_weight_three_axis_cone,True,False
11/1000,0.011,1/10,3103/4228,0.73391674550614948,0.733916745506149479659413434247871333964049195837275307473982,0.733916745506149479659413434247871333964049195837275307473983,0.73460600231336988,0.734606002313369882473556102128488637232026845172068236094605,0.734606002313369882473556102128488637232026845172068236094606,0.00068925680722040281,0.000689256807220402814142667880617303267977649334792928620622,0.000689256807220402814142667880617303267977649334792928620623,18/289,0.00068512110726643599,0.000685121107266435986159169550173010380622837370242214532871,0.000685121107266435986159169550173010380622837370242214532872,0 <= lambda <= 1/4; canonical P12,equal_weight_three_axis_cone,True,False
23/2000,0.0115,1/10,1034/1409,0.73385379701916253,0.733853797019162526614620298083747338537970191625266146202980,0.733853797019162526614620298083747338537970191625266146202981,0.73457458129862320,0.734574581298623201907723868913742956041597752563596958065407,0.734574581298623201907723868913742956041597752563596958065408,0.00072078427946067529,0.000720784279460675293103570829995617503627560938330811862426,0.000720784279460675293103570829995617503627560938330811862427,18/289,0.00071626297577854671,0.000716262975778546712802768166089965397923875432525951557093,0.000716262975778546712802768166089965397923875432525951557094,0 <= lambda <= 1/4; canonical P12,equal_weight_three_axis_cone,True,False
3/250,0.012,1/10,3101/4226,0.73379081874112636,0.733790818741126360624704212020823473734027449124467581637482,0.733790818741126360624704212020823473734027449124467581637483,0.73454314777604044,0.734543147776040444860803712802249249078883158793521108620533,0.734543147776040444860803712802249249078883158793521108620534,0.00075232903491408424,0.000752329034914084236099500781425775344855709669053526983051,0.000752329034914084236099500781425775344855709669053526983052,18/289,0.00074740484429065744,0.000747404844290657439446366782006920415224913494809688581314,0.000747404844290657439446366782006920415224913494809688581315,0 <= lambda <= 1/4; canonical P12,equal_weight_three_axis_cone,True,False
1/80,0.0125,1/10,124/169,0.73372781065088757,0.733727810650887573964497041420118343195266272189349112426035,0.733727810650887573964497041420118343195266272189349112426036,0.73451170173692545,0.734511701736925449448891517621373446408452623654878349240264,0.734511701736925449448891517621373446408452623654878349240265,0.00078389108603787548,0.000783891086037875484394476201255103213186351465529236814228,0.000783891086037875484394476201255103213186351465529236814229,18/289,0.00077854671280276817,0.000778546712802768166089965397923875432525951557093425605536,0.000778546712802768166089965397923875432525951557093425605537,0 <= lambda <= 1/4; canonical P12,equal_weight_three_axis_cone,True,False
13/1000,0.013,1/10,1033/1408,0.73366477272727273,0.733664772727272727272727272727272727272727272727272727272727,0.733664772727272727272727272727272727272727272727272727272728,0.73448024317257336,0.734480243172573359295488447886133242843863619637780768335292,0.734480243172573359295488447886133242843863619637780768335293,0.00081547044530063202,0.000815470445300632022761175158860515571136346910508041062564,0.000815470445300632022761175158860515571136346910508041062565,18/289,0.00080968858131487889,0.000809688581314878892733564013840830449826989619377162629757,0.000809688581314878892733564013840830449826989619377162629758,0 <= lambda <= 1/4; canonical P12,equal_weight_three_axis_cone,True,False
27/2000,0.0135,1/10,3098/4223,0.73360170494908833,0.733601704949088325834714657826189912384560738811271607861709,0.733601704949088325834714657826189912384560738811271607861710,0.73444877207427061,0.734448772074270612154011389674682515537640692727073668919423,0.734448772074270612154011389674682515537640692727073668919424,0.00084706712518228632,0.000847067125182286319296731848492603153079953915802061057714,0.000847067125182286319296731848492603153079953915802061057715,18/289,0.00084083044982698962,0.000840830449826989619377162629757785467128027681660899653979,0.000840830449826989619377162629757785467128027681660899653980,0 <= lambda <= 1/4; canonical P12,equal_weight_three_axis_cone,True,False
7/500,0.014,1/10,3097/4222,0.73353860729512080,0.733538607295120795831359545239223117006158218853623874940786,0.733538607295120795831359545239223117006158218853623874940787,0.73441728843329493,0.734417288433294928511869875086408743774014010459002963334285,0.734417288433294928511869875086408743774014010459002963334286,0.00087868113817413268,0.000878681138174132680510329847185626767855791605379088393498,0.000878681138174132680510329847185626767855791605379088393499,18/289,0.00087197231833910035,0.000871972318339100346020761245674740484429065743944636678200,0.000871972318339100346020761245674740484429065743944636678201,0 <= lambda <= 1/4; canonical P12,equal_weight_three_axis_cone,True,False
29/2000,0.0145,1/10,344/469,0.73347547974413646,0.733475479744136460554371002132196162046908315565031982942430,0.733475479744136460554371002132196162046908315565031982942431,0.73438579224091530,0.734385792240915300176073843481272381457956300752200209192843,0.734385792240915300176073843481272381457956300752200209192844,0.00091031249677883962,0.000910312496778839621702841349076219411047985187168226250413,0.000910312496778839621702841349076219411047985187168226250414,18/289,0.00090311418685121107,0.000903114186851211072664359861591695501730103806228373702422,0.000903114186851211072664359861591695501730103806228373702423,0 <= lambda <= 1/4; canonical P12,equal_weight_three_axis_cone,True,False
3/200,0.015,1/10,619/844,0.73341232227488152,0.733412322274881516587677725118483412322274881516587677725118,0.733412322274881516587677725118483412322274881516587677725119,0.73435428348839198,0.734354283488391978840336512529184715852791936334421496067376,0.734354283488391978840336512529184715852791936334421496067377,0.00094196121351046225,0.000941961213510462252658787410701303530517054817833818342257,0.000941961213510462252658787410701303530517054817833818342258,18/289,0.00093425605536332180,0.000934256055363321799307958477508650519031141868512110726643,0.000934256055363321799307958477508650519031141868512110726644,0 <= lambda <= 1/4; canonical P12,equal_weight_three_axis_cone,True,False
31/2000,0.0155,1/10,3094/4219,0.73334913486608201,0.733349134866082009954965631666271628347949751125859208343209,0.733349134866082009954965631666271628347949751125859208343210,0.73432276216697646,0.734322762166976464633636551722715028125513261609044923684735,0.734322762166976464633636551722715028125513261609044923684736,0.00097362730089445468,0.000973627300894454678670920056443399777563510483185715341525,0.000973627300894454678670920056443399777563510483185715341526,18/289,0.00096539792387543253,0.000965397923875432525951557093425605536332179930795847750865,0.000965397923875432525951557093425605536332179930795847750866,0 <= lambda <= 1/4; canonical P12,equal_weight_three_axis_cone,True,False
2/125,0.016,1/10,1031/1406,0.73328591749644381,0.733285917496443812233285917496443812233285917496443812233285,0.733285917496443812233285917496443812233285917496443812233286,0.73429122826791149,0.734291228267911494650203670424645899207738787931184870660887,0.734291228267911494650203670424645899207738787931184870660888,0.0010053107714676824,0.001005310771467682416917752928202086974452870434741058427601,0.001005310771467682416917752928202086974452870434741058427602,18/289,0.00099653979238754325,0.000996539792387543252595155709342560553633217993079584775086,0.000996539792387543252595155709342560553633217993079584775087,0 <= lambda <= 1/4; canonical P12,equal_weight_three_axis_cone,True,False
33/2000,0.0165,1/10,3092/4217,0.73322267014465260,0.733222670144652596632677258714726108608015176665876215318947,0.733222670144652596632677258714726108608015176665876215318948,0.73425968178243103,0.734259681782431031460891651733262427088374174196334825613420,0.734259681782431031460891651733262427088374174196334825613421,0.0010370116377784348,0.001037011637778434828214393018536318480358997530458610294473,0.001037011637778434828214393018536318480358997530458610294474,18/289,0.0010276816608996540,0.001027681660899653979238754325259515570934256055363321799307,0.001027681660899653979238754325259515570934256055363321799308,0 <= lambda <= 1/4; canonical P12,equal_weight_three_axis_cone,True,False
17/1000,0.017,1/10,3091/4216,0.73315939278937381,0.733159392789373814041745730550284629981024667931688804554079,0.733159392789373814041745730550284629981024667931688804554080,0.73422812270176025,0.734228122701760251605902782452170182679416365999415013653507,0.734228122701760251605902782452170182679416365999415013653508,0.0010687299123864376,0.001068729912386437564157051901885552698391698067726209099427,0.001068729912386437564157051901885552698391698067726209099428,18/289,0.0010588235294117647,0.001058823529411764705882352941176470588235294117647058823529,0.001058823529411764705882352941176470588235294117647058823530,0 <= lambda <= 1/4; canonical P12,equal_weight_three_axis_cone,True,False
7/400,0.0175,1/10,206/281,0.73309608540925267,0.733096085409252669039145907473309608540925266903914590747330,0.733096085409252669039145907473309608540925266903914590747331,0.73419655101711553,0.734196551017115534068827548247289262928733022213239920003275,0.734196551017115534068827548247289262928733022213239920003276,0.0011004656078628650,0.001100465607862865029681640773979654387807755309325329255944,0.001100465607862865029681640773979654387807755309325329255945,18/289,0.0010899653979238754,0.001089965397923875432525951557093425605536332179930795847750,0.001089965397923875432525951557093425605536332179930795847751,0 <= lambda <= 1/4; canonical P12,equal_weight_three_axis_cone,True,False
9/500,0.018,1/10,3089/4214,0.73303274798291410,0.733032747982914095870906502135738016136687233032747982914095,0.733032747982914095870906502135738016136687233032747982914096,0.73416496671970445,0.734164966719704448731963381660867215580167433711287148968747,0.734164966719704448731963381660867215580167433711287148968748,0.0011322187367903529,0.001132218736790352861056879525129199443480200678539166054651,0.001132218736790352861056879525129199443480200678539166054652,18/289,0.0011211072664359862,0.001121107266435986159169550173010380622837370242214532871972,0.001121107266435986159169550173010380622837370242214532871973,0 <= lambda <= 1/4; canonical P12,equal_weight_three_axis_cone,True,False
37/2000,0.0185,1/10,3088/4213,0.73296938048896273,0.732969380488962734393543793021599810111559458817944457631141,0.732969380488962734393543793021599810111559458817944457631142,0.73413336980072574,0.734133369800725744812876169030289398426074582577644587966301,0.734133369800725744812876169030289398426074582577644587966302,0.0011639893117630104,0.001163989311763010419332376008689588314515123759700130335159,0.001163989311763010419332376008689588314515123759700130335160,18/289,0.0011522491349480969,0.001152249134948096885813148788927335640138408304498269896193,0.001152249134948096885813148788927335640138408304498269896194,0 <= lambda <= 1/4; canonical P12,equal_weight_three_axis_cone,True,False
19/1000,0.019,1/10,343/468,0.73290598290598291,0.732905982905982905982905982905982905982905982905982905982905,0.732905982905982905982905982905982905982905982905982905982906,0.73410176025136934,0.734101760251369339282168140527537053635149242125231051072234,0.734101760251369339282168140527537053635149242125231051072235,0.0011957773453864333,0.001195777345386433299262157621554147652243259219248145089328,0.001195777345386433299262157621554147652243259219248145089329,18/289,0.0011833910034602076,0.001183391003460207612456747404844290657439446366782006920415,0.001183391003460207612456747404844290657439446366782006920416,0 <= lambda <= 1/4; canonical P12,equal_weight_three_axis_cone,True,False
39/2000,0.0195,1/10,3086/4211,0.73284255521253859,0.732842555212538589408691522203752077891237235810971265732605,0.732842555212538589408691522203752077891237235810971265732606,0.73407013806281631,0.734070138062816305262415685492744642582134268659756655517000,0.734070138062816305262415685492744642582134268659756655517001,0.0012275828502777159,0.001227582850277715853724163288992564690897032848785389784395,0.001227582850277715853724163288992564690897032848785389784396,18/289,0.0012145328719723183,0.001214532871972318339100346020761245674740484429065743944636,0.001214532871972318339100346020761245674740484429065743944637,0 <= lambda <= 1/4; canonical P12,equal_weight_three_axis_cone,True,False
1/50,0.02,1/10,617/842,0.73277909738717340,0.732779097387173396674584323040380047505938242280285035629453,0.732779097387173396674584323040380047505938242280285035629454,0.73403850322623886,0.734038503226238860408240552981830470768232047945288996490729,0.734038503226238860408240552981830470768232047945288996490730,0.0012594058390654637,0.001259405839065463733656229941450423262293805665003960861275,0.001259405839065463733656229941450423262293805665003960861276,18/289,0.0012456747404844291,0.001245674740484429065743944636678200692041522491349480968858,0.001245674740484429065743944636678200692041522491349480968859,0 <= lambda <= 1/4; canonical P12,equal_weight_three_axis_cone,True,False
41/2000,0.0205,1/10,1028/1403,0.73271560940841055,0.732715609408410548823948681397006414825374198146828225231646,0.732715609408410548823948681397006414825374198146828225231647,0.73400685573280036,0.734006855732800355267477814983008055648923045805094109955014,0.734006855732800355267477814983008055648923045805094109955015,0.0012912463243898064,0.001291246324389806443529133586001640823548847658265884723367,0.001291246324389806443529133586001640823548847658265884723368,18/289,0.0012768166089965398,0.001276816608996539792387543252595155709342560553633217993079,0.001276816608996539792387543252595155709342560553633217993080,0 <= lambda <= 1/4; canonical P12,equal_weight_three_axis_cone,True,False
21/1000,0.021,1/10,3083/4208,0.73265209125475285,0.732652091254752851711026615969581749049429657794676806083650,0.732652091254752851711026615969581749049429657794676806083651,0.73397519557365526,0.733975195573655261623403887079517812869780267750989474348379,0.733975195573655261623403887079517812869780267750989474348380,0.0013231043189024099,0.001323104318902409912377271109936063820350609956312668264729,0.001323104318902409912377271109936063820350609956312668264730,18/289,0.0013079584775086505,0.001307958477508650519031141868512110726643598615916955017301,0.001307958477508650519031141868512110726643598615916955017302,0 <= lambda <= 1/4; canonical P12,equal_weight_three_axis_cone,True,False
43/2000,0.0215,1/10,3082/4207,0.73258854290468267,0.732588542904682671737580223437128595198478725932968861421440,0.732588542904682671737580223437128595198478725932968861421441,0.73394352273994916,0.733943522739949160817987818445535252666416123250211163410984,0.733943522739949160817987818445535252666416123250211163410985,0.0013549798352664891,0.001354979835266489080407595008406657467937397317242301989543,0.001354979835266489080407595008406657467937397317242301989544,18/289,0.0013391003460207612,0.001339100346020761245674740484429065743944636678200692041522,0.001339100346020761245674740484429065743944636678200692041523,0 <= lambda <= 1/4; canonical P12,equal_weight_three_axis_cone,True,False
11/500,0.022,1/10,1027/1402,0.73252496433666191,0.732524964336661911554921540656205420827389443651925820256776,0.732524964336661911554921540656205420827389443651925820256777,0.73391183722281873,0.733911837222818732056128979958296808908306614389790583297279,0.733911837222818732056128979958296808908306614389790583297280,0.0013868728861568205,0.001386872886156820501207439302091388080917170737864763040503,0.001386872886156820501207439302091388080917170737864763040504,18/289,0.0013702422145328720,0.001370242214532871972318339100346020761245674740484429065743,0.001370242214532871972318339100346020761245674740484429065744,0 <= lambda <= 1/4; canonical P12,equal_weight_three_axis_cone,True,False
9/400,0.0225,1/10,616/841,0.73246135552913199,0.732461355529131985731272294887039239001189060642092746730083,0.732461355529131985731272294887039239001189060642092746730084,0.73388013901339174,0.733880139013391740690844195891419509163725699751198009391761,0.733880139013391740690844195891419509163725699751198009391762,0.0014187834842597550,0.001418783484259754959571901004380270162536639109105262661677,0.001418783484259754959571901004380270162536639109105262661678,18/289,0.0014013840830449827,0.001401384083044982698961937716262975778546712802768166089965,0.001401384083044982698961937716262975778546712802768166089966,0 <= lambda <= 1/4; canonical P12,equal_weight_three_axis_cone,True,False
23/1000,0.023,1/10,3079/4204,0.73239771646051380,0.732397716460513796384395813510941960038058991436726926736441,0.732397716460513796384395813510941960038058991436726926736442,0.73384842810278703,0.733848428102787026489367281121555788751444311214486222531520,0.733848428102787026489367281121555788751444311214486222531521,0.0014507116422732301,0.001450711642273230104971467610613828713385319777759295795079,0.001450711642273230104971467610613828713385319777759295795080,18/289,0.0014325259515570934,0.001432525951557093425605536332179930795847750865051903114186,0.001432525951557093425605536332179930795847750865051903114187,0 <= lambda <= 1/4; canonical P12,equal_weight_three_axis_cone,True,False
47/2000,0.0235,1/10,342/467,0.73233404710920771,0.732334047109207708779443254817987152034261241970021413276231,0.732334047109207708779443254817987152034261241970021413276232,0.73381670448211449,0.733816704482114491880123862032297714327328377018212076391993,0.733816704482114491880123862032297714327328377018212076391994,0.0014826573729067831,0.001482657372906783100680607214310562293067135048190663115762,0.001482657372906783100680607214310562293067135048190663115763,18/289,0.0014636678200692042,0.001463667820069204152249134948096885813148788927335640138408,0.001463667820069204152249134948096885813148788927335640138409,0 <= lambda <= 1/4; canonical P12,equal_weight_three_axis_cone,True,False
3/125,0.024,1/10,3077/4202,0.73227034745359353,0.732270347453593526891956211327939076630176106615897191813422,0.732270347453593526891956211327939076630176106615897191813423,0.73378496814247509,0.733784968142475090180544275335001571167445908860446763348591,0.733784968142475090180544275335001571167445908860446763348592,0.0015146206888815633,0.001514620688881563288588064007062494537269802244549571535169,0.001514620688881563288588064007062494537269802244549571535170,18/289,0.0014948096885813149,0.001494809688581314878892733564013840830449826989619377162629,0.001494809688581314878892733564013840830449826989619377162630,0 <= lambda <= 1/4; canonical P12,equal_weight_three_axis_cone,True,False
49/2000,0.0245,1/10,3076/4201,0.73220661747203047,0.732206617472030468935967626755534396572244703641990002380385,0.732206617472030468935967626755534396572244703641990002380386,0.73375321907496081,0.733753219074960813805677254845318032645052529750981961730407,0.733753219074960813805677254845318032645052529750981961730408,0.0015466016029303449,0.001546601602930344869709628089783636072807826108991959350021,0.001546601602930344869709628089783636072807826108991959350022,18/289,0.0015259515570934256,0.001525951557093425605536332179930795847750865051903114186851,0.001525951557093425605536332179930795847750865051903114186852,0 <= lambda <= 1/4; canonical P12,equal_weight_three_axis_cone,True,False
1/40,0.025,1/10,41/56,0.73214285714285714,0.732142857142857142857142857142857142857142857142857142857142,0.732142857142857142857142857142857142857142857142857142857143,0.73372145727065468,0.733721457270654682457567031856056804695723726959831998034512,0.733721457270654682457567031856056804695723726959831998034513,0.0015786001277975396,0.001578600127797539600424174713199661838580869816974855177369,0.001578600127797539600424174713199661838580869816974855177370,18/289,0.0015570934256055363,0.001557093425605536332179930795847750865051903114186851211072,0.001557093425605536332179930795847750865051903114186851211073,0 <= lambda <= 1/4; canonical P12,equal_weight_three_axis_cone,True,False
51/2000,0.0255,1/10,3074/4199,0.73207906644439152,0.732079066444391521790902595856156227673255537032626815908549,0.732079066444391521790902595856156227673255537032626815908550,0.73368968272063073,0.733689682720630731295356390130957533975149340125413496093572,0.733689682720630731295356390130957533975149340125413496093573,0.0016106162762392095,0.001610616276239209504453794274801306301893803092786680185022,0.001610616276239209504453794274801306301893803092786680185023,18/289,0.0015882352941176471,0.001588235294117647058823529411764705882352941176470588235294,0.001588235294117647058823529411764705882352941176470588235295,0 <= lambda <= 1/4; canonical P12,equal_weight_three_axis_cone,True,False
13/500,0.026,1/10,3073/4198,0.73201524535493092,0.732015245354930919485469271081467365412101000476417341591233,0.732015245354930919485469271081467365412101000476417341591234,0.73365789541595400,0.733657895415953999086078131709348667841499236622538344302658,0.733657895415953999086078131709348667841499236622538344302659,0.0016426500610230796,0.001642650061023079600608860627881302429398236146121002711424,0.001642650061023079600608860627881302429398236146121002711425,18/289,0.0016193771626297578,0.001619377162629757785467128027681660899653979238754325259515,0.001619377162629757785467128027681660899653979238754325259516,0 <= lambda <= 1/4; canonical P12,equal_weight_three_axis_cone,True,False
53/2000,0.0265,1/10,1024/1399,0.73195139385275197,0.731951393852751965689778413152251608291636883488205861329521,0.731951393852751965689778413152251608291636883488205861329522,0.73362609534768052,0.733626095347680516336097324657918602204768859721043060345998,0.733626095347680516336097324657918602204768859721043060345999,0.0016747014949285506,0.001674701494928550646318911505666993913131976232837199016477,0.001674701494928550646318911505666993913131976232837199016478,18/289,0.0016505190311418685,0.001650519031141868512110726643598615916955017301038062283737,0.001650519031141868512110726643598615916955017301038062283738,0 <= lambda <= 1/4; canonical P12,equal_weight_three_axis_cone,True,False
27/1000,0.027,1/10,3071/4196,0.73188751191611058,0.731887511916110581506196377502383222116301239275500476644423,0.731887511916110581506196377502383222116301239275500476644424,0.73359428250685729,0.733594282506857293403166618632262550490035441646300143084457,0.733594282506857293403166618632262550490035441646300143084458,0.0017067705907467119,0.001706770590746711896970241129879328373734202370799666440033,0.001706770590746711896970241129879328373734202370799666440034,18/289,0.0016816608996539792,0.001681660899653979238754325259515570934256055363321799307958,0.001681660899653979238754325259515570934256055363321799307959,0 <= lambda <= 1/4; canonical P12,equal_weight_three_axis_cone,True,False
11/400,0.0275,1/10,614/839,0.73182359952324195,0.731823599523241954707985697258641239570917759237187127532777,0.731823599523241954707985697258641239570917759237187127532778,0.73356245688452231,0.733562456884522308589056828616865762870870599237451614963916,0.733562456884522308589056828616865762870870599237451614963917,0.0017388573612803539,0.001738857361280353881071131358224523299952840000264487431139,0.001738857361280353881071131358224523299952840000264487431140,18/289,0.0017128027681660900,0.001712802768166089965397923875432525951557093425605536332179,0.001712802768166089965397923875432525951557093425605536332180,0 <= lambda <= 1/4; canonical P12,equal_weight_three_axis_cone,True,False
7/250,0.028,1/10,341/466,0.73175965665236052,0.731759656652360515021459227467811158798283261802575107296137,0.731759656652360515021459227467811158798283261802575107296138,0.73353061847170450,0.733530618471704496212724901497098610280773650731556759765831,0.733530618471704496212724901497098610280773650731556759765832,0.0017709618193439812,0.001770961819343981191265674029287451482490388928981652469694,0.001770961819343981191265674029287451482490388928981652469695,18/289,0.0017439446366782007,0.001743944636678200692041522491349480968858131487889273356401,0.001743944636678200692041522491349480968858131487889273356402,0 <= lambda <= 1/4; canonical P12,equal_weight_three_axis_cone,True,False
57/2000,0.0285,1/10,3068/4193,0.73169568328165991,0.731695683281659909372764130694013832578106367755783448604817,0.731695683281659909372764130694013832578106367755783448604818,0.73349876725942373,0.733498767259423734663981294179989147267420044414532336717961,0.733498767259423734663981294179989147267420044414532336717962,0.0018030839777638253,0.001803083977763825291217163485975314689313676658748888113143,0.001803083977763825291217163485975314689313676658748888113144,18/289,0.0017750865051903114,0.001775086505190311418685121107266435986159169550173010380622,0.001775086505190311418685121107266435986159169550173010380623,0 <= lambda <= 1/4; canonical P12,equal_weight_three_axis_cone,True,False
29/1000,0.029,1/10,3067/4192,0.73163167938931298,0.731631679389312977099236641221374045801526717557251908396946,0.731631679389312977099236641221374045801526717557251908396947,0.73346690323869083,0.733466903238690834437618705821359532975774287036130728524826,0.733466903238690834437618705821359532975774287036130728524827,0.0018352238493778573,0.001835223849377857338382064599985487174247569478878820127880,0.001835223849377857338382064599985487174247569478878820127881,18/289,0.0018062283737024221,0.001806228373702422145328719723183391003460207612456747404844,0.001806228373702422145328719723183391003460207612456747404845,0 <= lambda <= 1/4; canonical P12,equal_weight_three_axis_cone,True,False
59/2000,0.0295,1/10,1022/1397,0.73156764495347173,0.731567644953471725125268432355046528274874731567644953471725,0.731567644953471725125268432355046528274874731567644953471726,0.73343502640050753,0.733435026400507526147964020334717491228858991331412846855868,0.733435026400507526147964020334717491228858991331412846855869,0.0018673814470358010,0.001867381447035801022695587979670962953984259763767893384143,0.001867381447035801022695587979670962953984259763767893384144,18/289,0.0018373702422145329,0.001837370242214532871972318339100346020761245674740484429065,0.001837370242214532871972318339100346020761245674740484429066,0 <= lambda <= 1/4; canonical P12,equal_weight_three_axis_cone,True,False
3/100,0.03,1/10,613/838,0.73150357995226730,0.731503579952267303102625298329355608591885441527446300715990,0.731503579952267303102625298329355608591885441527446300715991,0.73340313673586645,0.733403136735866448523815228751434111568170330140625685154677,0.733403136735866448523815228751434111568170330140625685154678,0.0018995567835991454,0.001899556783599145421189930422078502976284888613179384438687,0.001899556783599145421189930422078502976284888613179384438688,18/289,0.0018685121107266436,0.001868512110726643598615916955017301038062283737024221453287,0.001868512110726643598615916955017301038062283737024221453288,0 <= lambda <= 1/4; canonical P12,equal_weight_three_axis_cone,True,False
61/2000,0.0305,1/10,3064/4189,0.73143948436380998,0.731439484363809978515158749104798281212699928383862497015994,0.731439484363809978515158749104798281212699928383862497015995,0.73337123423575114,0.733371234235751136383725014171563920505215202086106697687733,0.733371234235751136383725014171563920505215202086106697687734,0.0019317498719411579,0.001931749871941157868566265066765639292515273702244200671739,0.001931749871941157868566265066765639292515273702244200671740,18/289,0.0018996539792387543,0.001899653979238754325259515570934256055363321799307958477508,0.001899653979238754325259515570934256055363321799307958477509,0 <= lambda <= 1/4; canonical P12,equal_weight_three_axis_cone,True,False
31/1000,0.031,1/10,1021/1396,0.73137535816618911,0.731375358166189111747851002865329512893982808022922636103151,0.731375358166189111747851002865329512893982808022922636103152,0.73333931889113601,0.733339318891136008591592594989519370500436841400278131022598,0.733339318891136008591592594989519370500436841400278131022599,0.0019639607249468968,0.001963960724946896843741592124189857606454033377355494919446,0.001963960724946896843741592124189857606454033377355494919447,18/289,0.0019307958477508651,0.001930795847750865051903114186851211072664359861591695501730,0.001930795847750865051903114186851211072664359861591695501731,0 <= lambda <= 1/4; canonical P12,equal_weight_three_axis_cone,True,False
63/2000,0.0315,1/10,3062/4187,0.73131120133747313,0.731311201337473131120133747313112013374731311201337473131120,0.731311201337473131120133747313112013374731311201337473131121,0.73330739069298636,0.733307390692986355992525334798044677325588168980465573713150,0.733307390692986355992525334798044677325588168980465573713151,0.0019961893555132249,0.001996189355513224872391587484932663950856857779128100582030,0.001996189355513224872391587484932663950856857779128100582031,18/289,0.0019619377162629758,0.001961937716262975778546712802768166089965397923875432525951,0.001961937716262975778546712802768166089965397923875432525952,0 <= lambda <= 1/4; canonical P12,equal_weight_three_axis_cone,True,False
4/125,0.032,1/10,3061/4186,0.73124701385570951,0.731247013855709507883420926899187768752986144290492116579073,0.731247013855709507883420926899187768752986144290492116579074,0.73327544963225833,0.733275449632258329328931539866886140599293766276603618959312,0.733275449632258329328931539866886140599293766276603618959313,0.0020284357765488214,0.002028435776548821445510612967698371846307621986111502380239,0.002028435776548821445510612967698371846307621986111502380240,18/289,0.0019930795847750865,0.001993079584775086505190311418685121107266435986159169550173,0.001993079584775086505190311418685121107266435986159169550174,0 <= lambda <= 1/4; canonical P12,equal_weight_three_axis_cone,True,False
13/400,0.0325,1/10,68/93,0.73118279569892473,0.731182795698924731182795698924731182795698924731182795698924,0.731182795698924731182795698924731182795698924731182795698925,0.73324349569989893,0.733243495699898927136805777358568438120623807589123345654376,0.733243495699898927136805777358568438120623807589123345654377,0.0020607000009741960,0.002060700000974195954010078433837255324924882857940549955451,0.002060700000974195954010078433837255324924882857940549955452,18/289,0.0020242214532871972,0.002024221453287197231833910034602076124567474048442906574394,0.002024221453287197231833910034602076124567474048442906574395,0 <= lambda <= 1/4; canonical P12,equal_weight_three_axis_cone,True,False
33/1000,0.033,1/10,3059/4184,0.73111854684512428,0.731118546845124282982791586998087954110898661567877629063097,0.731118546845124282982791586998087954110898661567877629063098,0.73321152888684598,0.733211528886845983622167959482097489898343349469414179760079,0.733211528886845983622167959482097489898343349469414179760080,0.0020929820417217006,0.002092982041721700639376372484009535787444687901536550696982,0.002092982041721700639376372484009535787444687901536550696983,18/289,0.0020553633217993080,0.002055363321799307958477508650519031141868512110726643598615,0.002055363321799307958477508650519031141868512110726643598616,0 <= lambda <= 1/4; canonical P12,equal_weight_three_axis_cone,True,False
67/2000,0.0335,1/10,3058/4183,0.73105426727229261,0.731054267272292612957207745637102557972746832416925651446330,0.731054267272292612957207745637102557972746832416925651446331,0.73317954918402816,0.733179549184028156517617350595556799660187959221600889402323,0.733179549184028156517617350595556799660187959221600889402324,0.0021252819117355436,0.002125281911735543560409604958454241687441126804675237955992,0.002125281911735543560409604958454241687441126804675237955993,18/289,0.0020865051903114187,0.002086505190311418685121107266435986159169550173010380622837,0.002086505190311418685121107266435986159169550173010380622838,0 <= lambda <= 1/4; canonical P12,equal_weight_three_axis_cone,True,False
17/500,0.034,1/10,1019/1394,0.73098995695839311,0.730989956958393113342898134863701578192252510760401721664275,0.730989956958393113342898134863701578192252510760401721664276,0.73314755658236491,0.733147556582364914918962565849780009124307175081545974641833,0.733147556582364914918962565849780009124307175081545974641834,0.0021575996239718016,0.002157599623971801576064430986078430932054664321144252977558,0.002157599623971801576064430986078430932054664321144252977559,18/289,0.0021176470588235294,0.002117647058823529411764705882352941176470588235294117647058,0.002117647058823529411764705882352941176470588235294117647059,0 <= lambda <= 1/4; canonical P12,equal_weight_three_axis_cone,True,False
69/2000,0.0345,1/10,3056/4181,0.73092561588136809,0.730925615881368093757474288447739775173403491987562784022961,0.730925615881368093757474288447739775173403491987562784022962,0.73311555107276653,0.733115551072766527101888541316899896594184128280055948431923,0.733115551072766527101888541316899896594184128280055948431924,0.0021899351913984333,0.002189935191398433344414252869160121420780636292493164408962,0.002189935191398433344414252869160121420780636292493164408963,18/289,0.0021487889273356401,0.002148788927335640138408304498269896193771626297577854671280,0.002148788927335640138408304498269896193771626297577854671281,0 <= lambda <= 1/4; canonical P12,equal_weight_three_axis_cone,True,False
7/200,0.035,1/10,611/836,0.73086124401913876,0.730861244019138755980861244019138755980861244019138755980861,0.730861244019138755980861244019138755980861244019138755980862,0.73308353264613405,0.733083532646134048318621366668923206164322450231249397569154,0.733083532646134048318621366668923206164322450231249397569155,0.0022222886269952923,0.002222288626995292337760122649784450183461206212110641588293,0.002222288626995292337760122649784450183461206212110641588294,18/289,0.0021799307958477509,0.002179930795847750865051903114186851211072664359861591695501,0.002179930795847750865051903114186851211072664359861591695502,0 <= lambda <= 1/4; canonical P12,equal_weight_three_axis_cone,True,False
71/2000,0.0355,1/10,1018/1393,0.73079684134960517,0.730796841349605168700646087580760947595118449389806173725771,0.730796841349605168700646087580760947595118449389806173725772,0.73305150129335931,0.733051501293359308574551782361889325449715171853822913709554,0.733051501293359308574551782361889325449715171853822913709555,0.0022546599437541399,0.002254659943754139873905694781128377854596722464016739983782,0.002254659943754139873905694781128377854596722464016739983783,18/289,0.0022110726643598616,0.002211072664359861591695501730103806228373702422145328719723,0.002211072664359861591695501730103806228373702422145328719724,0 <= lambda <= 1/4; canonical P12,equal_weight_three_axis_cone,True,False
9/250,0.036,1/10,3053/4178,0.73073240785064624,0.730732407850646242221158449018669219722355193872666347534705,0.730732407850646242221158449018669219722355193872666347534706,0.73301945700532490,0.733019457005324900384778053939964577780348896587668558144013,0.733019457005324900384778053939964577780348896587668558144014,0.0022870491546786582,0.002287049154678658163619604921295358057993702715002210609307,0.002287049154678658163619604921295358057993702715002210609308,18/289,0.0022422145328719723,0.002242214532871972318339100346020761245674740484429065743944,0.002242214532871972318339100346020761245674740484429065743945,0 <= lambda <= 1/4; canonical P12,equal_weight_three_axis_cone,True,False
73/2000,0.0365,1/10,3052/4177,0.73066794350011970,0.730667943500119703136222169020828345702657409624132152262389,0.730667943500119703136222169020828345702657409624132152262390,0.73298739977290417,0.732987399772904166510528846500326212017656863305095253867413,0.732987399772904166510528846500326212017656863305095253867414,0.0023194562727844634,0.002319456272784463374306677479497866314999453680963101605023,0.002319456272784463374306677479497866314999453680963101605024,18/289,0.0022733564013840830,0.002273356401384083044982698961937716262975778546712802768166,0.002273356401384083044982698961937716262975778546712802768167,0 <= lambda <= 1/4; canonical P12,equal_weight_three_axis_cone,True,False
37/1000,0.037,1/10,339/464,0.73060344827586207,0.730603448275862068965517241379310344827586206896551724137931,0.730603448275862068965517241379310344827586206896551724137932,0.73295532958696119,0.732955329586961187675426632553222317822031495187204269395901,0.732955329586961187675426632553222317822031495187204269395902,0.0023518813110991187,0.002351881311099118709909391173911972994445288290652545257970,0.002351881311099118709909391173911972994445288290652545257971,18/289,0.0023044982698961938,0.002304498269896193771626297577854671280276816608996539792387,0.002304498269896193771626297577854671280276816608996539792388,0 <= lambda <= 1/4; canonical P12,equal_weight_three_axis_cone,True,False
3/80,0.0375,1/10,122/167,0.73053892215568862,0.730538922155688622754491017964071856287425149700598802395209,0.730538922155688622754491017964071856287425149700598802395210,0.73292324643835077,0.732923246438350770261552076471474922254304265928508209375123,0.732923246438350770261552076471474922254304265928508209375124,0.0023843242826621475,0.002384324282662147507061058507403065966879116227909406979914,0.002384324282662147507061058507403065966879116227909406979915,18/289,0.0023356401384083045,0.002335640138408304498269896193771626297577854671280276816608,0.002335640138408304498269896193771626297577854671280276816609,0 <= lambda <= 1/4; canonical P12,equal_weight_three_axis_cone,True,False
19/500,0.038,1/10,3049/4174,0.73047436511739339,0.730474365117393387637757546717776712985146142788691902252036,0.730474365117393387637757546717776712985146142788691902252037,0.73289115031791843,0.732891150317918433985269748449240280751788355071332603622723,0.732891150317918433985269748449240280751788355071332603622724,0.0024167852005250463,0.002416785200525046347512201731463567766642212282640701370687,0.002416785200525046347512201731463567766642212282640701370688,18/289,0.0023667820069204152,0.002366782006920415224913494809688581314878892733564013840830,0.002366782006920415224913494809688581314878892733564013840831,0 <= lambda <= 1/4; canonical P12,equal_weight_three_axis_cone,True,False
77/2000,0.0385,1/10,1016/1391,0.73040977713874910,0.730409777138749101365923795830337886412652767792954708842559,0.730409777138749101365923795830337886412652767792954708842560,0.73285904121650040,0.732859041216500399552775430380367489411260881229899022977440,0.732859041216500399552775430380367489411260881229899022977441,0.0024492640777512982,0.002449264077751298186851634550029602998608113436944314134881,0.002449264077751298186851634550029602998608113436944314134882,18/289,0.0023979238754325260,0.002397923875432525951557093425605536332179930795847750865051,0.002397923875432525951557093425605536332179930795847750865052,0 <= lambda <= 1/4; canonical P12,equal_weight_three_axis_cone,True,False
39/1000,0.039,1/10,3047/4172,0.73034515819750719,0.730345158197507190795781399808245445829338446788111217641418,0.730345158197507190795781399808245445829338446788111217641419,0.73282691912492358,0.732826919124923576295325185321516417755219217149863547403318,0.732826919124923576295325185321516417755219217149863547403319,0.0024817609274163855,0.002481760927416385499543785513270971925880770361752329761899,0.002481760927416385499543785513270971925880770361752329761900,18/289,0.0024290657439446367,0.002429065743944636678200692041522491349480968858131487889273,0.002429065743944636678200692041522491349480968858131487889274,0 <= lambda <= 1/4; canonical P12,equal_weight_three_axis_cone,True,False
79/2000,0.0395,1/10,3046/4171,0.73028050827139775,0.730280508271397746343802445456725005993766482857827859026612,0.730280508271397746343802445456725005993766482857827859026613,0.73279478403400555,0.732794784034005549784106271223618759408958644071399294013632,0.732794784034005549784106271223618759408958644071399294013633,0.0025142757626078034,0.002514275762607803440303825766893753415192161213571434987020,0.002514275762607803440303825766893753415192161213571434987021,18/289,0.0024602076124567474,0.002460207612456747404844290657439446366782006920415224913494,0.002460207612456747404844290657439446366782006920415224913495,0 <= lambda <= 1/4; canonical P12,equal_weight_three_axis_cone,True,False
1/25,0.04,1/10,203/278,0.73021582733812950,0.730215827338129496402877697841726618705035971223021582733812,0.730215827338129496402877697841726618705035971223021582733813,0.73276263593455457,0.732762635934554569424709888396599648084697364486076186517179,0.732762635934554569424709888396599648084697364486076186517180,0.0025468085964250730,0.002546808596425073021832190554873029379661393263054603783366,0.002546808596425073021832190554873029379661393263054603783367,18/289,0.0024913494809688581,0.002491349480968858131487889273356401384083044982698961937716,0.002491349480968858131487889273356401384083044982698961937717,0 <= lambda <= 1/4; canonical P12,equal_weight_three_axis_cone,True,False
81/2000,0.0405,1/10,3044/4169,0.73015111537538978,0.730151115375389781722235548093067881986087790837131206524346,0.730151115375389781722235548093067881986087790837131206524347,0.73273047481736954,0.732730474817369536031165658715827463707488527880869786654297,0.732730474817369536031165658715827463707488527880869786654298,0.0025793594419797543,0.002579359441979754308930110622759581721400737043738580129951,0.002579359441979754308930110622759581721400737043738580129952,18/289,0.0025224913494809689,0.002522491349480968858131487889273356401384083044982698961937,0.002522491349480968858131487889273356401384083044982698961938,0 <= lambda <= 1/4; canonical P12,equal_weight_three_axis_cone,True,False
41/1000,0.041,1/10,3043/4168,0.73008637236084453,0.730086372360844529750479846449136276391554702495201535508637,0.730086372360844529750479846449136276391554702495201535508638,0.73269830067323999,0.732698300673239989379497642883829576176317533881818535586394,0.732698300673239989379497642883829576176317533881818535586395,0.0026119283123954596,0.002611928312395459629017796434693299784762831386617000077757,0.002611928312395459629017796434693299784762831386617000077758,18/289,0.0025536332179930796,0.002553633217993079584775086505190311418685121107266435986159,0.002553633217993079584775086505190311418685121107266435986160,0 <= lambda <= 1/4; canonical P12,equal_weight_three_axis_cone,True,False
83/2000,0.0415,1/10,338/463,0.73002159827213823,0.730021598272138228941684665226781857451403887688984881209503,0.730021598272138228941684665226781857451403887688984881209504,0.73266611349294610,0.732666113492946095740761610126702993805246926847496736356850,0.732666113492946095740761610126702993805246926847496736356851,0.0026445152208078668,0.002644515220807866799076944899921136353843039158511855147347,0.002644515220807866799076944899921136353843039158511855147348,18/289,0.0025847750865051903,0.002584775086505190311418685121107266435986159169550173010380,0.002584775086505190311418685121107266435986159169550173010381,0 <= lambda <= 1/4; canonical P12,equal_weight_three_axis_cone,True,False
21/500,0.042,1/10,3041/4166,0.72995679308689390,0.729956793086893903024483917426788286125780124819971195391262,0.729956793086893903024483917426788286125780124819971195391263,0.73263391326725864,0.732633913267258635393523182530660077421653857106987661697825,0.732633913267258635393523182530660077421653857106987661697826,0.0026771201803647324,0.002677120180364732369039265103871791295873732287016466306563,0.002677120180364732369039265103871791295873732287016466306564,18/289,0.0026159169550173010,0.002615916955017301038062283737024221453287197231833910034602,0.002615916955017301038062283737024221453287197231833910034603,0 <= lambda <= 1/4; canonical P12,equal_weight_three_axis_cone,True,False
17/400,0.0425,1/10,608/833,0.72989195678271309,0.729891956782713085234093637454981992797118847539015606242496,0.729891956782713085234093637454981992797118847539015606242497,0.73260169998693899,0.732601699986938990115736383809577244575934601814032858414640,0.732601699986938990115736383809577244575934601814032858414641,0.0027097432042259049,0.002709743204225904881642746354595251778815754275017252172143,0.002709743204225904881642746354595251778815754275017252172144,18/289,0.0026470588235294118,0.002647058823529411764705882352941176470588235294117647058823,0.002647058823529411764705882352941176470588235294117647058824,0 <= lambda <= 1/4; canonical P12,equal_weight_three_axis_cone,True,False
43/1000,0.043,1/10,1013/1388,0.72982708933717579,0.729827089337175792507204610951008645533141210374639769452449,0.729827089337175792507204610951008645533141210374639769452450,0.73256947364273913,0.732569473642739130655982029638553226009958933723818320624999,0.732569473642739130655982029638553226009958933723818320625000,0.0027423843055633381,0.002742384305563338148777418687544580476817723349178551172549,0.002742384305563338148777418687544580476817723349178551172550,18/289,0.0026782006920415225,0.002678200692041522491349480968858131487889273356401384083044,0.002678200692041522491349480968858131487889273356401384083045,0 <= lambda <= 1/4; canonical P12,equal_weight_three_axis_cone,True,False
87/2000,0.0435,1/10,3038/4163,0.72976219072784050,0.729762190727840499639682920970453999519577227960605332692769,0.729762190727840499639682920970453999519577227960605332692770,0.73253723422540160,0.732537234225401604184025303790624954414060232862662893832391,0.732537234225401604184025303790624954414060232862662893832392,0.0027750434975611045,0.002775043497561104544342382820170954894483004902057561139621,0.002775043497561104544342382820170954894483004902057561139622,18/289,0.0027093425605536332,0.002709342560553633217993079584775086505190311418685121107266,0.002709342560553633217993079584775086505190311418685121107267,0 <= lambda <= 1/4; canonical P12,equal_weight_three_axis_cone,True,False
11/250,0.044,1/10,3037/4162,0.72969726093224411,0.729697260932244113407015857760691975012013455069678039404132,0.729697260932244113407015857760691975012013455069678039404133,0.73250498172565952,0.732504981725659521720651771173223262617582559591170872131634,0.732504981725659521720651771173223262617582559591170872131635,0.0028077207934154083,0.002807720793415408313635913412531287605569104521492832727501,0.002807720793415408313635913412531287605569104521492832727502,18/289,0.0027404844290657439,0.002740484429065743944636678200692041522491349480968858131487,0.002740484429065743944636678200692041522491349480968858131488,0 <= lambda <= 1/4; canonical P12,equal_weight_three_axis_cone,True,False
89/2000,0.0445,1/10,1012/1387,0.72963229992790195,0.729632299927901946647440519105984138428262436914203316510454,0.729632299927901946647440519105984138428262436914203316510455,0.73247271613423655,0.732472716134236545546740985476964628551590677874493590315096,0.732472716134236545546740985476964628551590677874493590315097,0.0028404162063345989,0.002840416206334598899300466370980490123328240960290273804642,0.002840416206334598899300466370980490123328240960290273804643,18/289,0.0027716262975778547,0.002771626297577854671280276816608996539792387543252595155709,0.002771626297577854671280276816608996539792387543252595155710,0 <= lambda <= 1/4; canonical P12,equal_weight_three_axis_cone,True,False
9/200,0.045,1/10,607/832,0.72956730769230769,0.729567307692307692307692307692307692307692307692307692307692,0.729567307692307692307692307692307692307692307692307692307693,0.73244043744184688,0.732440437441846876591536755521254287943423688708802039778080,0.732440437441846876591536755521254287943423688708802039778081,0.0028731297495391843,0.002873129749539184283844447828946595635731381016494347470388,0.002873129749539184283844447828946595635731381016494347470389,18/289,0.0028027681660899654,0.002802768166089965397923875432525951557093425605536332179930,0.002802768166089965397923875432525951557093425605536332179931,0 <= lambda <= 1/4; canonical P12,equal_weight_three_axis_cone,True,False
91/2000,0.0455,1/10,3034/4159,0.72950228420293340,0.729502284202933397451310411156528011541235874008175042077422,0.729502284202933397451310411156528011541235874008175042077423,0.73240814563919524,0.732408145639195241800073040508202871272592662689586893245778,0.732408145639195241800073040508202871272592662689586893245779,0.0029058614362618443,0.002905861436261844348762629351674859731356788681411851168355,0.002905861436261844348762629351674859731356788681411851168356,18/289,0.0028339100346020761,0.002833910034602076124567474048442906574394463667820069204152,0.002833910034602076124567474048442906574394463667820069204153,0 <= lambda <= 1/4; canonical P12,equal_weight_three_axis_cone,True,False
23/500,0.046,1/10,337/462,0.72943722943722944,0.729437229437229437229437229437229437229437229437229437229437,0.729437229437229437229437229437229437229437229437229437229438,0.73237584071697688,0.732375840716976881479714350277813697365459373451581445158051,0.732375840716976881479714350277813697365459373451581445158052,0.0029386112797474443,0.002938611279747444250277120840584260136022144014352007928614,0.002938611279747444250277120840584260136022144014352007928615,18/289,0.0028650519031141869,0.002865051903114186851211072664359861591695501730103806228373,0.002865051903114186851211072664359861591695501730103806228374,0 <= lambda <= 1/4; canonical P12,equal_weight_three_axis_cone,True,False
93/2000,0.0465,1/10,3032/4157,0.72937214337262449,0.729372143372624488814048592735145537647341833052682222756795,0.729372143372624488814048592735145537647341833052682222756796,0.73234352266587754,0.732343522665877536625769432292559011872950157268939007534871,0.732343522665877536625769432292559011872950157268939007534872,0.0029713792932530478,0.002971379293253047811720839557413474225608324216256784778075,0.002971379293253047811720839557413474225608324216256784778076,18/289,0.0028961937716262976,0.002896193771626297577854671280276816608996539792387543252595,0.002896193771626297577854671280276816608996539792387543252596,0 <= lambda <= 1/4; canonical P12,equal_weight_three_axis_cone,True,False
47/1000,0.047,1/10,3031/4156,0.72930702598652551,0.729307025986525505293551491819056785370548604427333974975938,0.729307025986525505293551491819056785370548604427333974975939,0.73231119147657344,0.732311191476573436226136932467606477483818835891458357499701,0.732311191476573436226136932467606477483818835891458357499702,0.0030041654900479309,0.003004165490047930932585440648549692113270231464124382523763,0.003004165490047930932585440648549692113270231464124382523764,18/289,0.0029273356401384083,0.002927335640138408304498269896193771626297577854671280276816,0.002927335640138408304498269896193771626297577854671280276817,0 <= lambda <= 1/4; canonical P12,equal_weight_three_axis_cone,True,False
19/400,0.0475,1/10,202/277,0.72924187725631769,0.729241877256317689530685920577617328519855595667870036101083,0.729241877256317689530685920577617328519855595667870036101084,0.73227884713973128,0.732278847139731284544941622103355421317440448773101657859966,0.732278847139731284544941622103355421317440448773101657859967,0.0030369698834135950,0.003036969883413595014255701525738092797584853105231621758883,0.003036969883413595014255701525738092797584853105231621758884,18/289,0.0029584775086505190,0.002958477508650519031141868512110726643598615916955017301038,0.002958477508650519031141868512110726643598615916955017301039,0 <= lambda <= 1/4; canonical P12,equal_weight_three_axis_cone,True,False
6/125,0.048,1/10,3029/4154,0.72917669715936447,0.729176697159364467982667308618199325950890707751564756860857,0.729176697159364467982667308618199325950890707751564756860858,0.73224648964600825,0.732246489646008248385119688068866666780017180779340552176513,0.732246489646008248385119688068866666780017180779340552176514,0.0030697924866437804,0.003069792486643780402452379450667340829126473027775795315656,0.003069792486643780402452379450667340829126473027775795315657,18/289,0.0029896193771626298,0.002989619377162629757785467128027681660899653979238754325259,0.002989619377162629757785467128027681660899653979238754325260,0 <= lambda <= 1/4; canonical P12,equal_weight_three_axis_cone,True,False
97/2000,0.0485,1/10,3028/4153,0.72911148567300746,0.729111485673007464483505899349867565615217914760414158439682,0.729111485673007464483505899349867565615217914760414158439683,0.73221411898605194,0.732214118986051944329911488027488783016062843916706940345057,0.732214118986051944329911488027488783016062843916706940345058,0.0031026333130444798,0.003102633313044479846405588677621217400844929156292781905375,0.003102633313044479846405588677621217400844929156292781905376,18/289,0.0030207612456747405,0.003020761245674740484429065743944636678200692041522491349480,0.003020761245674740484429065743944636678200692041522491349481,0 <= lambda <= 1/4; canonical P12,equal_weight_three_axis_cone,True,False
49/1000,0.049,1/10,1009/1384,0.72904624277456647,0.729046242774566473988439306358381502890173410404624277456647,0.729046242774566473988439306358381502890173410404624277456648,0.73218173515050043,0.732181735150500425963220076888763444634728537118946691824545,0.732181735150500425963220076888763444634728537118946691824546,0.0031354923759339520,0.003135492375933951974780770530381941744555126714322414367898,0.003135492375933951974780770530381941744555126714322414367899,18/289,0.0030519031141868512,0.003051903114186851211072664359861591695501730103806228373702,0.003051903114186851211072664359861591695501730103806228373703,0 <= lambda <= 1/4; canonical P12,equal_weight_three_axis_cone,True,False
99/2000,0.0495,1/10,3026/4151,0.72898096844133944,0.728980968441339436280414357986027463261864610937123584678390,0.728980968441339436280414357986027463261864610937123584678391,0.73214933812998217,0.732149338129982171068793714812797077665511373925855009078046,0.732149338129982171068793714812797077665511373925855009078047,0.0031683696886427348,0.003168369688642734788379356826769614403646762988731424399655,0.003168369688642734788379356826769614403646762988731424399656,18/289,0.0030830449826989619,0.003083044982698961937716262975778546712802768166089965397923,0.003083044982698961937716262975778546712802768166089965397924,0 <= lambda <= 1/4; canonical P12,equal_weight_three_axis_cone,True,False
1/20,0.05,1/10,121/166,0.72891566265060241,0.728915662650602409638554216867469879518072289156626506024096,0.728915662650602409638554216867469879518072289156626506024097,0.73211692791511607,0.732116927915116068808190470983976436433928974042860597895383,0.732116927915116068808190470983976436433928974042860597895384,0.0032012652645136592,0.003201265264513659169636254116506556915856684886234091871287,0.003201265264513659169636254116506556915856684886234091871288,18/289,0.0031141868512110727,0.003114186851211072664359861591695501730103806228373702422145,0.003114186851211072664359861591695501730103806228373702422146,0 <= lambda <= 1/4; canonical P12,equal_weight_three_axis_cone,True,False
101/2000,0.0505,1/10,336/461,0.72885032537960954,0.728850325379609544468546637744034707158351409978308026030368,0.728850325379609544468546637744034707158351409978308026030369,0.73208450449651141,0.732084504496511406877482941009441155021235766455470807029196,0.732084504496511406877482941009441155021235766455470807029197,0.0032341791169018624,0.003234179116901862408936303265406447862884356477162780998827,0.003234179116901862408936303265406447862884356477162780998828,18/289,0.0031453287197231834,0.003145328719723183391003460207612456747404844290657439446366,0.003145328719723183391003460207612456747404844290657439446367,0 <= lambda <= 1/4; canonical P12,equal_weight_three_axis_cone,True,False
51/1000,0.051,1/10,3023/4148,0.72878495660559306,0.728784956605593056894889103182256509161041465766634522661523,0.728784956605593056894889103182256509161041465766634522661524,0.73205206786476786,0.732052067864767858642660999183363165304612790719356478768651,0.732052067864767858642660999183363165304612790719356478768652,0.0032671112591748017,0.003267111259174801747771896001106656143571324952721956107127,0.003267111259174801747771896001106656143571324952721956107128,18/289,0.0031764705882352941,0.003176470588235294117647058823529411764705882352941176470588,0.003176470588235294117647058823529411764705882352941176470589,0 <= lambda <= 1/4; canonical P12,equal_weight_three_axis_cone,True,False
103/2000,0.0515,1/10,3022/4147,0.72871955630576320,0.728719556305763202314926452857487340245960935616108029901133,0.728719556305763202314926452857487340245960935616108029901134,0.73201961801047547,0.732019618010475470253690409990075256000171431655484149431703,0.732019618010475470253690409990075256000171431655484149431704,0.0033000617047122679,0.003300061704712267938763957132587915754210496039376119530569,0.003300061704712267938763957132587915754210496039376119530570,18/289,0.0032076124567474048,0.003207612456747404844290657439446366782006920415224913494809,0.003207612456747404844290657439446366782006920415224913494810,0 <= lambda <= 1/4; canonical P12,equal_weight_three_axis_cone,True,False
13/250,0.052,1/10,1007/1382,0.72865412445730825,0.728654124457308248914616497829232995658465991316931982633863,0.728654124457308248914616497829232995658465991316931982633864,0.73198715492421465,0.731987154924214647737185026096690605232518472457772610409812,0.731987154924214647737185026096690605232518472457772610409813,0.0033330304669063988,0.003333030466906398822568528267457609574052481140840627775948,0.003333030466906398822568528267457609574052481140840627775949,18/289,0.0032387543252595156,0.003238754325259515570934256055363321799307958477508650519031,0.003238754325259515570934256055363321799307958477508650519032,0 <= lambda <= 1/4; canonical P12,equal_weight_three_axis_cone,True,False
21/400,0.0525,1/10,604/829,0.72858866103739445,0.728588661037394451145958986731001206272617611580217129071170,0.728588661037394451145958986731001206272617611580217129071171,0.73195467859655614,0.731954678596556144067650202708311042560272501679016947338342,0.731954678596556144067650202708311042560272501679016947338343,0.0033660175591616929,0.003366017559161692921691215977309836287654890098799818267172,0.003366017559161692921691215977309836287654890098799818267173,18/289,0.0032698961937716263,0.003269896193771626297577854671280276816608996539792387543252,0.003269896193771626297577854671280276816608996539792387543253,0 <= lambda <= 1/4; canonical P12,equal_weight_three_axis_cone,True,False
53/1000,0.053,1/10,3019/4144,0.72852316602316602,0.728523166023166023166023166023166023166023166023166023166023,0.728523166023166023166023166023166023166023166023166023166024,0.73192218901806105,0.731922189018061046217254960525480813937286495075315130765062,0.731922189018061046217254960525480813937286495075315130765063,0.0033990229948950231,0.003399022994895023051231794502314790771263329052149107599039,0.003399022994895023051231794502314790771263329052149107599040,18/289,0.0033010380622837370,0.003301038062283737024221453287197231833910034602076124567474,0.003301038062283737024221453287197231833910034602076124567475,0 <= lambda <= 1/4; canonical P12,equal_weight_three_axis_cone,True,False
107/2000,0.0535,1/10,1006/1381,0.72845763939174511,0.728457639391745112237509051412020275162925416364952932657494,0.728457639391745112237509051412020275162925416364952932657495,0.73188968617928076,0.731889686179280762184090331653448993966881363475234576738676,0.731889686179280762184090331653448993966881363475234576738677,0.0034320467875356499,0.003432046787535649946581280241428718803955947110281644081181,0.003432046787535649946581280241428718803955947110281644081182,18/289,0.0033321799307958478,0.003332179930795847750865051903114186851211072664359861591695,0.003332179930795847750865051903114186851211072664359861591696,0 <= lambda <= 1/4; canonical P12,equal_weight_three_axis_cone,True,False
27/500,0.054,1/10,3017/4142,0.72839208112023177,0.728392081120231772090777402221149203283437952679864799613713,0.728392081120231772090777402221149203283437952679864799613714,0.73185717007075701,0.731857170070757007998871224665299194630921001731314969973532,0.731857170070757007998871224665299194630921001731314969973533,0.0034650889505252359,0.003465088950525235908093822444149991347483049051450170359819,0.003465088950525235908093822444149991347483049051450170359820,18/289,0.0033633217993079585,0.003363321799307958477508650519031141868512110726643598615916,0.003363321799307958477508650519031141868512110726643598615917,0 <= lambda <= 1/4; canonical P12,equal_weight_three_axis_cone,True,False
109/2000,0.0545,1/10,3016/4141,0.72832649118570394,0.728326491185703936247283264911857039362472832649118570393624,0.728326491185703936247283264911857039362472832649118570393625,0.73182464068302179,0.731824640683021794710039046615329151564504599565624610106614,0.731824640683021794710039046615329151564504599565624610106615,0.0034981494973178585,0.003498149497317858462755781703472112202031766916506039712989,0.003498149497317858462755781703472112202031766916506039712990,18/289,0.0033944636678200692,0.003394463667820069204152249134948096885813148788927335640138,0.003394463667820069204152249134948096885813148788927335640139,0 <= lambda <= 1/4; canonical P12,equal_weight_three_axis_cone,True,False
11/200,0.055,1/10,67/92,0.72826086956521739,0.728260869565217391304347826086956521739130434782608695652173,0.728260869565217391304347826086956521739130434782608695652174,0.73179209800659742,0.731792098006597415347222221134451924540664475060446208806894,0.731792098006597415347222221134451924540664475060446208806895,0.0035312284413800240,0.003531228441380024042874395047495402801534040277837513154720,0.003531228441380024042874395047495402801534040277837513154721,18/289,0.0034256055363321799,0.003425605536332179930795847750865051903114186851211072664359,0.003425605536332179930795847750865051903114186851211072664360,0 <= lambda <= 1/4; canonical P12,equal_weight_three_axis_cone,True,False
111/2000,0.0555,1/10,3014/4139,0.72819521623580575,0.728195216235805750181203189176129499879197873882580333413868,0.728195216235805750181203189176129499879197873882580333413869,0.73175954203199643,0.731759542031996431863011642815079119280615737082521976738273,0.731759542031996431863011642815079119280615737082521976738274,0.0035643257961906817,0.003564325796190681681808453638949619401417863199941643324405,0.003564325796190681681808453638949619401417863199941643324406,18/289,0.0034567474048442907,0.003456747404844290657439446366782006920415224913494809688581,0.003456747404844290657439446366782006920415224913494809688582,0 <= lambda <= 1/4; canonical P12,equal_weight_three_axis_cone,True,False
7/125,0.056,1/10,3013/4138,0.72812953117448043,0.728129531174480425326244562590623489608506524891251812469792,0.728129531174480425326244562590623489608506524891251812469793,0.73172697274972166,0.731726972749721662053008008908166499633667605288455581092789,0.731726972749721662053008008908166499633667605288455581092790,0.0035974415752412367,0.003597441575241236726763446317543010025161080397203768622997,0.003597441575241236726763446317543010025161080397203768622998,18/289,0.0034878892733564014,0.003487889273356401384083044982698961937716262975778546712802,0.003487889273356401384083044982698961937716262975778546712803,0 <= lambda <= 1/4; canonical P12,equal_weight_three_axis_cone,True,False
113/2000,0.0565,1/10,1004/1379,0.72806381435823060,0.728063814358230601885424220449601160261058738216098622189992,0.728063814358230601885424220449601160261058738216098622189993,0.73169439015026617,0.731694390150266166454097869909082865582441436978227120943468,0.731694390150266166454097869909082865582441436978227120943469,0.0036305757920355646,0.003630575792035564568673649459481705321382698762128498753475,0.003630575792035564568673649459481705321382698762128498753476,18/289,0.0035190311418685121,0.003519031141868512110726643598615916955017301038062283737024,0.003519031141868512110726643598615916955017301038062283737025,0 <= lambda <= 1/4; canonical P12,equal_weight_three_axis_cone,True,False
57/1000,0.057,1/10,3011/4136,0.72799806576402321,0.727998065764023210831721470019342359767891682785299806576402,0.727998065764023210831721470019342359767891682785299806576403,0.73166179422411324,0.731661794224113235220915140900930843697765989137720394430430,0.731661794224113235220915140900930843697765989137720394430431,0.0036637284600900244,0.003663728460090024389193670881588483929874306352420587854028,0.003663728460090024389193670881588483929874306352420587854029,18/289,0.0035501730103806228,0.003550173010380622837370242214532871972318339100346020761245,0.003550173010380622837370242214532871972318339100346020761246,0 <= lambda <= 1/4; canonical P12,equal_weight_three_axis_cone,True,False
23/400,0.0575,1/10,602/827,0.72793228536880290,0.727932285368802902055622732769044740024183796856106408706166,0.727932285368802902055622732769044740024183796856106408706167,0.73162918496173637,0.731629184961736374980444715553127450983421816767759500162960,0.731629184961736374980444715553127450983421816767759500162961,0.0036968995929334729,0.003696899592933472924821982784082710959238019911653091456793,0.003696899592933472924821982784082710959238019911653091456794,18/289,0.0035813148788927336,0.003581314878892733564013840830449826989619377162629757785467,0.003581314878892733564013840830449826989619377162629757785468,0 <= lambda <= 1/4; canonical P12,equal_weight_three_axis_cone,True,False
29/500,0.058,1/10,1003/1378,0.72786647314949202,0.727866473149492017416545718432510885341074020319303338171262,0.727866473149492017416545718432510885341074020319303338171263,0.73159656235359930,0.731596562353599295664724724438664577830266676610154862042044,0.731596562353599295664724724438664577830266676610154862042045,0.0037300892041072782,0.003730089204107278248179006006153692489192656290851523870781,0.003730089204107278248179006006153692489192656290851523870782,18/289,0.0036124567474048443,0.003612456747404844290657439446366782006920415224913494809688,0.003612456747404844290657439446366782006920415224913494809689,0 <= lambda <= 1/4; canonical P12,equal_weight_three_axis_cone,True,False
117/2000,0.0585,1/10,3008/4133,0.72780062908299056,0.727800629082990563755141543672876844906847326397290104040648,0.727800629082990563755141543672876844906847326397290104040649,0.73156392639015590,0.731563926390155897321603878834733958059963244453297806312767,0.731563926390155897321603878834733958059963244453297806312768,0.0037632973071653336,0.003763297307165333566462335161857113153115918056007702272119,0.003763297307165333566462335161857113153115918056007702272120,18/289,0.0036435986159169550,0.003643598615916955017301038062283737024221453287197231833910,0.003643598615916955017301038062283737024221453287197231833911,0 <= lambda <= 1/4; canonical P12,equal_weight_three_axis_cone,True,False
59/1000,0.059,1/10,3007/4132,0.72773475314617619,0.727734753146176185866408518877057115198451113262342691190706,0.727734753146176185866408518877057115198451113262342691190707,0.73153127706185026,0.731531277061850256903510240407534251237905791112983674401053,0.731531277061850256903510240407534251237905791112983674401054,0.0037965239156740710,0.003796523915674071037101721530477136039454677850640983210346,0.003796523915674071037101721530477136039454677850640983210347,18/289,0.0036747404844290657,0.003674740484429065743944636678200692041522491349480968858131,0.003674740484429065743944636678200692041522491349480968858132,0 <= lambda <= 1/4; canonical P12,equal_weight_three_axis_cone,True,False
119/2000,0.0595,1/10,334/459,0.72766884531590414,0.727668845315904139433551198257080610021786492374727668845315,0.727668845315904139433551198257080610021786492374727668845316,0.73149861435911662,0.731498614359116615034187656152293473171693759875565408535582,0.731498614359116615034187656152293473171693759875565408535583,0.0038297690432124756,0.003829769043212475600636457895212863149907267500837739690266,0.003829769043212475600636457895212863149907267500837739690267,18/289,0.0037058823529411765,0.003705882352941176470588235294117647058823529411764705882352,0.003705882352941176470588235294117647058823529411764705882353,0 <= lambda <= 1/4; canonical P12,equal_weight_three_axis_cone,True,False
3/50,0.06,1/10,601/826,0.72760290556900726,0.727602905569007263922518159806295399515738498789346246973365,0.727602905569007263922518159806295399515738498789346246973366,0.73146593827237936,0.731465938272379362753355996663049505190693662656604245804576,0.731465938272379362753355996663049505190693662656604245804577,0.0038630327033720988,0.003863032703372098830837836856754105674955163867257998831211,0.003863032703372098830837836856754105674955163867257998831212,18/289,0.0037370242214532872,0.003737024221453287197231833910034602076124567474048442906574,0.003737024221453287197231833910034602076124567474048442906575,0 <= lambda <= 1/4; canonical P12,equal_weight_three_axis_cone,True,False
121/2000,0.0605,1/10,3004/4129,0.72753693388229596,0.727536933882295955437151852748849600387503027367401307822717,0.727536933882295955437151852748849600387503027367401307822718,0.73143324879205303,0.731433248792053028239251234242743524263488684571044196328141,0.731433248792053028239251234242743524263488684571044196328142,0.0038963149097570728,0.003896314909757072802099381493893923875985657203642888505424,0.003896314909757072802099381493893923875985657203642888505425,18/289,0.0037681660899653979,0.003768166089965397923875432525951557093425605536332179930795,0.003768166089965397923875432525951557093425605536332179930796,0 <= lambda <= 1/4; canonical P12,equal_weight_three_axis_cone,True,False
61/1000,0.061,1/10,1001/1376,0.72747093023255814,0.727470930232558139534883720930232558139534883720930232558139,0.727470930232558139534883720930232558139534883720930232558140,0.73140054590854226,0.731400545908542263509001295531902050118675950999484861743802,0.731400545908542263509001295531902050118675950999484861743803,0.0039296156759841240,0.003929615675984123974117574601669491979141067278554629185662,0.003929615675984123974117574601669491979141067278554629185663,18/289,0.0037993079584775087,0.003799307958477508650519031141868512110726643598615916955017,0.003799307958477508650519031141868512110726643598615916955018,0 <= lambda <= 1/4; canonical P12,equal_weight_three_axis_cone,True,False
123/2000,0.0615,1/10,3002/4127,0.72740489459655924,0.727404894596559244002907681124303368063968984734674097407317,0.727404894596559244002907681124303368063968984734674097407318,0.73136782961224183,0.731367829612241831096793521232816411735569370537789406999478,0.731367829612241831096793521232816411735569370537789406999479,0.0039629350156825871,0.003962935015682587093885840108513043671600385803115309592161,0.003962935015682587093885840108513043671600385803115309592162,18/289,0.0038304498269896194,0.003830449826989619377162629757785467128027681660899653979238,0.003830449826989619377162629757785467128027681660899653979239,0 <= lambda <= 1/4; canonical P12,equal_weight_three_axis_cone,True,False
31/500,0.062,1/10,3001/4126,0.72733882695104217,0.727338826951042171594764905477460009694619486185167232186136,0.727338826951042171594764905477460009694619486185167232186137,0.73133509989353659,0.731335099893536590709789463134874677406275861059080704498336,0.731335099893536590709789463134874677406275861059080704498337,0.0039962729424944191,0.003996272942494419115024557657414667711656374873913472312199,0.003996272942494419115024557657414667711656374873913472312200,18/289,0.0038615916955017301,0.003861591695501730103806228373702422145328719723183391003460,0.003861591695501730103806228373702422145328719723183391003461,0 <= lambda <= 1/4; canonical P12,equal_weight_three_axis_cone,True,False
1/16,0.0625,1/10,8/11,0.72727272727272727,0.727272727272727272727272727272727272727272727272727272727272,0.727272727272727272727272727272727272727272727272727272727273,0.73130235674280149,0.731302356742801485861742646004758718156194078498843330329590,0.731302356742801485861742646004758718156194078498843330329591,0.0040296294700742131,0.004029629470074213134469918732031445428921351226116057602318,0.004029629470074213134469918732031445428921351226116057602319,18/289,0.0038927335640138408,0.003892733564013840830449826989619377162629757785467128027681,0.003892733564013840830449826989619377162629757785467128027682,0 <= lambda <= 1/4; canonical P12,equal_weight_three_axis_cone,True,False
63/1000,0.063,1/10,2999/4124,0.72720659553831232,0.727206595538312318137730358874878758486905916585838991270611,0.727206595538312318137730358874878758486905916585838991270612,0.73126960015040153,0.731269600150401530484274818991783686780068665946902957066708,0.731269600150401530484274818991783686780068665946902957066709,0.0040630046120892123,0.004063004612089212346544460116904928293162749361063965796096,0.004063004612089212346544460116904928293162749361063965796097,18/289,0.0039238754325259516,0.003923875432525951557093425605536332179930795847750865051903,0.003923875432525951557093425605536332179930795847750865051904,0 <= lambda <= 1/4; canonical P12,equal_weight_three_axis_cone,True,False
127/2000,0.0635,1/10,2998/4123,0.72714043172447247,0.727140431724472471501333980111569245694882367208343439243269,0.727140431724472471501333980111569245694882367208343439243270,0.73123683010669180,0.731236830106691795515766118012921742659789253431050649963446,0.731236830106691795515766118012921742659789253431050649963447,0.0040963983822193240,0.004096398382219324014432137901352496964906886222707210720176,0.004096398382219324014432137901352496964906886222707210720177,18/289,0.0039550173010380623,0.003955017301038062283737024221453287197231833910034602076124,0.003955017301038062283737024221453287197231833910034602076125,0 <= lambda <= 1/4; canonical P12,equal_weight_three_axis_cone,True,False
8/125,0.064,1/10,333/458,0.72707423580786026,0.727074235807860262008733624454148471615720524017467248908296,0.727074235807860262008733624454148471615720524017467248908297,0.73120404660201740,0.731204046602017395467814457123206620218945141865069833361208,0.731204046602017395467814457123206620218945141865069833361209,0.0041298107941571335,0.004129810794157133459080832669058148603224617847602584452911,0.004129810794157133459080832669058148603224617847602584452912,18/289,0.0039861591695501730,0.003986159169550173010380622837370242214532871972318339100346,0.003986159169550173010380622837370242214532871972318339100347,0 <= lambda <= 1/4; canonical P12,equal_weight_three_axis_cone,True,False
129/2000,0.0645,1/10,2996/4121,0.72700800776510556,0.727008007765105556903664159184663916525115263285610288764862,0.727008007765105556903664159184663916525115263285610288764863,0.73117124962671347,0.731171249626713474969219363144448236792390424330663956273088,0.731171249626713474969219363144448236792390424330663956273089,0.0041632418616079181,0.004163241861607918065555203959784320267275161045053667508225,0.004163241861607918065555203959784320267275161045053667508226,18/289,0.0040173010380622837,0.004017301038062283737024221453287197231833910034602076124567,0.004017301038062283737024221453287197231833910034602076124568,0 <= lambda <= 1/4; canonical P12,equal_weight_three_axis_cone,True,False
13/200,0.065,1/10,599/824,0.72694174757281553,0.726941747572815533980582524271844660194174757281553398058252,0.726941747572815533980582524271844660194174757281553398058253,0.73113843917110520,0.731138439171105195287445363817681890704491799844162221378503,0.731138439171105195287445363817681890704491799844162221378504,0.0041966915982896613,0.004196691598289661306862839545837230510317042562608823320250,0.004196691598289661306862839545837230510317042562608823320251,18/289,0.0040484429065743945,0.004048442906574394463667820069204152249134948096885813148788,0.004048442906574394463667820069204152249134948096885813148789,0 <= lambda <= 1/4; canonical P12,equal_weight_three_axis_cone,True,False
131/2000,0.0655,1/10,998/1373,0.72687545520757465,0.726875455207574654042243262927895120174799708667152221412964,0.726875455207574654042243262927895120174799708667152221412965,0.73110561522550772,0.731105615225507720827519935461716945968927603469689274470692,0.731105615225507720827519935461716945968927603469689274470693,0.0042301600179330668,0.004230160017933066785276672533821825794127894802537053057728,0.004230160017933066785276672533821825794127894802537053057729,18/289,0.0040795847750865052,0.004079584775086505190311418685121107266435986159169550173010,0.004079584775086505190311418685121107266435986159169550173011,0 <= lambda <= 1/4; canonical P12,equal_weight_three_axis_cone,True,False
33/500,0.066,1/10,2993/4118,0.72680913064594463,0.726809130645944633317144244779018941233608547838756677999028,0.726809130645944633317144244779018941233608547838756677999029,0.73107277778022621,0.731072777780226205608320911560714766623460732783042583207457,0.731072777780226205608320911560714766623460732783042583207458,0.0042636471342815723,0.004263647134281572291176666781695825389852184944285905208428,0.004263647134281572291176666781695825389852184944285905208429,18/289,0.0041107266435986159,0.004110726643598615916955017301038062283737024221453287197231,0.004110726643598615916955017301038062283737024221453287197232,0 <= lambda <= 1/4; canonical P12,equal_weight_three_axis_cone,True,False
133/2000,0.0665,1/10,2992/4117,0.72674277386446442,0.726742773864464415836774350255040077726499878552343939761962,0.726742773864464415836774350255040077726499878552343939761963,0.73103992682555578,0.731039926825555779716208148867091868711889890251117483405403,0.731039926825555779716208148867091868711889890251117483405404,0.0042971529610913639,0.004297152961091363879433798612051790985390011698773543643441,0.004297152961091363879433798612051790985390011698773543643442,18/289,0.0041418685121107266,0.004141868512110726643598615916955017301038062283737024221453,0.004141868512110726643598615916955017301038062283737024221454,0 <= lambda <= 1/4; canonical P12,equal_weight_three_axis_cone,True,False
67/1000,0.067,1/10,997/1372,0.72667638483965015,0.726676384839650145772594752186588921282798833819241982507288,0.726676384839650145772594752186588921282798833819241982507289,0.73100706235178154,0.731007062351781535735954142491385895912899031897345704229423,0.731007062351781535735954142491385895912899031897345704229424,0.0043306775121313900,0.004330677512131389963359390304796974630100198078103721722135,0.004330677512131389963359390304796974630100198078103721722136,18/289,0.0041730103806228374,0.004173010380622837370242214532871972318339100346020761245674,0.004173010380622837370242214532871972318339100346020761245675,0 <= lambda <= 1/4; canonical P12,equal_weight_three_axis_cone,True,False
27/400,0.0675,1/10,598/823,0.72660996354799514,0.726609963547995139732685297691373025516403402187120291616038,0.726609963547995139732685297691373025516403402187120291616039,0.73097418434917852,0.730974184349178515158928176057210457651124473145100677495614,0.730974184349178515158928176057210457651124473145100677495615,0.0043642208011833754,0.004364220801183375426242878365837432134721070957980385879575,0.004364220801183375426242878365837432134721070957980385879576,18/289,0.0042041522491349481,0.004204152249134948096885813148788927335640138408304498269896,0.004204152249134948096885813148788927335640138408304498269897,0 <= lambda <= 1/4; canonical P12,equal_weight_three_axis_cone,True,False
17/250,0.068,1/10,2989/4114,0.72654350996596986,0.726543509965969859017987360233349538162372386971317452600875,0.726543509965969859017987360233349538162372386971317452600876,0.73094129280801169,0.730941292808011694768488487326228715393538732747293488537705,0.730941292808011694768488487326228715393538732747293488537706,0.0043977828420418358,0.004397782842041835750501127092879177231166345775976035936830,0.004397782842041835750501127092879177231166345775976035936831,18/289,0.0042352941176470588,0.004235294117647058823529411764705882352941176470588235294117,0.004235294117647058823529411764705882352941176470588235294118,0 <= lambda <= 1/4; canonical P12,equal_weight_three_axis_cone,True,False
137/2000,0.0685,1/10,332/457,0.72647702407002188,0.726477024070021881838074398249452954048140043763676148796498,0.726477024070021881838074398249452954048140043763676148796499,0.73090838771853597,0.730908387718535973002536823744360730259477549501822832025677,0.730908387718535973002536823744360730259477549501822832025678,0.0044313636485140912,0.004431363648514091164462425494907776211337505738146683229178,0.004431363648514091164462425494907776211337505738146683229179,18/289,0.0042664359861591696,0.004266435986159169550173010380622837370242214532871972318339,0.004266435986159169550173010380622837370242214532871972318340,0 <= lambda <= 1/4; canonical P12,equal_weight_three_axis_cone,True,False
69/1000,0.069,1/10,2987/4112,0.72641050583657588,0.726410505836575875486381322957198443579766536964980544747081,0.726410505836575875486381322957198443579766536964980544747082,0.73087546907099616,0.730875469070996156293189656125369096898531816379199366745780,0.730875469070996156293189656125369096898531816379199366745781,0.0044649632344202808,0.004464963234420280806808333168170653318765279414218821998698,0.004464963234420280806808333168170653318765279414218821998699,18/289,0.0042975778546712803,0.004297577854671280276816608996539792387543252595155709342560,0.004297577854671280276816608996539792387543252595155709342561,0 <= lambda <= 1/4; canonical P12,equal_weight_three_axis_cone,True,False
139/2000,0.0695,1/10,2986/4111,0.72634395524203357,0.726343955242033568474823643882267088299683775237168572123570,0.726343955242033568474823643882267088299683775237168572123571,0.73084253685562695,0.730842536855626945383520212170701615915227428310541916132889,0.730842536855626945383520212170701615915227428310541916132890,0.0044985816135933769,0.004498581613593376908696568288434527615543653073373344009318,0.004498581613593376908696568288434527615543653073373344009319,18/289,0.0043287197231833910,0.004328719723183391003460207612456747404844290657439446366782,0.004328719723183391003460207612456747404844290657439446366783,0 <= lambda <= 1/4; canonical P12,equal_weight_three_axis_cone,True,False
7/100,0.07,1/10,199/274,0.72627737226277372,0.726277372262773722627737226277372262773722627737226277372262,0.726277372262773722627737226277372262773722627737226277372263,0.73080959106265292,0.730809591062652921621325384724166248192957049175733616141470,0.730809591062652921621325384724166248192957049175733616141471,0.0045322187998791990,0.004532218799879198993588158446793985419234421438507338769207,0.004532218799879198993588158446793985419234421438507338769208,18/289,0.0043598615916955017,0.004359861591695501730103806228373702422145328719723183391003,0.004359861591695501730103806228373702422145328719723183391004,0 <= lambda <= 1/4; canonical P12,equal_weight_three_axis_cone,True,False
141/2000,0.0705,1/10,2984/4109,0.72621075687515211,0.726210756875152105135069359941591628133365782428814796787539,0.726210756875152105135069359941591628133365782428814796787540,0.73077663168228853,0.730776631682288533229871462575827104550757032210240783495582,0.730776631682288533229871462575827104550757032210240783495583,0.0045658748071364281,0.004565874807136428094802102634235476417391249781425986708042,0.004565874807136428094802102634235476417391249781425986708043,18/289,0.0043910034602076125,0.004391003460207612456747404844290657439446366782006920415224,0.004391003460207612456747404844290657439446366782006920415225,0 <= lambda <= 1/4; canonical P12,equal_weight_three_axis_cone,True,False
71/1000,0.071,1/10,2983/4108,0.72614410905550146,0.726144109055501460564751703992210321324245374878286270691333,0.726144109055501460564751703992210321324245374878286270691334,0.73074365870473808,0.730743658704738081555572524260592705339189874556498786809008,0.730743658704738081555572524260592705339189874556498786809009,0.0045995496492366210,0.004599549649236620990820820268382384014944499678212516117674,0.004599549649236620990820820268382384014944499678212516117675,18/289,0.0044221453287197232,0.004422145328719723183391003460207612456747404844290657439446,0.004422145328719723183391003460207612456747404844290657439447,0 <= lambda <= 1/4; canonical P12,equal_weight_three_axis_cone,True,False
143/2000,0.0715,1/10,994/1369,0.72607742878013148,0.726077428780131482834185536888239590942293644996347699050401,0.726077428780131482834185536888239590942293644996347699050402,0.73071067212019571,0.730710672120195707292555227642468335530929187910670865785589,0.730710672120195707292555227642468335530929187910670865785590,0.0046332433400642245,0.004633243340064224458369690754228744588635542914323166735187,0.004633243340064224458369690754228744588635542914323166735188,18/289,0.0044532871972318339,0.004453287197231833910034602076124567474048442906574394463667,0.004453287197231833910034602076124567474048442906574394463668,0 <= lambda <= 1/4; canonical P12,equal_weight_three_axis_cone,True,False
9/125,0.072,1/10,2981/4106,0.72601071602532879,0.726010716025328787140769605455431076473453482708231855820750,0.726010716025328787140769605455431076473453482708231855820751,0.73067767191884538,0.730677671918845376684063620134509336609263639607995448979954,0.730677671918845376684063620134509336609263639607995448979955,0.0046669558935165895,0.004666955893516589543294014679078260135810156899763593159204,0.004666955893516589543294014679078260135810156899763593159205,18/289,0.0044844290657439446,0.004484429065743944636678200692041522491349480968858131487889,0.004484429065743944636678200692041522491349480968858131487890,0 <= lambda <= 1/4; canonical P12,equal_weight_three_axis_cone,True,False
29/400,0.0725,1/10,596/821,0.72594397076735688,0.725943970767356881851400730816077953714981729598051157125456,0.725943970767356881851400730816077953714981729598051157125457,0.73064465809086087,0.730644658090860867700657486176285098156178056763388032405476,0.730644658090860867700657486176285098156178056763388032405477,0.0047006873235039858,0.004700687323503985849256755360207144441196327165336875280019,0.004700687323503985849256755360207144441196327165336875280020,18/289,0.0045155709342560554,0.004515570934256055363321799307958477508650519031141868512110,0.004515570934256055363321799307958477508650519031141868512111,0 <= lambda <= 1/4; canonical P12,equal_weight_three_axis_cone,True,False
73/1000,0.073,1/10,331/456,0.72587719298245614,0.725877192982456140350877192982456140350877192982456140350877,0.725877192982456140350877192982456140350877192982456140350878,0.73061163062640576,0.730611630626405756195157640074284976227811223219663850197272,0.730611630626405756195157640074284976227811223219663850197273,0.0047344376439496158,0.004734437643949615844280447091828835876934030237207709846394,0.004734437643949615844280447091828835876934030237207709846395,18/289,0.0045467128027681661,0.004546712802768166089965397923875432525951557093425605536332,0.004546712802768166089965397923875432525951557093425605536333,0 <= lambda <= 1/4; canonical P12,equal_weight_three_axis_cone,True,False
147/2000,0.0735,1/10,2978/4103,0.72581038264684377,0.725810382646843772849134779429685595905435047526200341213746,0.725810382646843772849134779429685595905435047526200341213747,0.73057858951563340,0.730578589515633402034291463505305154412348912783800934935327,0.730578589515633402034291463505305154412348912783800934935328,0.0047682068687896292,0.004768206868789629185156684075619558506913865257600593721581,0.004768206868789629185156684075619558506913865257600593721582,18/289,0.0045778546712802768,0.004577854671280276816608996539792387543252595155709342560553,0.004577854671280276816608996539792387543252595155709342560554,0 <= lambda <= 1/4; canonical P12,equal_weight_three_axis_cone,True,False
37/500,0.074,1/10,2977/4102,0.72574353973671380,0.725743539736713798147245246221355436372501218917601170160897,0.725743539736713798147245246221355436372501218917601170160898,0.73054553474868694,0.730545534748686935206991877887584493794562030550809316730253,0.730545534748686935206991877887584493794562030550809316730254,0.0048019950119731371,0.004801995011973137059746631666229057422060811633208146569356,0.004801995011973137059746631666229057422060811633208146569357,18/289,0.0046089965397923875,0.004608996539792387543252595155709342560553633217993079584775,0.004608996539792387543252595155709342560553633217993079584776,0 <= lambda <= 1/4; canonical P12,equal_weight_three_axis_cone,True,False
149/2000,0.0745,1/10,992/1367,0.72567666422823702,0.725676664228237015362106803218727139722019019751280175566934,0.725676664228237015362106803218727139722019019751280175566935,0.73051246631569924,0.730512466315699241909302832438439731199624735701045129169425,0.730512466315699241909302832438439731199624735701045129169426,0.0048358020874622265,0.004835802087462226547196029219712591477605715949764953602490,0.004835802087462226547196029219712591477605715949764953602491,18/289,0.0046401384083044983,0.004640138408304498269896193771626297577854671280276816608996,0.004640138408304498269896193771626297577854671280276816608997,0 <= lambda <= 1/4; canonical P12,equal_weight_three_axis_cone,True,False
3/40,0.075,1/10,119/164,0.72560975609756098,0.725609756097560975609756097560975609756097560975609756097560,0.725609756097560975609756097560975609756097560975609756097561,0.73047938420679295,0.730479384206792950605844279059515136238039183681407489195808,0.730479384206792950605844279059515136238039183681407489195809,0.0048696281092319750,0.004869628109231974996088181498539526481941622705797733098247,0.004869628109231974996088181498539526481941622705797733098248,18/289,0.0046712802768166090,0.004671280276816608996539792387543252595155709342560553633217,0.004671280276816608996539792387543252595155709342560553633218,0 <= lambda <= 1/4; canonical P12,equal_weight_three_axis_cone,True,False
151/2000,0.0755,1/10,2974/4099,0.72554281532080995,0.725542815320809953647231031959014393754574286411319834105879,0.725542815320809953647231031959014393754574286411319834105880,0.73044628841208042,0.730446288412080418067789495220635185334636404086482682188794,0.730446288412080418067789495220635185334636404086482682188795,0.0049034730912704644,0.004903473091270464420558463261620791580062117675162848082914,0.004903473091270464420558463261620791580062117675162848082915,18/289,0.0047024221453287197,0.004702422145328719723183391003460207612456747404844290657439,0.004702422145328719723183391003460207612456747404844290657440,0 <= lambda <= 1/4; canonical P12,equal_weight_three_axis_cone,True,False
19/250,0.076,1/10,991/1366,0.72547584187408492,0.725475841874084919472913616398243045387994143484626647144948,0.725475841874084919472913616398243045387994143484626647144949,0.73041317892166372,0.730413178921663715387307505749754306342065316206611227585889,0.730413178921663715387307505749754306342065316206611227585890,0.0049373370475787959,0.004937337047578795914393889351511260954071172721984580440940,0.004937337047578795914393889351511260954071172721984580440941,18/289,0.0047335640138408304,0.004733564013840830449826989619377162629757785467128027681660,0.004733564013840830449826989619377162629757785467128027681661,0 <= lambda <= 1/4; canonical P12,equal_weight_three_axis_cone,True,False
153/2000,0.0765,1/10,2972/4097,0.72540883573346351,0.725408835733463509885281913595313644129851110568708811325360,0.725408835733463509885281913595313644129851110568708811325361,0.73038005572563461,0.730380055725634613968423243878755723851620832511762197229486,0.730380055725634613968423243878755723851620832511762197229487,0.0049712199921711041,0.004971219992171104083141330283442079721769721943053385904126,0.004971219992171104083141330283442079721769721943053385904127,18/289,0.0047647058823529412,0.004764705882352941176470588235294117647058823529411764705882,0.004764705882352941176470588235294117647058823529411764705883,0 <= lambda <= 1/4; canonical P12,equal_weight_three_axis_cone,True,False
77/1000,0.077,1/10,2971/4096,0.725341796875,0.725341796875000000000000000000000000000000000000000000000000,0.725341796875000000000000000000000000000000000000000000000000,0.73034691881407457,0.730346918814074571494247981041979397673455326899554662647418,0.730346918814074571494247981041979397673455326899554662647419,0.0050051219390745715,0.005005121939074571494247981041979397673455326899554662647418,0.005005121939074571494247981041979397673455326899554662647419,18/289,0.0047958477508650519,0.004795847750865051903114186851211072664359861591695501730103,0.004795847750865051903114186851211072664359861591695501730104,0 <= lambda <= 1/4; canonical P12,equal_weight_three_axis_cone,True,False
31/400,0.0775,1/10,66/91,0.72527472527472527,0.725274725274725274725274725274725274725274725274725274725274,0.725274725274725274725274725274725274725274725274725274725275,0.73031376817705472,0.730313768177054717870532443775471560605041890172351956439390,0.730313768177054717870532443775471560605041890172351956439391,0.0050390429023294431,0.005039042902329443145257718500746285879767164897626681714116,0.005039042902329443145257718500746285879767164897626681714117,18/289,0.0048269896193771626,0.004826989619377162629757785467128027681660899653979238754325,0.004826989619377162629757785467128027681660899653979238754326,0 <= lambda <= 1/4; canonical P12,equal_weight_three_axis_cone,True,False
39/500,0.078,1/10,2969/4094,0.72520762090864680,0.725207620908646800195407914020517830972154372252076209086468,0.725207620908646800195407914020517830972154372252076209086469,0.73028060380463584,0.730280603804635841145494924619157041904425390124452001328737,0.730280603804635841145494924619157041904425390124452001328738,0.0050729828959890410,0.005072982895989040950087010598639210932271017872375792242269,0.005072982895989040950087010598639210932271017872375792242270,18/289,0.0048581314878892734,0.004858131487889273356401384083044982698961937716262975778546,0.004858131487889273356401384083044982698961937716262975778547,0 <= lambda <= 1/4; canonical P12,equal_weight_three_axis_cone,True,False
157/2000,0.0785,1/10,2968/4093,0.72514048375274860,0.725140483752748595162472514048375274859516247251404837527485,0.725140483752748595162472514048375274859516247251404837527486,0.73024742568686837,0.730247425686868373405876582180549064309049652749694664304486,0.730247425686868373405876582180549064309049652749694664304487,0.0051069419341197782,0.005106941934119778243404068132173789449533405498289826777000,0.005106941934119778243404068132173789449533405498289826777001,18/289,0.0048892733564013841,0.004889273356401384083044982698961937716262975778546712802768,0.004889273356401384083044982698961937716262975778546712802769,0 <= lambda <= 1/4; canonical P12,equal_weight_three_axis_cone,True,False
79/1000,0.079,1/10,989/1364,0.72507331378299120,0.725073313782991202346041055718475073313782991202346041055718,0.725073313782991202346041055718475073313782991202346041055719,0.73021423381379238,0.730214233813792376649176013476335207727036878054428342026276,0.730214233813792376649176013476335207727036878054428342026277,0.0051409200308011743,0.005140920030801174303134957757860134413253886852082300970558,0.005140920030801174303134957757860134413253886852082300970559,18/289,0.0049204152249134948,0.004920415224913494809688581314878892733564013840830449826989,0.004920415224913494809688581314878892733564013840830449826990,0 <= lambda <= 1/4; canonical P12,equal_weight_three_axis_cone,True,False
159/2000,0.0795,1/10,2966/4091,0.72500611097531166,0.725006110975311659740894646785626986066976289415790760205328,0.725006110975311659740894646785626986066976289415790760205329,0.73018102817543753,0.730181028175437528632015069326315441974061262234936117098066,0.730181028175437528632015069326315441974061262234936117098067,0.0051749172001258689,0.005174917200125868891120422540688455907084972819145356892737,0.005174917200125868891120422540688455907084972819145356892738,18/289,0.0049515570934256055,0.004951557093425605536332179930795847750865051903114186851211,0.004951557093425605536332179930795847750865051903114186851212,0 <= lambda <= 1/4; canonical P12,equal_weight_three_axis_cone,True,False
2/25,0.08,1/10,593/818,0.72493887530562347,0.724938875305623471882640586797066014669926650366748166259168,0.724938875305623471882640586797066014669926650366748166259169,0.73014780876182311,0.730147808761823108694587770931818250656832564400846437449195,0.730147808761823108694587770931818250656832564400846437449196,0.0052089334561996368,0.005208933456199636811947184134752235986905914034098271190026,0.005208933456199636811947184134752235986905914034098271190027,18/289,0.0049826989619377163,0.004982698961937716262975778546712802768166089965397923875432,0.004982698961937716262975778546712802768166089965397923875433,0 <= lambda <= 1/4; canonical P12,equal_weight_three_axis_cone,True,False
161/2000,0.0805,1/10,988/1363,0.72487160674981658,0.724871606749816581071166544387380777696258253851797505502567,0.724871606749816581071166544387380777696258253851797505502568,0.73011457556295798,0.730114575562957983561144072826980600474424044540900578710105,0.730114575562957983561144072826980600474424044540900578710106,0.0052429688131414025,0.005242968813141402489977528439599822778165790689103073207537,0.005242968813141402489977528439599822778165790689103073207538,18/289,0.0050138408304498270,0.005013840830449826989619377162629757785467128027681660899653,0.005013840830449826989619377162629757785467128027681660899654,0 <= lambda <= 1/4; canonical P12,equal_weight_three_axis_cone,True,False
81/1000,0.081,1/10,2963/4088,0.72480430528375734,0.724804305283757338551859099804305283757338551859099804305283,0.724804305283757338551859099804305283757338551859099804305284,0.73008132856884059,0.730081328568840593116460104145240541193541450580705375106372,0.730081328568840593116460104145240541193541450580705375106373,0.0052770232850832546,0.005277023285083254564601004340935257436202898721605570801088,0.005277023285083254564601004340935257436202898721605570801089,18/289,0.0050449826989619377,0.005044982698961937716262975778546712802768166089965397923875,0.005044982698961937716262975778546712802768166089965397923876,0 <= lambda <= 1/4; canonical P12,equal_weight_three_axis_cone,True,False
163/2000,0.0815,1/10,2962/4087,0.72473697088328848,0.724736970883288475654514313677514068999265965255688769268412,0.724736970883288475654514313677514068999265965255688769268413,0.73004806776945894,0.730048067769458936158246406594148211065294167894176352356656,0.730048067769458936158246406594148211065294167894176352356657,0.0053110968861704605,0.005311096886170460503732092916634142066028202638487583088244,0.005311096886170460503732092916634142066028202638487583088245,18/289,0.0050761245674740484,0.005076124567474048442906574394463667820069204152249134948096,0.005076124567474048442906574394463667820069204152249134948097,0 <= lambda <= 1/4; canonical P12,equal_weight_three_axis_cone,True,False
41/500,0.082,1/10,329/454,0.72466960352422907,0.724669603524229074889867841409691629955947136563876651982378,0.724669603524229074889867841409691629955947136563876651982379,0.73001479315479056,0.730014793154790556125445573678239592424465545442111874828391,0.730014793154790556125445573678239592424465545442111874828392,0.0053451896305614812,0.005345189630561481235577732268547962468518408878235222846012,0.005345189630561481235577732268547962468518408878235222846013,18/289,0.0051072664359861592,0.005107266435986159169550173010380622837370242214532871972318,0.005107266435986159169550173010380622837370242214532871972319,0 <= lambda <= 1/4; canonical P12,equal_weight_three_axis_cone,True,False
33/400,0.0825,1/10,592/817,0.72460220318237454,0.724602203182374541003671970624235006119951040391676866585067,0.724602203182374541003671970624235006119951040391676866585068,0.72998150471480253,0.729981504714802526802370581551322085645677253596260660056576,0.729981504714802526802370581551322085645677253596260660056577,0.0053793015324279858,0.005379301532427985798698610927087079525726213204583793471508,0.005379301532427985798698610927087079525726213204583793471509,18/289,0.0051384083044982699,0.005138408304498269896193771626297577854671280276816608996539,0.005138408304498269896193771626297577854671280276816608996540,0 <= lambda <= 1/4; canonical P12,equal_weight_three_axis_cone,True,False
83/1000,0.083,1/10,2959/4084,0.72453476983349657,0.724534769833496571988246816846229187071498530852105778648383,0.724534769833496571988246816846229187071498530852105778648384,0.72994820243945144,0.729948202439451437998634987415173359379291002743873836690830,0.729948202439451437998634987415173359379291002743873836690831,0.0054134326059548660,0.005413432605954866010388170568944172307792471891768058042446,0.005413432605954866010388170568944172307792471891768058042447,18/289,0.0051695501730103806,0.005169550173010380622837370242214532871972318339100346020761,0.005169550173010380622837370242214532871972318339100346020762,0 <= lambda <= 1/4; canonical P12,equal_weight_three_axis_cone,True,False
167/2000,0.0835,1/10,986/1361,0.72446730345334313,0.724467303453343130051432770022042615723732549595885378398236,0.724467303453343130051432770022042615723732549595885378398237,0.72991488631868338,0.729914886318683381204826056610433432515126213657955157007661,0.729914886318683381204826056610433432515126213657955157007662,0.0054475828653402512,0.005447582865340251153393286588390816791393664062069778609424,0.005447582865340251153393286588390816791393664062069778609425,18/289,0.0052006920415224913,0.005200692041522491349480968858131487889273356401384083044982,0.005200692041522491349480968858131487889273356401384083044983,0 <= lambda <= 1/4; canonical P12,equal_weight_three_axis_cone,True,False
21/250,0.084,1/10,2957/4082,0.72439980401763841,0.724399804017638412542871141597256246937775600195982361587457,0.724399804017638412542871141597256246937775600195982361587458,0.72988155634243394,0.729881556342433935223871764466449907396904178997409791201389,0.729881556342433935223871764466449907396904178997409791201390,0.0054817523247955227,0.005481752324795522681000622869193660459128578801427429613931,0.005481752324795522681000622869193660459128578801427429613932,18/289,0.0052318339100346021,0.005231833910034602076124567474048442906574394463667820069204,0.005231833910034602076124567474048442906574394463667820069205,0 <= lambda <= 1/4; canonical P12,equal_weight_three_axis_cone,True,False
169/2000,0.0845,1/10,2956/4081,0.72433227150208282,0.724332271502082822837539818671894143592256799803969615290370,0.724332271502082822837539818671894143592256799803969615290371,0.72984821250062815,0.729848212500628151778052503589089969177748760786857672329955,0.729848212500628151778052503589089969177748760786857672329956,0.0055159409985453289,0.005515940998545328940512684917195825585491960982888057039585,0.005515940998545328940512684917195825585491960982888057039586,18/289,0.0052629757785467128,0.005262975778546712802768166089965397923875432525951557093425,0.005262975778546712802768166089965397923875432525951557093426,0 <= lambda <= 1/4; canonical P12,equal_weight_three_axis_cone,True,False
17/200,0.085,1/10,197/272,0.72426470588235294,0.724264705882352941176470588235294117647058823529411764705882,0.724264705882352941176470588235294117647058823529411764705883,0.72981485478318054,0.729814854783180541091608211568129352193843736476171815169180,0.729814854783180541091608211568129352193843736476171815169181,0.0055501489008275999,0.005550148900827599915137623332835234546784912946760050463297,0.005550148900827599915137623332835234546784912946760050463298,18/289,0.0052941176470588235,0.005294117647058823529411764705882352941176470588235294117647,0.005294117647058823529411764705882352941176470588235294117648,0 <= lambda <= 1/4; canonical P12,equal_weight_three_axis_cone,True,False
171/2000,0.0855,1/10,2954/4079,0.72419710713410150,0.724197107134101495464574650649669036528560921794557489580779,0.724197107134101495464574650649669036528560921794557489580780,0.72978148317999506,0.729781483179995057448891518077833993317879839143286139912899,0.729781483179995057448891518077833993317879839143286139912900,0.0055843760458935620,0.005584376045893561984316867428164956789318917348728650332120,0.005584376045893561984316867428164956789318917348728650332121,18/289,0.0053252595155709343,0.005325259515570934256055363321799307958477508650519031141868,0.005325259515570934256055363321799307958477508650519031141869,0 <= lambda <= 1/4; canonical P12,equal_weight_three_axis_cone,True,False
43/500,0.086,1/10,2953/4078,0.72412947523295733,0.724129475232957332025502697400686611083864639529180971064247,0.724129475232957332025502697400686611083864639529180971064248,0.72974809768096508,0.729748097680965084728017394024827458588246239229925502618412,0.729748097680965084728017394024827458588246239229925502618413,0.0056186224480077527,0.005618622448007752702514696624140847504381599700744531554164,0.005618622448007752702514696624140847504381599700744531554165,18/289,0.0053564013840830450,0.005356401384083044982698961937716262975778546712802768166089,0.005356401384083044982698961937716262975778546712802768166090,0 <= lambda <= 1/4; canonical P12,equal_weight_three_axis_cone,True,False
173/2000,0.0865,1/10,328/453,0.72406181015452539,0.724061810154525386313465783664459161147902869757174392935982,0.724061810154525386313465783664459161147902869757174392935983,0.72971469827597342,0.729714698275973421909959668765346217295522839907862765704354,0.729714698275973421909959668765346217295522839907862765704355,0.0056528881214480356,0.005652888121448035596493885100887056147619970150688372768371,0.005652888121448035596493885100887056147619970150688372768372,18/289,0.0053875432525951557,0.005387543252595155709342560553633217993079584775086505190311,0.005387543252595155709342560553633217993079584775086505190312,0 <= lambda <= 1/4; canonical P12,equal_weight_three_axis_cone,True,False
87/1000,0.087,1/10,2951/4076,0.72399411187438665,0.723994111874386653581943081452404317958783120706575073601570,0.723994111874386653581943081452404317958783120706575073601571,0.72968128495489227,0.729681284954892268563044664468582070025205977125239896078679,0.729681284954892268563044664468582070025205977125239896078680,0.0056871730805056150,0.005687173080505614981101583016177752066422856418664822477109,0.005687173080505614981101583016177752066422856418664822477110,18/289,0.0054186851211072664,0.005418685121107266435986159169550173010380622837370242214532,0.005418685121107266435986159169550173010380622837370242214533,0 <= lambda <= 1/4; canonical P12,equal_weight_three_axis_cone,True,False
7/80,0.0875,1/10,118/163,0.72392638036809816,0.723926380368098159509202453987730061349693251533742331288343,0.723926380368098159509202453987730061349693251533742331288344,0.72964785770758321,0.729647857707583210302792079443049973747272330850355154247429,0.729647857707583210302792079443049973747272330850355154247430,0.0057214773394850508,0.005721477339485050793589625455319912397579079316612822959085,0.005721477339485050793589625455319912397579079316612822959086,18/289,0.0054498269896193772,0.005449826989619377162629757785467128027681660899653979238754,0.005449826989619377162629757785467128027681660899653979238755,0 <= lambda <= 1/4; canonical P12,equal_weight_three_axis_cone,True,False
11/125,0.088,1/10,983/1358,0.72385861561119293,0.723858615611192930780559646539027982326951399116347569955817,0.723858615611192930780559646539027982326951399116347569955818,0.72961441652389720,0.729614416523897204227053134667850433050007742658632735173313,0.729614416523897204227053134667850433050007742658632735173314,0.0057558009127042734,0.005755800912704273446493488128822450723056343542285165217496,0.005755800912704273446493488128822450723056343542285165217497,18/289,0.0054809688581314879,0.005480968858131487889273356401384083044982698961937716262975,0.005480968858131487889273356401384083044982698961937716262976,0 <= lambda <= 1/4; canonical P12,equal_weight_three_axis_cone,True,False
177/2000,0.0885,1/10,2948/4073,0.72379081757917997,0.723790817579179965627301743186840166953105818806776331942057,0.723790817579179965627301743186840166953105818806776331942058,0.72958096139367456,0.729580961393674564326395879879365640766069453531600279452070,0.729580961393674564326395879879365640766069453531600279452071,0.0057901438144945987,0.005790143814494598699094136692525473812963634724823947510012,0.005790143814494598699094136692525473812963634724823947510013,18/289,0.0055121107266435986,0.005512110726643598615916955017301038062283737024221453287197,0.005512110726643598615916955017301038062283737024221453287198,0 <= lambda <= 1/4; canonical P12,equal_weight_three_axis_cone,True,False
89/1000,0.089,1/10,2947/4072,0.72372298624754420,0.723722986247544204322200392927308447937131630648330058939096,0.723722986247544204322200392927308447937131630648330058939097,0.72954749230674495,0.729547492306744946869687437355381554091557407184291215499965,0.729547492306744946869687437355381554091557407184291215499966,0.0058245060592007425,0.005824506059200742547487044428073106154425776535961156560869,0.005824506059200742547487044428073106154425776535961156560870,18/289,0.0055432525951557093,0.005543252595155709342560553633217993079584775086505190311418,0.005543252595155709342560553633217993079584775086505190311419,0 <= lambda <= 1/4; canonical P12,equal_weight_three_axis_cone,True,False
179/2000,0.0895,1/10,982/1357,0.72365512159174650,0.723655121591746499631540162122328666175386882829771554900515,0.723655121591746499631540162122328666175386882829771554900516,0.72951400925292734,0.729514009252927335764822843011904774437390518329930934159072,0.729514009252927335764822843011904774437390518329930934159073,0.0058588876611808361,0.005858887661180836133282680889576108262003635500159379258556,0.005858887661180836133282680889576108262003635500159379258557,18/289,0.0055743944636678201,0.005574394463667820069204152249134948096885813148788927335640,0.005574394463667820069204152249134948096885813148788927335641,0 <= lambda <= 1/4; canonical P12,equal_weight_three_axis_cone,True,False
9/100,0.09,1/10,589/814,0.72358722358722359,0.723587223587223587223587223587223587223587223587223587223587,0.723587223587223587223587223587223587223587223587223587223588,0.72948051222203003,0.729480512222030027894550025582080929432257028560686293891959,0.729480512222030027894550025582080929432257028560686293891960,0.0058932886348064407,0.005893288634806440670962801994857342208669804973462706668371,0.005893288634806440670962801994857342208669804973462706668372,18/289,0.0056055363321799308,0.005605536332179930795847750865051903114186851211072664359861,0.005605536332179930795847750865051903114186851211072664359862,0 <= lambda <= 1/4; canonical P12,equal_weight_three_axis_cone,True,False
181/2000,0.0905,1/10,2944/4069,0.72351929220938806,0.723519292209388056033423445564020643892848365691816171049397,0.723519292209388056033423445564020643892848365691816171049398,0.72944700120385062,0.729447001203850618427340345480654468745510646675653972247115,0.729447001203850618427340345480654468745510646675653972247116,0.0059277089944625624,0.005927708994462562393916899916633824852662280983837801197717,0.005927708994462562393916899916633824852662280983837801197718,18/289,0.0056366782006920415,0.005636678200692041522491349480968858131487889273356401384083,0.005636678200692041522491349480968858131487889273356401384084,0 <= lambda <= 1/4; canonical P12,equal_weight_three_axis_cone,True,False
91/1000,0.091,1/10,327/452,0.72345132743362832,0.723451327433628318584070796460176991150442477876106194690265,0.723451327433628318584070796460176991150442477876106194690266,0.72941347618817599,0.729413476188175986103253995470369371067920006601229276630719,0.729413476188175986103253995470369371067920006601229276630720,0.0059621487545476675,0.005962148754547667519183199010192379917477528725123081940454,0.005962148754547667519183199010192379917477528725123081940455,18/289,0.0056678200692041522,0.005667820069204152249134948096885813148788927335640138408304,0.005667820069204152249134948096885813148788927335640138408305,0 <= lambda <= 1/4; canonical P12,equal_weight_three_axis_cone,True,False
183/2000,0.0915,1/10,2942/4067,0.72338332923530858,0.723383329235308581263830833538234570936808458323088271453159,0.723383329235308581263830833538234570936808458323088271453160,0.72937993716478228,0.729379937164782278494749445437623949356607632403642384891059,0.729379937164782278494749445437623949356607632403642384891060,0.0059966079294736972,0.005996607929473697230918611899389378419799174080554113437899,0.005996607929473697230918611899389378419799174080554113437900,18/289,0.0056989619377162630,0.005698961937716262975778546712802768166089965397923875432525,0.005698961937716262975778546712802768166089965397923875432526,0 <= lambda <= 1/4; canonical P12,equal_weight_three_axis_cone,True,False
23/250,0.092,1/10,2941/4066,0.72331529758976881,0.723315297589768814559763895720609936055090998524348253812100,0.723315297589768814559763895720609936055090998524348253812101,0.72934638412343490,0.729346384123434897242385993452585197278606162442328567978011,0.729346384123434897242385993452585197278606162442328567978012,0.0060310865336660827,0.006031086533666082682622097731975261223515163917980314165910,0.006031086533666082682622097731975261223515163917980314165911,18/289,0.0057301038062283737,0.005730103806228373702422145328719723183391003460207612456747,0.005730103806228373702422145328719723183391003460207612456748,0 <= lambda <= 1/4; canonical P12,equal_weight_three_axis_cone,True,False
37/400,0.0925,1/10,196/271,0.72324723247232472,0.723247232472324723247232472324723247232472324723247232472324,0.723247232472324723247232472324723247232472324723247232472325,0.72931281705388848,0.729312817053888483265368364832860121824864966508662802495006,0.729312817053888483265368364832860121824864966508662802495007,0.0060655845815637600,0.006065584581563760018135892508136874592392641785415570022681,0.006065584581563760018135892508136874592392641785415570022682,18/289,0.0057612456747404844,0.005761245674740484429065743944636678200692041522491349480968,0.005761245674740484429065743944636678200692041522491349480969,0 <= lambda <= 1/4; canonical P12,equal_weight_three_axis_cone,True,False
93/1000,0.093,1/10,2939/4064,0.72317913385826772,0.723179133858267716535433070866141732283464566929133858267716,0.723179133858267716535433070866141732283464566929133858267717,0.72927923594588690,0.729279235945886901946882180148731141509564603952751089734689,0.729279235945886901946882180148731141509564603952751089734690,0.0061001020876191854,0.006100102087619185411449109282589409226100037023617231466972,0.006100102087619185411449109282589409226100037023617231466973,18/289,0.0057923875432525952,0.005792387543252595155709342560553633217993079584775086505190,0.005792387543252595155709342560553633217993079584775086505191,0 <= lambda <= 1/4; canonical P12,equal_weight_three_axis_cone,True,False
187/2000,0.0935,1/10,2938/4063,0.72311100172286488,0.723111001722864878168840758060546394289933546640413487570760,0.723111001722864878168840758060546394289933546640413487570761,0.72924564078916323,0.729245640789163228294168992000904476469962236058255425710247,0.729245640789163228294168992000904476469962236058255425710248,0.0061346390662983501,0.006134639066298350125328233940358082180028689417841938139487,0.006134639066298350125328233940358082180028689417841938139488,18/289,0.0058235294117647059,0.005823529411764705882352941176470588235294117647058823529411,0.005823529411764705882352941176470588235294117647058823529412,0 <= lambda <= 1/4; canonical P12,equal_weight_three_axis_cone,True,False
47/500,0.094,1/10,979/1354,0.72304283604135894,0.723042836041358936484490398818316100443131462333825701624815,0.723042836041358936484490398818316100443131462333825701624816,0.72921203157343973,0.729212031573439732073289468967705777806376337675264872665508,0.729212031573439732073289468967705777806376337675264872665509,0.0061691955320807956,0.006169195532080795588799070149389677363244875341439171040693,0.006169195532080795588799070149389677363244875341439171040694,18/289,0.0058546712802768166,0.005854671280276816608996539792387543252595155709342560553633,0.005854671280276816608996539792387543252595155709342560553634,0 <= lambda <= 1/4; canonical P12,equal_weight_three_axis_cone,True,False
189/2000,0.0945,1/10,2936/4061,0.72297463678896823,0.722974636788968234425018468357547402117704998768776163506525,0.722974636788968234425018468357547402117704998768776163506526,0.72917840828842786,0.729178408288427862918523183356693969642056383158640170352250,0.729178408288427862918523183356693969642056383158640170352251,0.0062037714994596285,0.006203771499459628493504714999146567524351384389864006845725,0.006203771499459628493504714999146567524351384389864006845726,18/289,0.0058858131487889273,0.005885813148788927335640138408304498269896193771626297577854,0.005885813148788927335640138408304498269896193771626297577855,0 <= lambda <= 1/4; canonical P12,equal_weight_three_axis_cone,True,False
19/200,0.095,1/10,587/812,0.72290640394088670,0.722906403940886699507389162561576354679802955665024630541871,0.722906403940886699507389162561576354679802955665024630541872,0.72914477092382824,0.729144770923828235416353337304756996615801634917798073762655,0.729144770923828235416353337304756996615801634917798073762656,0.0062383669829415359,0.006238366982941535908964174743180641935998679252773443220783,0.006238366982941535908964174743180641935998679252773443220784,18/289,0.0059169550173010381,0.005916955017301038062283737024221453287197231833910034602076,0.005916955017301038062283737024221453287197231833910034602077,0 <= lambda <= 1/4; canonical P12,equal_weight_three_axis_cone,True,False
191/2000,0.0955,1/10,326/451,0.72283813747228381,0.722838137472283813747228381374722838137472283813747228381374,0.722838137472283813747228381374722838137472283813747228381375,0.72911111946933061,0.729111119469330614163984639349903114419586699379112078294909,0.729111119469330614163984639349903114419586699379112078294910,0.0062729819970468004,0.006272981997046800416756257975180276282114415565364849913534,0.006272981997046800416756257975180276282114415565364849913535,18/289,0.0059480968858131488,0.005948096885813148788927335640138408304498269896193771626297,0.005948096885813148788927335640138408304498269896193771626298,0 <= lambda <= 1/4; canonical P12,equal_weight_three_axis_cone,True,False
12/125,0.096,1/10,2933/4058,0.72276983735830458,0.722769837358304583538689009364218827008378511582060128141941,0.722769837358304583538689009364218827008378511582060128141942,0.72907745391461390,0.729077453914613898802342420846166396288955320120446513834165,0.729077453914613898802342420846166396288955320120446513834166,0.0063076165563093153,0.006307616556309315263653411481947569280576808538386385692223,0.006307616556309315263653411481947569280576808538386385692224,18/289,0.0059792387543252595,0.005979238754325259515570934256055363321799307958477508650519,0.005979238754325259515570934256055363321799307958477508650520,0 <= lambda <= 1/4; canonical P12,equal_weight_three_axis_cone,True,False
193/2000,0.0965,1/10,2932/4057,0.72270150357406951,0.722701503574069509489770766576287897461178210500369731328567,0.722701503574069509489770766576287897461178210500369731328568,0.72904377424934611,0.729043774249346109023500958509299738442099052682498533859744,0.729043774249346109023500958509299738442099052682498533859745,0.0063422706752765995,0.006342270675276599533730191933011840980920842182128802531176,0.006342270675276599533730191933011840980920842182128802531177,18/289,0.0060103806228373702,0.006010380622837370242214532871972318339100346020761245674740,0.006010380622837370242214532871972318339100346020761245674741,0 <= lambda <= 1/4; canonical P12,equal_weight_three_axis_cone,True,False
97/1000,0.097,1/10,977/1352,0.72263313609467456,0.722633136094674556213017751479289940828402366863905325443786,0.722633136094674556213017751479289940828402366863905325443787,0.72901008046318437,0.729010080463184369552488845964223923867223636107593101094623,0.729010080463184369552488845964223923867223636107593101094624,0.0063769443685098133,0.006376944368509813339471094484933983038821269243687775650836,0.006376944368509813339471094484933983038821269243687775650837,18/289,0.0060415224913494810,0.006041522491349480968858131487889273356401384083044982698961,0.006041522491349480968858131487889273356401384083044982698962,0 <= lambda <= 1/4; canonical P12,equal_weight_three_axis_cone,True,False
39/400,0.0975,1/10,586/811,0.72256473489519112,0.722564734895191122071516646115906288532675709001233045622688,0.722564734895191122071516646115906288532675709001233045622689,0.72897637254577490,0.728976372545774895103419133414524932635120195697495757566952,0.728976372545774895103419133414524932635120195697495757566953,0.0064116376505837730,0.006411637650583773031902487298618644102444486696262711944264,0.006411637650583773031902487298618644102444486696262711944265,18/289,0.0060726643598615917,0.006072664359861591695501730103806228373702422145328719723183,0.006072664359861591695501730103806228373702422145328719723184,0 <= lambda <= 1/4; canonical P12,equal_weight_three_axis_cone,True,False
49/500,0.098,1/10,2929/4054,0.72249629995066601,0.722496299950666008880118401578687715836211149481993093241243,0.722496299950666008880118401578687715836211149481993093241244,0.72894265048675298,0.728942650486752975309891830468627936016018386142393240164269,0.728942650486752975309891830468627936016018386142393240164270,0.0064463505360869664,0.006446350536086966429773428889940220179807236660400146923026,0.006446350536086966429773428889940220179807236660400146923027,18/289,0.0061038062283737024,0.006103806228373702422145328719723183391003460207612456747404,0.006103806228373702422145328719723183391003460207612456747405,0 <= lambda <= 1/4; canonical P12,equal_weight_three_axis_cone,True,False
197/2000,0.0985,1/10,976/1351,0.72242783123612139,0.722427831236121391561806069578090303478904515173945225758697,0.722427831236121391561806069578090303478904515173945225758698,0.72890891427574296,0.728908914275742959629616242735606118257845102062488258251208,0.728908914275742959629616242735606118257845102062488258251209,0.0064810830396215681,0.006481083039621568067810173157515814778940586888543032492511,0.006481083039621568067810173157515814778940586888543032492512,18/289,0.0061349480968858131,0.006134948096885813148788927335640138408304498269896193771626,0.006134948096885813148788927335640138408304498269896193771627,0 <= lambda <= 1/4; canonical P12,equal_weight_three_axis_cone,True,False
99/1000,0.099,1/10,2927/4052,0.72235932872655479,0.722359328726554787759131293188548864758144126357354392892398,0.722359328726554787759131293188548864758144126357354392892399,0.72887516390235824,0.728875163902358242223200488044883027543088266370019879264388,0.728875163902358242223200488044883027543088266370019879264389,0.0065158351758034545,0.006515835175803454464069194856334162784944140012665486371989,0.006515835175803454464069194856334162784944140012665486371990,18/289,0.0061660899653979239,0.006166089965397923875432525951557093425605536332179930795847,0.006166089965397923875432525951557093425605536332179930795848,0 <= lambda <= 1/4; canonical P12,equal_weight_three_axis_cone,True,False
199/2000,0.0995,1/10,2926/4051,0.72229079239693903,0.722290792396939027400641816835349296470007405578869414959269,0.722290792396939027400641816835349296470007405578869414959270,0.72884139935620125,0.728841399356201246807055413047332503648443548547615459162212,0.728841399356201246807055413047332503648443548547615459162213,0.0065506069592622194,0.006550606959262219406413596211983207178436142968746044202943,0.006550606959262219406413596211983207178436142968746044202944,18/289,0.0061972318339100346,0.006197231833910034602076124567474048442906574394463667820069,0.006197231833910034602076124567474048442906574394463667820070,0 <= lambda <= 1/4; canonical P12,equal_weight_three_axis_cone,True,False
1/10,0.1,1/10,13/18,0.72222222222222222,0.722222222222222222222222222222222222222222222222222222222222,0.722222222222222222222222222222222222222222222222222222222223,0.72880762062686341,0.728807620626863411480360005519440832260657340770969282789111,0.728807620626863411480360005519440832260657340770969282789112,0.0065853984046411893,0.006585398404641189258137783297218610038435118548747060566888,0.006585398404641189258137783297218610038435118548747060566889,18/289,0.0062283737024221453,0.006228373702422145328719723183391003460207612456747404844290,0.006228373702422145328719723183391003460207612456747404844291,0 <= lambda <= 1/4; canonical P12,equal_weight_three_axis_cone,True,False
201/2000,0.1005,1/10,2924/4049,0.72215361817732774,0.722153618177327735243269943195850827364781427512966164485058,0.722153618177327735243269943195850827364781427512966164485059,0.72877382770392517,0.728773827703925173526035271916238620738954596318845917933014,0.728773827703925173526035271916238620738954596318845917933015,0.0066202095265974383,0.006620209526597438282765328720387793374173168805879753447956,0.006620209526597438282765328720387793374173168805879753447957,18/289,0.0062595155709342561,0.006259515570934256055363321799307958477508650519031141868512,0.006259515570934256055363321799307958477508650519031141868513,0 <= lambda <= 1/4; canonical P12,equal_weight_three_axis_cone,True,False
101/1000,0.101,1/10,2923/4048,0.72208498023715415,0.722084980237154150197628458498023715415019762845849802371541,0.722084980237154150197628458498023715415019762845849802371542,0.72874002057695595,0.728740020576955954185673423601598468302078413268584548301331,0.728740020576955954185673423601598468302078413268584548301332,0.0066550403398018040,0.006655040339801803988044965103574752887058650422734745929789,0.006655040339801803988044965103574752887058650422734745929790,18/289,0.0062906574394463668,0.006290657439446366782006920415224913494809688581314878892733,0.006290657439446366782006920415224913494809688581314878892734,0 <= lambda <= 1/4; canonical P12,equal_weight_three_axis_cone,True,False
203/2000,0.1015,1/10,974/1349,0.72201630837657524,0.722016308376575240919199406968124536693847294292068198665678,0.722016308376575240919199406968124536693847294292068198665679,0.72870619923551414,0.728706199235514143408369088725188798051381900917825518933633,0.728706199235514143408369088725188798051381900917825518933634,0.0066898908589389025,0.006689890858938902489169681757064261357534606625757320267955,0.006689890858938902489169681757064261357534606625757320267956,18/289,0.0063217993079584775,0.006321799307958477508650519031141868512110726643598615916955,0.006321799307958477508650519031141868512110726643598615916956,0 <= lambda <= 1/4; canonical P12,equal_weight_three_axis_cone,True,False
51/500,0.102,1/10,2921/4046,0.72194760257043994,0.721947602570439940682155215027187345526445872466633712308452,0.721947602570439940682155215027187345526445872466633712308453,0.72867236366914708,0.728672363669147084573399139912830690709857042192615928866573,0.728672363669147084573399139912830690709857042192615928866574,0.0067247610987071439,0.006724761098707143891243924885643345183411169725982216558120,0.006724761098707143891243924885643345183411169725982216558121,18/289,0.0063529411764705882,0.006352941176470588235294117647058823529411764705882352941176,0.006352941176470588235294117647058823529411764705882352941177,0 <= lambda <= 1/4; canonical P12,equal_weight_three_axis_cone,True,False
41/400,0.1025,1/10,584/809,0.72187886279357231,0.721878862793572311495673671199011124845488257107540173053152,0.721878862793572311495673671199011124845488257107540173053153,0.72863851386739106,0.728638513867391059186697600790176138032784213349567968171602,0.728638513867391059186697600790176138032784213349567968171603,0.0067596510738187477,0.006759651073818747691023929591165013187295956242027795118450,0.006759651073818747691023929591165013187295956242027795118451,18/289,0.0063840830449826990,0.006384083044982698961937716262975778546712802768166089965397,0.006384083044982698961937716262975778546712802768166089965398,0 <= lambda <= 1/4; canonical P12,equal_weight_three_axis_cone,True,False
103/1000,0.103,1/10,973/1348,0.72181008902077151,0.721810089020771513353115727002967359050445103857566765578635,0.721810089020771513353115727002967359050445103857566765578636,0.72860464981977127,0.728604649819771271551071966867462197719898839757363041541216,0.728604649819771271551071966867462197719898839757363041541217,0.0067945607989997582,0.006794560798999758197956239864494838669453735899796275962581,0.006794560798999758197956239864494838669453735899796275962582,18/289,0.0064152249134948097,0.006415224913494809688581314878892733564013840830449826989619,0.006415224913494809688581314878892733564013840830449826989620,0 <= lambda <= 1/4; canonical P12,equal_weight_three_axis_cone,True,False
207/2000,0.1035,1/10,2918/4043,0.72174128122681177,0.721741281226811773435567647786297303982191441998515953499876,0.721741281226811773435567647786297303982191441998515953499877,0.72857077151580183,0.728570771515801833410107148474541900923563011993621889903865,0.728570771515801833410107148474541900923563011993621889903866,0.0068294902889900600,0.006829490288990059974539500688244596941371569995105936403989,0.006829490288990059974539500688244596941371569995105936403990,18/289,0.0064463667820069204,0.006446366782006920415224913494809688581314878892733564013840,0.006446366782006920415224913494809688581314878892733564013841,0 <= lambda <= 1/4; canonical P12,equal_weight_three_axis_cone,True,False
13/125,0.104,1/10,2917/4042,0.72167243938644236,0.721672439386442355269668480950024740227610094012864918357248,0.721672439386442355269668480950024740227610094012864918357249,0.72853687894498575,0.728536878944985748565703115249391683823710123932738133041543,0.728536878944985748565703115249391683823710123932738133041544,0.0068644395585433933,0.006864439558543393296034634299366943596100029919873214684294,0.006864439558543393296034634299366943596100029919873214684295,18/289,0.0064775086505190311,0.006477508650519031141868512110726643598615916955017301038062,0.006477508650519031141868512110726643598615916955017301038063,0 <= lambda <= 1/4; canonical P12,equal_weight_three_axis_cone,True,False
209/2000,0.1045,1/10,324/449,0.72160356347438753,0.721603563474387527839643652561247216035634743875278396436525,0.721603563474387527839643652561247216035634743875278396436526,0.72850297209681490,0.728502972096814897469192193148785244753428704591317601754019,0.728502972096814897469192193148785244753428704591317601754020,0.0068994086224273696,0.006899408622427369629548540587538028717793960716039205317494,0.006899408622427369629548540587538028717793960716039205317495,18/289,0.0065086505190311419,0.006508650519031141868512110726643598615916955017301038062283,0.006508650519031141868512110726643598615916955017301038062284,0 <= lambda <= 1/4; canonical P12,equal_weight_three_axis_cone,True,False
21/200,0.105,1/10,583/808,0.72153465346534653,0.721534653465346534653465346534653465346534653465346534653465,0.721534653465346534653465346534653465346534653465346534653466,0.72846905096077002,0.728469050960770021785981836065740125958183088747449693533357,0.728469050960770021785981836065740125958183088747449693533358,0.0069343974954234871,0.006934397495423487132516489531086660611648435282103158879891,0.006934397495423487132516489531086660611648435282103158879892,18/289,0.0065397923875432526,0.006539792387543252595155709342560553633217993079584775086505,0.006539792387543252595155709342560553633217993079584775086506,0 <= lambda <= 1/4; canonical P12,equal_weight_three_axis_cone,True,False
211/2000,0.1055,1/10,2914/4039,0.72146570933399356,0.721465709333993562763060163406783857390443179004704134686803,0.721465709333993562763060163406783857390443179004704134686804,0.72843511552632071,0.728435115526320708933668564903617428195959369681298525529979,0.728435115526320708933668564903617428195959369681298525529980,0.0069694061923271462,0.006969406192327146170608401496833570805516190676594390843176,0.006969406192327146170608401496833570805516190676594390843177,18/289,0.0065709342560553633,0.006570934256055363321799307958477508650519031141868512110726,0.006570934256055363321799307958477508650519031141868512110727,0 <= lambda <= 1/4; canonical P12,equal_weight_three_axis_cone,True,False
53/500,0.106,1/10,971/1346,0.72139673105497771,0.721396731054977711738484398216939078751857355126300148588410,0.721396731054977711738484398216939078751857355126300148588411,0.72840116578292538,0.728401165782925376593568637370314703475251616060721514675976,0.728401165782925376593568637370314703475251616060721514675977,0.0070044347279476649,0.007004434727947664855084239153375624723394260934421366087565,0.007004434727947664855084239153375624723394260934421366087566,18/289,0.0066020761245674740,0.006602076124567474048442906574394463667820069204152249134948,0.006602076124567474048442906574394463667820069204152249134949,0 <= lambda <= 1/4; canonical P12,equal_weight_three_axis_cone,True,False
213/2000,0.1065,1/10,2912/4037,0.72132771860292296,0.721327718602922962595987119147882090661382214515729502105523,0.721327718602922962595987119147882090661382214515729502105524,0.72836720172003126,0.728367201720031257195610881816761411680207296730124173394934,0.728367201720031257195610881816761411680207296730124173394935,0.0070394831171082946,0.007039483117108294599623762668879321018825082214394671289410,0.007039483117108294599623762668879321018825082214394671289411,18/289,0.0066332179930795848,0.006633217993079584775086505190311418685121107266435986159169,0.006633217993079584775086505190311418685121107266435986159170,0 <= lambda <= 1/4; canonical P12,equal_weight_three_axis_cone,True,False
107/1000,0.107,1/10,2911/4036,0.72125867195242815,0.721258671952428146679881070366699702675916749256689791873141,0.721258671952428146679881070366699702675916749256689791873142,0.72833322332707438,0.728333223327074382376536998150825891403186504296705818115418,0.728333223327074382376536998150825891403186504296705818115419,0.0070745513746462357,0.007074551374646235696655927784126188727269755040016026242276,0.007074551374646235696655927784126188727269755040016026242277,18/289,0.0066643598615916955,0.006664359861591695501730103806228373702422145328719723183391,0.006664359861591695501730103806228373702422145328719723183392,0 <= lambda <= 1/4; canonical P12,equal_weight_three_axis_cone,True,False
43/400,0.1075,1/10,194/269,0.72118959107806691,0.721189591078066914498141263940520446096654275092936802973977,0.721189591078066914498141263940520446096654275092936802973978,0.72829923059347957,0.728299230593479567411354498209689436454160067267351100242079,0.728299230593479567411354498209689436454160067267351100242080,0.0071096395154126529,0.007109639515412652913213234269168990357505792174414297268101,0.007109639515412652913213234269168990357505792174414297268102,18/289,0.0066955017301038062,0.006695501730103806228373702422145328719723183391003460207612,0.006695501730103806228373702422145328719723183391003460207613,0 <= lambda <= 1/4; canonical P12,equal_weight_three_axis_cone,True,False
27/250,0.108,1/10,2909/4034,0.72112047595438770,0.721120475954387704511650966782350024789291026276648487853247,0.721120475954387704511650966782350024789291026276648487853248,0.72826522350866040,0.728265223508660395617987326969649957697409754336013263147004,0.728265223508660395617987326969649957697409754336013263147005,0.0071447475542726911,0.007144747554272691106336360187299932908118728059364775293757,0.007144747554272691106336360187299932908118728059364775293758,18/289,0.0067266435986159170,0.006726643598615916955017301038062283737024221453287197231833,0.006726643598615916955017301038062283737024221453287197231834,0 <= lambda <= 1/4; canonical P12,equal_weight_three_axis_cone,True,False
217/2000,0.1085,1/10,2908/4033,0.72105132655591371,0.721051326555913711877014629308207289858666005454996280684354,0.721051326555913711877014629308207289858666005454996280684355,0.72823120206201920,0.728231202062019202735069074611094319760541117936484587378213,0.728231202062019202735069074611094319760541117936484587378214,0.0071798755061054909,0.007179875506105490858054445302887029901875112481488306693859,0.007179875506105490858054445302887029901875112481488306693860,18/289,0.0067577854671280277,0.006757785467128027681660899653979238754325259515570934256055,0.006757785467128027681660899653979238754325259515570934256056,0 <= lambda <= 1/4; canonical P12,equal_weight_three_axis_cone,True,False
109/1000,0.109,1/10,323/448,0.72098214285714286,0.720982142857142857142857142857142857142857142857142857142857,0.720982142857142857142857142857142857142857142857142857142858,0.72819716624294706,0.728197166242947061272823557736930538856457402851655937629167,0.728197166242947061272823557736930538856457402851655937629168,0.0072150233858042041,0.007215023385804204129966414879787681713600259994513080486310,0.007215023385804204129966414879787681713600259994513080486311,18/289,0.0067889273356401384,0.006788927335640138408304498269896193771626297577854671280276,0.006788927335640138408304498269896193771626297577854671280277,0 <= lambda <= 1/4; canonical P12,equal_weight_three_axis_cone,True,False
219/2000,0.1095,1/10,2906/4031,0.72091292483254775,0.720912924832547754899528652939717191763830315058298189034978,0.720912924832547754899528652939717191763830315058298189034979,0.72816311604082376,0.728163116040823764836977415964000653070726628092423777202721,0.728163116040823764836977415964000653070726628092423777202722,0.0072501912082760099,0.007250191208276009937448763024283461306896313034125588167742,0.007250191208276009937448763024283461306896313034125588167743,18/289,0.0068200692041522491,0.006820069204152249134948096885813148788927335640138408304498,0.006820069204152249134948096885813148788927335640138408304499,0 <= lambda <= 1/4; canonical P12,equal_weight_three_axis_cone,True,False
11/100,0.11,1/10,581/806,0.72084367245657568,0.720843672456575682382133995037220843672456575682382133995037,0.720843672456575682382133995037220843672456575682382133995038,0.72812905144501781,0.728129051445017812425649237667800534202121039790218688877719,0.728129051445017812425649237667800534202121039790218688877720,0.0072853789884421300,0.007285378988442130043515242630579690529664464107836554882682,0.007285378988442130043515242630579690529664464107836554882683,18/289,0.0068512110726643599,0.006851211072664359861591695501730103806228373702422145328719,0.006851211072664359861591695501730103806228373702422145328720,0 <= lambda <= 1/4; canonical P12,equal_weight_three_axis_cone,True,False
221/2000,0.1105,1/10,968/1343,0.72077438570364855,0.720774385703648548026805658972449739389426656738644825018615,0.720774385703648548026805658972449739389426656738644825018616,0.72809497244488639,0.728094972444886392699159595860108753410790517768704744550119,0.728094972444886392699159595860108753410790517768704744550120,0.0073205867412378447,0.007320586741237844672353936887659014021363861030059919531504,0.007320586741237844672353936887659014021363861030059919531505,18/289,0.0068823529411764706,0.006882352941176470588235294117647058823529411764705882352941,0.006882352941176470588235294117647058823529411764705882352942,0 <= lambda <= 1/4; canonical P12,equal_weight_three_axis_cone,True,False
111/1000,0.111,1/10,2903/4028,0.72070506454816286,0.720705064548162859980139026812313803376365441906653426017874,0.720705064548162859980139026812313803376365441906653426017875,0.72806087902977537,0.728060879029775368222706242015763628885519186084108797384991,0.728060879029775368222706242015763628885519186084108797384992,0.0073558144816125082,0.007355814481612508242567215203449825509153744177455371367116,0.007355814481612508242567215203449825509153744177455371367117,18/289,0.0069134948096885813,0.006913494809688581314878892733564013840830449826989619377162,0.006913494809688581314878892733564013840830449826989619377163,0 <= lambda <= 1/4; canonical P12,equal_weight_three_axis_cone,True,False
223/2000,0.1115,1/10,2902/4027,0.72063570896448969,0.720635708964489694561708467842066054134591507325552520486714,0.720635708964489694561708467842066054134591507325552520486715,0.72802677118901926,0.728026771189019259681848572137712780292418278457669284441446,0.728026771189019259681848572137712780292418278457669284441447,0.0073910622245295651,0.007391062224529565120140104295646726157826771132116763954732,0.007391062224529565120140104295646726157826771132116763954733,18/289,0.0069446366782006920,0.006944636678200692041522491349480968858131487889273356401384,0.006944636678200692041522491349480968858131487889273356401385,0 <= lambda <= 1/4; canonical P12,equal_weight_three_axis_cone,True,False
14/125,0.112,1/10,967/1342,0.72056631892697466,0.720566318926974664679582712369597615499254843517138599105812,0.720566318926974664679582712369597615499254843517138599105813,0.72799264891194123,0.727992648911941230070745345457476105996267550424894907405539,0.727992648911941230070745345457476105996267550424894907405540,0.0074263299849665654,0.007426329984966565391162633087878490497012706907756308299726,0.007426329984966565391162633087878490497012706907756308299727,18/289,0.0069757785467128028,0.006975778546712802768166089965397923875432525951557093425605,0.006975778546712802768166089965397923875432525951557093425606,0 <= lambda <= 1/4; canonical P12,equal_weight_three_axis_cone,True,False
9/80,0.1125,1/10,116/161,0.72049689440993789,0.720496894409937888198757763975155279503105590062111801242236,0.720496894409937888198757763975155279503105590062111801242237,0.72795851218785307,0.727958512187853068853089501910190491094877067553168314354100,0.727958512187853068853089501910190491094877067553168314354101,0.0074616177779151807,0.007461617777915180654331737935035211591771477491056513111864,0.007461617777915180654331737935035211591771477491056513111865,18/289,0.0070069204152249135,0.007006920415224913494809688581314878892733564013840830449826,0.007006920415224913494809688581314878892733564013840830449827,0 <= lambda <= 1/4; canonical P12,equal_weight_three_axis_cone,True,False
113/1000,0.113,1/10,2899/4024,0.72042743538767396,0.720427435387673956262425447316103379721669980119284294234592,0.720427435387673956262425447316103379721669980119284294234593,0.72792436100605518,0.727924361006055176095683789898318331096661479143140596310075,0.727924361006055176095683789898318331096661479143140596310076,0.0074969256183812198,0.007496925618381219833258342582214951374991499023856302075482,0.007496925618381219833258342582214951374991499023856302075483,18/289,0.0070380622837370242,0.007038062283737024221453287197231833910034602076124567474048,0.007038062283737024221453287197231833910034602076124567474049,0 <= lambda <= 1/4; canonical P12,equal_weight_three_axis_cone,True,False
227/2000,0.1135,1/10,322/447,0.72035794183445190,0.720357941834451901565995525727069351230425055928411633109619,0.720357941834451901565995525727069351230425055928411633109620,0.72789019535583655,0.727890195355836546574600780864773864961761159404740133876837,0.727890195355836546574600780864773864961761159404740133876838,0.0075322535213846450,0.007532253521384645008605255137704513731336103476328500767218,0.007532253521384645008605255137704513731336103476328500767219,18/289,0.0070692041522491349,0.007069204152249134948096885813148788927335640138408304498269,0.007069204152249134948096885813148788927335640138408304498270,0 <= lambda <= 1/4; canonical P12,equal_weight_three_axis_cone,True,False
57/500,0.114,1/10,2897/4022,0.72028841372451517,0.720288413724515166583789159622078567876678269517652909000497,0.720288413724515166583789159622078567876678269517652909000498,0.72785601522647475,0.727856015226474753853870711833519248619072300946761619929169,0.727856015226474753853870711833519248619072300946761619929170,0.0075676015019595873,0.007567601501959587270081552211440680742394031429108710928672,0.007567601501959587270081552211440680742394031429108710928673,18/289,0.0071003460207612457,0.007100346020761245674740484429065743944636678200692041522491,0.007100346020761245674740484429065743944636678200692041522492,0 <= lambda <= 1/4; canonical P12,equal_weight_three_axis_cone,True,False
229/2000,0.1145,1/10,2896/4021,0.72021885103208157,0.720218851032081571748321313106192489430489927878637154936582,0.720218851032081571748321313106192489430489927878637154936583,0.72782182060723593,0.727821820607235934336640461342470296952584115280681554986218,0.727821820607235934336640461342470296952584115280681554986219,0.0076029695751543626,0.007602969575154362588319148236277807522094187402044400049635,0.007602969575154362588319148236277807522094187402044400049636,18/289,0.0071314878892733564,0.007131487889273356401384083044982698961937716262975778546712,0.007131487889273356401384083044982698961937716262975778546713,0 <= lambda <= 1/4; canonical P12,equal_weight_three_axis_cone,True,False
23/200,0.115,1/10,193/268,0.72014925373134328,0.720149253731343283582089552238805970149253731343283582089552,0.720149253731343283582089552238805970149253731343283582089553,0.72778761148737477,0.727787611487374771288746828088690029677599921319007056498196,0.727787611487374771288746828088690029677599921319007056498197,0.0076383577560314877,0.007638357756031487706657275849884059528346189975723474408643,0.007638357756031487706657275849884059528346189975723474408644,18/289,0.0071626297577854671,0.007162629757785467128027681660899653979238754325259515570934,0.007162629757785467128027681660899653979238754325259515570935,0 <= lambda <= 1/4; canonical P12,equal_weight_three_axis_cone,True,False
231/2000,0.1155,1/10,2894/4019,0.72007962179646678,0.720079621796466782781786514058223438666334909181388405075889,0.720079621796466782781786514058223438666334909181388405075890,0.72775338785613448,0.727753387856134478834647145128192831052868989215340798091476,0.727753387856134478834647145128192831052868989215340798091477,0.0076737660596676961,0.007673766059667696052860631069969392386534080033952393015586,0.007673766059667696052860631069969392386534080033952393015587,18/289,0.0071937716262975779,0.007193771626297577854671280276816608996539792387543252595155,0.007193771626297577854671280276816608996539792387543252595156,0 <= lambda <= 1/4; canonical P12,equal_weight_three_axis_cone,True,False
29/250,0.116,1/10,2893/4018,0.72000995520159283,0.720009955201592832254853160776505724240915878546540567446490,0.720009955201592832254853160776505724240915878546540567446491,0.72771914970274679,0.727719149702746785925650125621085522410752350226626484772883,0.727719149702746785925650125621085522410752350226626484772884,0.0077091945011539537,0.007709194501153953670796964844579798169836471680085917326393,0.007709194501153953670796964844579798169836471680085917326394,18/289,0.0072249134948096886,0.007224913494809688581314878892733564013840830449826989619377,0.007224913494809688581314878892733564013840830449826989619378,0 <= lambda <= 1/4; canonical P12,equal_weight_three_axis_cone,True,False
233/2000,0.1165,1/10,964/1339,0.71994025392083645,0.719940253920836445108289768483943241224794622852875280059746,0.719940253920836445108289768483943241224794622852875280059747,0.72768489701643192,0.727684897016431920280389698886082373612162716949382720411059,0.727684897016431920280389698886082373612162716949382720411060,0.0077446430955954752,0.007744643095595475172099930402139132387368094096507440351313,0.007744643095595475172099930402139132387368094096507440351314,18/289,0.0072560553633217993,0.007256055363321799307958477508650519031141868512110726643598,0.007256055363321799307958477508650519031141868512110726643599,0 <= lambda <= 1/4; canonical P12,equal_weight_three_axis_cone,True,False
117/1000,0.117,1/10,2891/4016,0.71987051792828685,0.719870517928286852589641434262948207171314741035856573705179,0.719870517928286852589641434262948207171314741035856573705180,0.72765062978639859,0.727650629786398592297484457925493529734519637863885245373686,0.727650629786398592297484457925493529734519637863885245373687,0.0077801118581117397,0.007780111858111739707843023662545322563204896828028671668506,0.007780111858111739707843023662545322563204896828028671668507,18/289,0.0072871972318339100,0.007287197231833910034602076124567474048442906574394463667820,0.007287197231833910034602076124567474048442906574394463667821,0 <= lambda <= 1/4; canonical P12,equal_weight_three_axis_cone,True,False
47/400,0.1175,1/10,578/803,0.71980074719800747,0.719800747198007471980074719800747198007471980074719800747198,0.719800747198007471980074719800747198007471980074719800747199,0.72761634800184398,0.727616348001843978940325201601441034162656344199853007653859,0.727616348001843978940325201601441034162656344199853007653860,0.0078156008038365070,0.007815600803836506960250481800693836155184364125133206906661,0.007815600803836506960250481800693836155184364125133206906662,18/289,0.0073183391003460208,0.007318339100346020761245674740484429065743944636678200692041,0.007318339100346020761245674740484429065743944636678200692042,0 <= lambda <= 1/4; canonical P12,equal_weight_three_axis_cone,True,False
59/500,0.118,1/10,321/446,0.71973094170403587,0.719730941704035874439461883408071748878923766816143497757847,0.719730941704035874439461883408071748878923766816143497757848,0.72758205165195371,0.727582051651953707593932916285140152076418393957328487781573,0.727582051651953707593932916285140152076418393957328487781574,0.0078511099479178332,0.007851109947917833154471032877068403197494627141184990023726,0.007851109947917833154471032877068403197494627141184990023727,18/289,0.0073494809688581315,0.007349480968858131487889273356401384083044982698961937716262,0.007349480968858131487889273356401384083044982698961937716263,0 <= lambda <= 1/4; canonical P12,equal_weight_three_axis_cone,True,False
237/2000,0.1185,1/10,2888/4013,0.71966110142038375,0.719661101420383752803388985796162471966110142038375280338898,0.719661101420383752803388985796162471966110142038375280338899,0.72754774072590184,0.727547740725901839893829403062428619197709280044613711322888,0.727547740725901839893829403062428619197709280044613711322889,0.0078866393055180871,0.007886639305518087090440417266266147231599138006238430983990,0.007886639305518087090440417266266147231599138006238430983991,18/289,0.0073806228373702422,0.007380622837370242214532871972318339100346020761245674740484,0.007380622837370242214532871972318339100346020761245674740485,0 <= lambda <= 1/4; canonical P12,equal_weight_three_axis_cone,True,False
119/1000,0.119,1/10,2887/4012,0.71959122632103689,0.719591226321036889332003988035892323030907278165503489531405,0.719591226321036889332003988035892323030907278165503489531406,0.72751341521285086,0.727513415212850855526862617459161341439499423568535332094444,0.727513415212850855526862617459161341439499423568535332094445,0.0079221888918139662,0.007922188891813966194858629423269018408592145403031842563038,0.007922188891813966194858629423269018408592145403031842563039,18/289,0.0074117647058823529,0.007411764705882352941176470588235294117647058823529411764705,0.007411764705882352941176470588235294117647058823529411764706,0 <= lambda <= 1/4; canonical P12,equal_weight_three_axis_cone,True,False
239/2000,0.1195,1/10,962/1337,0.71952131637995512,0.719521316379955123410620792819745699326851159311892296185489,0.719521316379955123410620792819745699326851159311892296185490,0.72747907510195164,0.727479075101951636003928649148437520377415470119176306757692,0.727479075101951636003928649148437520377415470119176306757693,0.0079577587219965126,0.007957758721996512593307856328691821050564310807284010572202,0.007957758721996512593307856328691821050564310807284010572203,18/289,0.0074429065743944637,0.007442906574394463667820069204152249134948096885813148788927,0.007442906574394463667820069204152249134948096885813148788928,0 <= lambda <= 1/4; canonical P12,equal_weight_three_axis_cone,True,False
3/25,0.12,1/10,577/802,0.71945137157107232,0.719451371571072319201995012468827930174563591022443890274314,0.719451371571072319201995012468827930174563591022443890274315,0.72744472038234345,0.727444720382343448404532129216711717428354268567043595455119,0.727444720382343448404532129216711717428354268567043595455120,0.0079933488112711292,0.007993348811271129202537116747883787253790677544599705180805,0.007993348811271129202537116747883787253790677544599705180806,18/289,0.0074740484429065744,0.007474048442906574394463667820069204152249134948096885813148,0.007474048442906574394463667820069204152249134948096885813149,0 <= lambda <= 1/4; canonical P12,equal_weight_three_axis_cone,True,False
241/2000,0.1205,1/10,2884/4009,0.71938139186829633,0.719381391868296333250187079072087802444499875280618608131703,0.719381391868296333250187079072087802444499875280618608131704,0.72741035104315393,0.727410351043153929093126712296476492872873337806079612085980,0.727410351043153929093126712296476492872873337806079612085981,0.0080289591748575958,0.008028959174857595842939633224388690428373462525461003954276,0.008028959174857595842939633224388690428373462525461003954277,18/289,0.0075051903114186851,0.007505190311418685121107266435986159169550173010380622837370,0.007505190311418685121107266435986159169550173010380622837371,0 <= lambda <= 1/4; canonical P12,equal_weight_three_axis_cone,True,False
121/1000,0.121,1/10,961/1336,0.71931137724550898,0.719311377245508982035928143712574850299401197604790419161676,0.719311377245508982035928143712574850299401197604790419161677,0.72737596707349907,0.727375967073499067407177140218204402170143197830365681752246,0.727375967073499067407177140218204402170143197830365681752247,0.0080645898279900854,0.008064589827990085371248996505629551870742000225575262590569,0.008064589827990085371248996505629551870742000225575262590570,18/289,0.0075363321799307958,0.007536332179930795847750865051903114186851211072664359861591,0.007536332179930795847750865051903114186851211072664359861592,0 <= lambda <= 1/4; canonical P12,equal_weight_three_axis_cone,True,False
243/2000,0.1215,1/10,2882/4007,0.71924132767656601,0.719241327676566009483404042924881457449463438981781881707012,0.719241327676566009483404042924881457449463438981781881707013,0.72734156846248319,0.727341568462483189316884252792409665016152983108668217636695,0.727341568462483189316884252792409665016152983108668217636696,0.0081002407859171798,0.008100240785917179833480209867528207566689544126886335929682,0.008100240785917179833480209867528207566689544126886335929683,18/289,0.0075674740484429066,0.007567474048442906574394463667820069204152249134948096885813,0.007567474048442906574394463667820069204152249134948096885814,0 <= lambda <= 1/4; canonical P12,equal_weight_three_axis_cone,True,False
61/500,0.122,1/10,2881/4006,0.71917124313529705,0.719171243135297054418372441337993010484273589615576635047428,0.719171243135297054418372441337993010484273589615576635047429,0.72730715519919894,0.727307155199198941056514169902839016404092186563360019193315,0.727307155199198941056514169902839016404092186563360019193316,0.0081359120639018866,0.008135912063901886638141728564846005919818596947783384145887,0.008135912063901886638141728564846005919818596947783384145888,18/289,0.0075986159169550173,0.007598615916955017301038062283737024221453287197231833910034,0.007598615916955017301038062283737024221453287197231833910035,0 <= lambda <= 1/4; canonical P12,equal_weight_three_axis_cone,True,False
49/400,0.1225,1/10,64/89,0.71910112359550562,0.719101123595505617977528089887640449438202247191011235955056,0.719101123595505617977528089887640449438202247191011235955057,0.72727272727272727,0.727272727272727272727272727272727272727272727272727272727272,0.727272727272727272727272727272727272727272727272727272727273,0.0081716036772216547,0.008171603677221654749744637385086823289070480081716036772216,0.008171603677221654749744637385086823289070480081716036772217,18/289,0.0076297577854671280,0.007629757785467128027681660899653979238754325259515570934256,0.007629757785467128027681660899653979238754325259515570934257,0 <= lambda <= 1/4; canonical P12,equal_weight_three_axis_cone,True,False
123/1000,0.123,1/10,2879/4004,0.71903096903096903,0.719030969030969030969030969030969030969030969030969030969030,0.719030969030969030969030969030969030969030969030969030969031,0.72723828467213742,0.727238284672137421871666106056552048437484243204323037847538,0.727238284672137421871666106056552048437484243204323037847539,0.0082073156411683909,0.008207315641168390902635137025583017468453274173354006878507,0.008207315641168390902635137025583017468453274173354006878508,18/289,0.0076608996539792388,0.007660899653979238754325259515570934256055363321799307958477,0.007660899653979238754325259515570934256055363321799307958478,0 <= lambda <= 1/4; canonical P12,equal_weight_three_axis_cone,True,False
247/2000,0.1235,1/10,2878/4003,0.71896077941543842,0.718960779415438421184111916062952785410941793654758930801898,0.718960779415438421184111916062952785410941793654758930801899,0.72720382738648690,0.727203827386486897019288453808585752640875947347944883175340,0.727203827386486897019288453808585752640875947347944883175341,0.0082430479710484758,0.008243047971048475835176537745632967229934153693185952373442,0.008243047971048475835176537745632967229934153693185952373443,18/289,0.0076920415224913495,0.007692041522491349480968858131487889273356401384083044982698,0.007692041522491349480968858131487889273356401384083044982699,0 <= lambda <= 1/4; canonical P12,equal_weight_three_axis_cone,True,False
31/250,0.124,1/10,959/1334,0.71889055472263868,0.718890554722638680659670164917541229385307346326836581709145,0.718890554722638680659670164917541229385307346326836581709146,0.72716935540482146,0.727169355404821461203977151385559241345203518564823596616014,0.727169355404821461203977151385559241345203518564823596616015,0.0082788006821827805,0.008278800682182780544306986468018011959896172237987014906868,0.008278800682182780544306986468018011959896172237987014906869,18/289,0.0077231833910034602,0.007723183391003460207612456747404844290657439446366782006920,0.007723183391003460207612456747404844290657439446366782006921,0 <= lambda <= 1/4; canonical P12,equal_weight_three_axis_cone,True,False
249/2000,0.1245,1/10,2876/4001,0.71882029492626843,0.718820294926268432891777055736065983504123969007748062984253,0.718820294926268432891777055736065983504123969007748062984254,0.72713486871617512,0.727134868716175115452276236952703893600893915772093021593228,0.727134868716175115452276236952703893600893915772093021593229,0.0083145737899066826,0.008314573789906682560499181216637910096769946764344958608974,0.008314573789906682560499181216637910096769946764344958608975,18/289,0.0077543252595155709,0.007754325259515570934256055363321799307958477508650519031141,0.007754325259515570934256055363321799307958477508650519031142,0 <= lambda <= 1/4; canonical P12,equal_weight_three_axis_cone,True,False
1/8,0.125,1/10,23/32,0.71875,0.718750000000000000000000000000000000000000000000000000000000,0.718750000000000000000000000000000000000000000000000000000000,0.72710036730957008,0.727100367309570082243148354479106829150097536668652185036763,0.727100367309570082243148354479106829150097536668652185036764,0.0083503673095700822,0.008350367309570082243148354479106829150097536668652185036763,0.008350367309570082243148354479106829150097536668652185036764,18/289,0.0077854671280276817,0.007785467128027681660899653979238754325259515570934256055363,0.007785467128027681660899653979238754325259515570934256055364,0 <= lambda <= 1/4; canonical P12,equal_weight_three_axis_cone,True,False
251/2000,0.1255,1/10,958/1333,0.71867966991747937,0.718679669917479369842460615153788447111777944486121530382595,0.718679669917479369842460615153788447111777944486121530382596,0.72706585117401679,0.727065851174016788938875449928472703149317967136135036367142,0.727065851174016788938875449928472703149317967136135036367143,0.0083861812565374191,0.008386181256537419096414834774684256037540022650013505984547,0.008386181256537419096414834774684256037540022650013505984548,18/289,0.0078166089965397924,0.007816608996539792387543252595155709342560553633217993079584,0.007816608996539792387543252595155709342560553633217993079585,0 <= lambda <= 1/4; canonical P12,equal_weight_three_axis_cone,True,False
63/500,0.126,1/10,2873/3998,0.71860930465232616,0.718609304652326163081540770385192596298149074537268634317158,0.718609304652326163081540770385192596298149074537268634317159,0.72703132029851385,0.727031320298513851187088293773805997002481284156998262181155,0.727031320298513851187088293773805997002481284156998262181156,0.0084220156461876881,0.008422015646187688105547523388613400704332209619729627863997,0.008422015646187688105547523388613400704332209619729627863998,18/289,0.0078477508650519031,0.007847750865051903114186851211072664359861591695501730103806,0.007847750865051903114186851211072664359861591695501730103807,0 <= lambda <= 1/4; canonical P12,equal_weight_three_axis_cone,True,False
253/2000,0.1265,1/10,2872/3997,0.71853890417813360,0.718538904178133600200150112584438328746559919939954966224668,0.718538904178133600200150112584438328746559919939954966224669,0.72699677467204806,0.726996774672048056293864763487976739523717645385560842265888,0.726996774672048056293864763487976739523717645385560842265889,0.0084578704939144561,0.008457870493914456093714650903538410777157725445605876041220,0.008457870493914456093714650903538410777157725445605876041221,18/289,0.0078788927335640138,0.007878892733564013840830449826989619377162629757785467128027,0.007878892733564013840830449826989619377162629757785467128028,0 <= lambda <= 1/4; canonical P12,equal_weight_three_axis_cone,True,False
127/1000,0.127,1/10,319/444,0.71846846846846847,0.718468468468468468468468468468468468468468468468468468468468,0.718468468468468468468468468468468468468468468468468468468469,0.72696221428359435,0.726962214283594346567836674285372658966833335353383316981495,0.726962214283594346567836674285372658966833335353383316981496,0.0084937458151258781,0.008493745815125878099368205816904190498364866884914848513026,0.008493745815125878099368205816904190498364866884914848513027,18/289,0.0079100346020761246,0.007910034602076124567474048442906574394463667820069204152249,0.007910034602076124567474048442906574394463667820069204152250,0 <= lambda <= 1/4; canonical P12,equal_weight_three_axis_cone,True,False
51/400,0.1275,1/10,574/799,0.71839799749687109,0.718397997496871088861076345431789737171464330413016270337922,0.718397997496871088861076345431789737171464330413016270337923,0.72692763912211580,0.726927639122115802635244800611630140484034515228967668063279,0.726927639122115802635244800611630140484034515228967668063280,0.0085296416252447138,0.008529641625244713774168455179840403312570184815951397725357,0.008529641625244713774168455179840403312570184815951397725358,18/289,0.0079411764705882353,0.007941176470588235294117647058823529411764705882352941176470,0.007941176470588235294117647058823529411764705882352941176471,0 <= lambda <= 1/4; canonical P12,equal_weight_three_axis_cone,True,False
16/125,0.128,1/10,2869/3994,0.71832749123685528,0.718327491236855282924386579869804707060590886329494241362043,0.718327491236855282924386579869804707060590886329494241362044,0.72689304917656363,0.726893049176563626725881584697529022880032755440004726070647,0.726893049176563626725881584697529022880032755440004726070648,0.0085655579397083438,0.008565557939708343801495004827724315819441869110510484708604,0.008565557939708343801495004827724315819441869110510484708605,18/289,0.0079723183391003460,0.007972318339100346020761245674740484429065743944636678200692,0.007972318339100346020761245674740484429065743944636678200693,0 <= lambda <= 1/4; canonical P12,equal_weight_three_axis_cone,True,False
257/2000,0.1285,1/10,956/1331,0.71825694966190834,0.718256949661908339594290007513148009015777610818933132982719,0.718256949661908339594290007513148009015777610818933132982720,0.72685844443587713,0.726858444435877125929860881908281895459188351821457541516941,0.726858444435877125929860881908281895459188351821457541516942,0.0086014947739687863,0.008601494773968786335570874395133886443410741002524408534222,0.008601494773968786335570874395133886443410741002524408534223,18/289,0.0080034602076124567,0.008003460207612456747404844290657439446366782006920415224913,0.008003460207612456747404844290657439446366782006920415224914,0 <= lambda <= 1/4; canonical P12,equal_weight_three_axis_cone,True,False
129/1000,0.129,1/10,2867/3992,0.71818637274549098,0.718186372745490981963927855711422845691382765531062124248496,0.718186372745490981963927855711422845691382765531062124248497,0.72682382488898370,0.726823824888983695425153945629392521167944347370762498464005,0.726823824888983695425153945629392521167944347370762498464006,0.0086374521434927135,0.008637452143492713461226089917969675476561581839700374215508,0.008637452143492713461226089917969675476561581839700374215509,18/289,0.0080346020761245675,0.008034602076124567474048442906574394463667820069204152249134,0.008034602076124567474048442906574394463667820069204152249135,0 <= lambda <= 1/4; canonical P12,equal_weight_three_axis_cone,True,False
259/2000,0.1295,1/10,2866/3991,0.71811576046103733,0.718115760461037334001503382610874467551991981959408669506389,0.718115760461037334001503382610874467551991981959408669506390,0.72678919052479880,0.726789190524798801675830707033741359100648779576334378417913,0.726789190524798801675830707033741359100648779576334378417914,0.0086734300637614677,0.008673430063761467674327324422866891548656797616925708911524,0.008673430063761467674327324422866891548656797616925708911525,18/289,0.0080657439446366782,0.008065743944636678200692041522491349480968858131487889273356,0.008065743944636678200692041522491349480968858131487889273357,0 <= lambda <= 1/4; canonical P12,equal_weight_three_axis_cone,True,False
13/100,0.13,1/10,191/266,0.71804511278195489,0.718045112781954887218045112781954887218045112781954887218045,0.718045112781954887218045112781954887218045112781954887218046,0.72675454133222597,0.726754541332225965600945257270315586475453500433905334783514,0.726754541332225965600945257270315586475453500433905334783515,0.0087094285502710784,0.008709428550271078382900144488360699257408387651950447565469,0.008709428550271078382900144488360699257408387651950447565470,18/289,0.0080968858131487889,0.008096885813148788927335640138408304498269896193771626297577,0.008096885813148788927335640138408304498269896193771626297578,0 <= lambda <= 1/4; canonical P12,equal_weight_three_axis_cone,True,False
261/2000,0.1305,1/10,2864/3989,0.71797442968162447,0.717974429681624467285033843068438205063925795938831787415392,0.717974429681624467285033843068438205063925795938831787415393,0.72671987730015675,0.726719877300156745714004291401768865345430073657305773260716,0.726719877300156745714004291401768865345430073657305773260717,0.0087454476185322784,0.008745447618532278428970448333330660281504277718473985845323,0.008745447618532278428970448333330660281504277718473985845324,18/289,0.0081280276816608997,0.008128027681660899653979238754325259515570934256055363321799,0.008128027681660899653979238754325259515570934256055363321800,0 <= lambda <= 1/4; canonical P12,equal_weight_three_axis_cone,True,False
131/1000,0.131,1/10,2863/3988,0.71790371113340020,0.717903711133400200601805416248746238716148445336008024072216,0.717903711133400200601805416248746238716148445336008024072217,0.72668519841747072,0.726685198417470721232957124794500323215113795000281435834686,0.726685198417470721232957124794500323215113795000281435834687,0.0087814872840705206,0.008781487284070520631151708545754084498965349664273411762469,0.008781487284070520631151708545754084498965349664273411762470,18/289,0.0081591695501730104,0.008159169550173010380622837370242214532871972318339100346020,0.008159169550173010380622837370242214532871972318339100346021,0 <= lambda <= 1/4; canonical P12,equal_weight_three_axis_cone,True,False
263/2000,0.1315,1/10,318/443,0.71783295711060948,0.717832957110609480812641083521444695259593679458239277652370,0.717832957110609480812641083521444695259593679458239277652371,0.72665050467303548,0.726650504673035475160645743629906386066224650319330914529837,0.726650504673035475160645743629906386066224650319330914529838,0.0088175475624259943,0.008817547562425994348004660108461690806630970861091636877466,0.008817547562425994348004660108461690806630970861091636877467,18/289,0.0081903114186851211,0.008190311418685121107266435986159169550173010380622837370242,0.008190311418685121107266435986159169550173010380622837370243,0 <= lambda <= 1/4; canonical P12,equal_weight_three_axis_cone,True,False
33/250,0.132,1/10,2861/3986,0.71776216758655294,0.717762167586552935273457099849473156046161565479177119919719,0.717762167586552935273457099849473156046161565479177119919720,0.72661579605570658,0.726615796055706577335653201757602373101826142482996854277608,0.726615796055706577335653201757602373101826142482996854277609,0.0088536284691536421,0.008853628469153642062196101908129217055664577003819734357889,0.008853628469153642062196101908129217055664577003819734357890,18/289,0.0082214532871972318,0.008221453287197231833910034602076124567474048442906574394463,0.008221453287197231833910034602076124567474048442906574394464,0 <= lambda <= 1/4; canonical P12,equal_weight_three_axis_cone,True,False
53/400,0.1325,1/10,572/797,0.71769134253450439,0.717691342534504391468005018820577164366373902132998745294855,0.717691342534504391468005018820577164366373902132998745294856,0.72658107255432757,0.726581072554327567453488526249447863438208649424705575521701,0.726581072554327567453488526249447863438208649424705575521702,0.0088897300198231760,0.008889730019823175985483507428870699071834747291706830226845,0.008889730019823175985483507428870699071834747291706830226846,18/289,0.0082525951557093426,0.008252595155709342560553633217993079584775086505190311418685,0.008252595155709342560553633217993079584775086505190311418686,0 <= lambda <= 1/4; canonical P12,equal_weight_three_axis_cone,True,False
133/1000,0.133,1/10,953/1328,0.71762048192771084,0.717620481927710843373493975903614457831325301204819277108433,0.717620481927710843373493975903614457831325301204819277108434,0.72654633415772994,0.726546334157729938058046143735851060417765220859755558189703,0.726546334157729938058046143735851060417765220859755558189704,0.0089258522300190947,0.008925852230019094684552167832236602586439919654936281081270,0.008925852230019094684552167832236602586439919654936281081271,18/289,0.0082837370242214533,0.008283737024221453287197231833910034602076124567474048442906,0.008283737024221453287197231833910034602076124567474048442907,0 <= lambda <= 1/4; canonical P12,equal_weight_three_axis_cone,True,False
267/2000,0.1335,1/10,2858/3983,0.71754958573939242,0.717549585739392417775546070800903841325633944263118252573437,0.717549585739392417775546070800903841325633944263118252573438,0.72651158085473312,0.726511580854733117503277688911778532458463845824679623791702,0.726511580854733117503277688911778532458463845824679623791703,0.0089619951153406997,0.008961995115340699727731618110874691132829901561561371218264,0.008961995115340699727731618110874691132829901561561371218265,18/289,0.0083148788927335640,0.008314878892733564013840830449826989619377162629757785467128,0.008314878892733564013840830449826989619377162629757785467129,0 <= lambda <= 1/4; canonical P12,equal_weight_three_axis_cone,True,False
67/500,0.134,1/10,2857/3982,0.71747865394274234,0.717478653942742340532395781014565544952285283776996484178804,0.717478653942742340532395781014565544952285283776996484178805,0.72647681263414445,0.726476812634144452885013905487859145563493460152606284211293,0.726476812634144452885013905487859145563493460152606284211294,0.0089981586914021124,0.008998158691402112352618124473293600611208176375609800032488,0.008998158691402112352618124473293600611208176375609800032489,18/289,0.0083460207612456747,0.008346020761245674740484429065743944636678200692041522491349,0.008346020761245674740484429065743944636678200692041522491350,0 <= lambda <= 1/4; canonical P12,equal_weight_three_axis_cone,True,False
269/2000,0.1345,1/10,952/1327,0.71740768651092690,0.717407686510926902788244159758854559155990957045968349660889,0.717407686510926902788244159758854559155990957045968349660890,0.72644202948475919,0.726442029484759192942874198330641571805917082585327490011441,0.726442029484759192942874198330641571805917082585327490011442,0.0090343429738322902,0.009034342973832290154630038571787012649926125539359140350551,0.009034342973832290154630038571787012649926125539359140350552,18/289,0.0083771626297577855,0.008377162629757785467128027681660899653979238754325259515570,0.008377162629757785467128027681660899653979238754325259515571,0 <= lambda <= 1/4; canonical P12,equal_weight_three_axis_cone,True,False
27/200,0.135,1/10,571/796,0.71733668341708543,0.717336683417085427135678391959798994974874371859296482412060,0.717336683417085427135678391959798994974874371859296482412061,0.72640723139536047,0.726407231395360470932201243584135798032432890063281681935234,0.726407231395360470932201243584135798032432890063281681935235,0.0090705479782750438,0.009070547978275043796522851624336803057558518203985199523174,0.009070547978275043796522851624336803057558518203985199523175,18/289,0.0084083044982698962,0.008408304498269896193771626297577854671280276816608996539792,0.008408304498269896193771626297577854671280276816608996539793,0 <= lambda <= 1/4; canonical P12,equal_weight_three_axis_cone,True,False
271/2000,0.1355,1/10,2854/3979,0.71726564463433023,0.717265644634330233727067102287006785624528776074390550389545,0.717265644634330233727067102287006785624528776074390550389546,0.72637241835471929,0.726372418354719287465957911190928378005073028201348157740872,0.726372418354719287465957911190928378005073028201348157740873,0.0091067737203890537,0.009106773720389053738890808903921592380544252126957607351327,0.009106773720389053738890808903921592380544252126957607351328,18/289,0.0084394463667820069,0.008439446366782006920415224913494809688581314878892733564013,0.008439446366782006920415224913494809688581314878892733564014,0 <= lambda <= 1/4; canonical P12,equal_weight_three_axis_cone,True,False
17/125,0.136,1/10,317/442,0.71719457013574661,0.717194570135746606334841628959276018099547511312217194570135,0.717194570135746606334841628959276018099547511312217194570136,0.72633759035159449,0.726337590351594493326523601434092030824271973691297967431618,0.726337590351594493326523601434092030824271973691297967431619,0.0091430202158478870,0.009143020215847886991681972474816012724724462379080772861483,0.009143020215847886991681972474816012724724462379080772861484,18/289,0.0084705882352941176,0.008470588235294117647058823529411764705882352941176470588235,0.008470588235294117647058823529411764705882352941176470588236,0 <= lambda <= 1/4; canonical P12,equal_weight_three_axis_cone,True,False
273/2000,0.1365,1/10,2852/3977,0.71712345989439276,0.717123459894392758360573296454614030676389238119185315564495,0.717123459894392758360573296454614030676389238119185315564496,0.72630274737473277,0.726302747374732772247326943899491286325102092369945806623547,0.726302747374732772247326943899491286325102092369945806623548,0.0091792874803400139,0.009179287480340013886753647444877255648712854250760491059052,0.009179287480340013886753647444877255648712854250760491059053,18/289,0.0085017301038062284,0.008501730103806228373702422145328719723183391003460207612456,0.008501730103806228373702422145328719723183391003460207612457,0 <= lambda <= 1/4; canonical P12,equal_weight_three_axis_cone,True,False
137/1000,0.137,1/10,2851/3976,0.71705231388329980,0.717052313883299798792756539235412474849094567404426559356136,0.717052313883299798792756539235412474849094567404426559356137,0.72626788941286862,0.726267889412868623664251653610591330354447535396975804018863,0.726267889412868623664251653610591330354447535396975804018864,0.0092155755295688249,0.009215575529568824871495114375178855505352967992549244662726,0.009215575529568824871495114375178855505352967992549244662727,18/289,0.0085328719723183391,0.008532871972318339100346020761245674740484429065743944636678,0.008532871972318339100346020761245674740484429065743944636679,0 <= lambda <= 1/4; canonical P12,equal_weight_three_axis_cone,True,False
11/80,0.1375,1/10,38/53,0.71698113207547170,0.716981132075471698113207547169811320754716981132075471698113,0.716981132075471698113207547169811320754716981132075471698114,0.72623301645472435,0.726233016454724345436752185013176526662370665583705509075739,0.726233016454724345436752185013176526662370665583705509075740,0.0092518843792526473,0.009251884379252647323544637843365205907653684451630037377625,0.009251884379252647323544637843365205907653684451630037377626,18/289,0.0085640138408304498,0.008564013840830449826989619377162629757785467128027681660899,0.008564013840830449826989619377162629757785467128027681660900,0 <= lambda <= 1/4; canonical P12,equal_weight_three_axis_cone,True,False
69/500,0.138,1/10,2849/3974,0.71690991444388525,0.716909914443885254151987921489682939104177151484650226472068,0.716909914443885254151987921489682939104177151484650226472069,0.72619812848901002,0.726198128489010016538615669984143188371287585738824380047673,0.726198128489010016538615669984143188371287585738824380047674,0.0092882140451247624,0.009288214045124762386627748494460249267110434254174153575604,0.009288214045124762386627748494460249267110434254174153575605,18/289,0.0085951557093425606,0.008595155709342560553633217993079584775086505190311418685121,0.008595155709342560553633217993079584775086505190311418685122,0 <= lambda <= 1/4; canonical P12,equal_weight_three_axis_cone,True,False
277/2000,0.1385,1/10,2848/3973,0.71683866096149006,0.716838660961490057890762647873143720110747545935061666247168,0.716838660961490057890762647873143720110747545935061666247169,0.72616322550442348,0.726163225504423479718306471105408307353035843292860539105107,0.726163225504423479718306471105408307353035843292860539105108,0.0093245645429334218,0.009324564542933421827543823232264587242288297357798872857939,0.009324564542933421827543823232264587242288297357798872857940,18/289,0.0086262975778546713,0.008626297577854671280276816608996539792387543252595155709342,0.008626297577854671280276816608996539792387543252595155709343,0 <= lambda <= 1/4; canonical P12,equal_weight_three_axis_cone,True,False
139/1000,0.139,1/10,949/1324,0.71676737160120846,0.716767371601208459214501510574018126888217522658610271903323,0.716767371601208459214501510574018126888217522658610271903324,0.72612830748965032,0.726128307489650324128829526079627739322602822667472719180966,0.726128307489650324128829526079627739322602822667472719180967,0.0093609358884418649,0.009360935888441864914328015505609612434385300008862447277643,0.009360935888441864914328015505609612434385300008862447277644,18/289,0.0086574394463667820,0.008657439446366782006920415224913494809688581314878892733564,0.008657439446366782006920415224913494809688581314878892733565,0 <= lambda <= 1/4; canonical P12,equal_weight_three_axis_cone,True,False
279/2000,0.1395,1/10,2846/3971,0.71669604633593553,0.716696046335935532611432888441198690506169730546461848400906,0.716696046335935532611432888441198690506169730546461848400907,0.72609337443336387,0.726093374433363867927048503367494731504544509424023279520107,0.726093374433363867927048503367494731504544509424023279520108,0.0093973280974283353,0.009397328097428335315615614926296040998374778877561431119200,0.009397328097428335315615614926296040998374778877561431119201,18/289,0.0086885813148788927,0.008688581314878892733564013840830449826989619377162629757785,0.008688581314878892733564013840830449826989619377162629757786,0 <= lambda <= 1/4; canonical P12,equal_weight_three_axis_cone,True,False
7/50,0.14,1/10,569/794,0.71662468513853904,0.716624685138539042821158690176322418136020151133501259445843,0.716624685138539042821158690176322418136020151133501259445844,0.72605842632422514,0.726058426324225140842394632895538926441896396107774674230789,0.726058426324225140842394632895538926441896396107774674230790,0.0094337411856860980,0.009433741185686098021235942719216508305876244974273414784945,0.009433741185686098021235942719216508305876244974273414784946,18/289,0.0087197231833910035,0.008719723183391003460207612456747404844290657439446366782006,0.008719723183391003460207612456747404844290657439446366782007,0 <= lambda <= 1/4; canonical P12,equal_weight_three_axis_cone,True,False
281/2000,0.1405,1/10,316/441,0.71655328798185941,0.716553287981859410430839002267573696145124716553287981859410,0.716553287981859410430839002267573696145124716553287981859411,0.72602346315088287,0.726023463150882866714901919017208632724161506313598989930821,0.726023463150882866714901919017208632724161506313598989930822,0.0094701751690234563,0.009470175169023456284062916749634936579036789760311008071410,0.009470175169023456284062916749634936579036789760311008071411,18/289,0.0087508650519031142,0.008750865051903114186851211072664359861591695501730103806228,0.008750865051903114186851211072664359861591695501730103806229,0 <= lambda <= 1/4; canonical P12,equal_weight_three_axis_cone,True,False
141/1000,0.141,1/10,2843/3968,0.71648185483870968,0.716481854838709677419354838709677419354838709677419354838709,0.716481854838709677419354838709677419354838709677419354838710,0.72598848490197345,0.725988484901973446002504285807232050678121209921323439303460,0.725988484901973446002504285807232050678121209921323439303461,0.0095066300632637686,0.009506630063263768583149447097554631323282500243904084464751,0.009506630063263768583149447097554631323282500243904084464752,18/289,0.0087820069204152249,0.008782006920415224913494809688581314878892733564013840830449,0.008782006920415224913494809688581314878892733564013840830450,0 <= lambda <= 1/4; canonical P12,equal_weight_three_axis_cone,True,False
283/2000,0.1415,1/10,2842/3967,0.71641038568187547,0.716410385681875472649357196874212251071338542979581547769095,0.716410385681875472649357196874212251071338542979581547769096,0.72595349156612094,0.725953491566120938257530047228448366638263415251686268970016,0.725953491566120938257530047228448366638263415251686268970017,0.0095431058842454656,0.009543105884245465608172850354236115566924872272104721200921,0.009543105884245465608172850354236115566924872272104721200922,18/289,0.0088131487889273356,0.008813148788927335640138408304498269896193771626297577854671,0.008813148788927335640138408304498269896193771626297577854672,0 <= lambda <= 1/4; canonical P12,equal_weight_three_axis_cone,True,False
71/500,0.142,1/10,947/1322,0.71633888048411498,0.716338880484114977307110438729198184568835098335854765506807,0.716338880484114977307110438729198184568835098335854765506808,0.72591848313193704,0.725918483131937044572328936730104512078131137824855122519921,0.725918483131937044572328936730104512078131137824855122519922,0.0095796026478220673,0.009579602647822067265218498000906327509296039489000357013113,0.009579602647822067265218498000906327509296039489000357013114,18/289,0.0088442906574394464,0.008844290657439446366782006920415224913494809688581314878892,0.008844290657439446366782006920415224913494809688581314878893,0 <= lambda <= 1/4; canonical P12,equal_weight_three_axis_cone,True,False
57/400,0.1425,1/10,568/793,0.71626733921815889,0.716267339218158890290037831021437578814627994955863808322824,0.716267339218158890290037831021437578814627994955863808322825,0.72588345958802109,0.725883459588021089993966772415650474751707699492051438753581,0.725883459588021089993966772415650474751707699492051438753582,0.0096161203698621997,0.009616120369862199703928941394212895937079704536187630430757,0.009616120369862199703928941394212895937079704536187630430758,18/289,0.0088754325259515571,0.008875432525951557093425605536332179930795847750865051903114,0.008875432525951557093425605536332179930795847750865051903115,0 <= lambda <= 1/4; canonical P12,equal_weight_three_axis_cone,True,False
143/1000,0.143,1/10,2839/3964,0.71619576185671039,0.716195761856710393541876892028254288597376387487386478304742,0.716195761856710393541876892028254288597376387487386478304743,0.72584842092296001,0.725848420922960005907922675054953103213360721925440647296768,0.725848420922960005907922675054953103213360721925440647296769,0.0096526590662496124,0.009652659066249612366045783026698814615984334438054168992025,0.009652659066249612366045783026698814615984334438054168992026,18/289,0.0089065743944636678,0.008906574394463667820069204152249134948096885813148788927335,0.008906574394463667820069204152249134948096885813148788927336,0 <= lambda <= 1/4; canonical P12,equal_weight_three_axis_cone,True,False
287/2000,0.1435,1/10,946/1321,0.71612414837244512,0.716124148372445117335352006056018168054504163512490537471612,0.716124148372445117335352006056018168054504163512490537471613,0.72581336712532831,0.725813367125328312390723596909198304474375250024995800863619,0.725813367125328312390723596909198304474375250024995800863620,0.0096892187528831951,0.009689218752883195055371590853180136419871086512505263392006,0.009689218752883195055371590853180136419871086512505263392007,18/289,0.0089377162629757785,0.008937716262975778546712802768166089965397923875432525951557,0.008937716262975778546712802768166089965397923875432525951558,0 <= lambda <= 1/4; canonical P12,equal_weight_three_axis_cone,True,False
18/125,0.144,1/10,2837/3962,0.71605249873801111,0.716052498738011105502271580010095911155981827359919232710752,0.716052498738011105502271580010095911155981827359919232710753,0.72577829818368810,0.725778298183688100531450759585172505159492656593831808391715,0.725778298183688100531450759585172505159492656593831808391716,0.0097257994456769950,0.009725799445676995029179179575076594003510829233912575680963,0.009725799445676995029179179575076594003510829233912575680964,18/289,0.0089688581314878893,0.008968858131487889273356401384083044982698961937716262975778,0.008968858131487889273356401384083044982698961937716262975779,0 <= lambda <= 1/4; canonical P12,equal_weight_three_axis_cone,True,False
289/2000,0.1445,1/10,2836/3961,0.71598081292602878,0.715980812926028780610956829083564756374652865438020701842968,0.715980812926028780610956829083564756374652865438020701842969,0.72574321408658901,0.725743214086589014722052438937709486101140865397574977522619,0.725743214086589014722052438937709486101140865397574977522620,0.0097624011605602341,0.009762401160560234111095609854144729726487999959554275679650,0.009762401160560234111095609854144729726487999959554275679651,18/289,0.0090000000000000000,0.008999999999999999999999999999999999999999999999999999999999,0.009000000000000000000000000000000000000000000000000000000001,0 <= lambda <= 1/4; canonical P12,equal_weight_three_axis_cone,True,False
29/200,0.145,1/10,63/88,0.71590909090909091,0.715909090909090909090909090909090909090909090909090909090909,0.715909090909090909090909090909090909090909090909090909090910,0.72570811482256823,0.725708114822568234916397374393456595714956802819591636605277,0.725708114822568234916397374393456595714956802819591636605278,0.0097990239134773258,0.009799023913477325825488283484365686624047711910500727514368,0.009799023913477325825488283484365686624047711910500727514369,18/289,0.0090311418685121107,0.009031141868512110726643598615916955017301038062283737024221,0.009031141868512110726643598615916955017301038062283737024222,0 <= lambda <= 1/4; canonical P12,equal_weight_three_axis_cone,True,False
291/2000,0.1455,1/10,2834/3959,0.71583733265976257,0.715837332659762566304622379388734528921444809295276584996211,0.715837332659762566304622379388734528921444809295276584996212,0.72567300038015046,0.725673000380150458858002918974348397035036093273679466408756,0.725673000380150458858002918974348397035036093273679466408757,0.0098356677203878926,0.009835667720387892553380539585613868113591283978402881412545,0.009835667720387892553380539585613868113591283978402881412546,18/289,0.0090622837370242215,0.009062283737024221453287197231833910034602076124567474048442,0.009062283737024221453287197231833910034602076124567474048443,0 <= lambda <= 1/4; canonical P12,equal_weight_three_axis_cone,True,False
73/500,0.146,1/10,2833/3958,0.71576553815058110,0.715765538150581101566447700859019706922688226376958059626073,0.715765538150581101566447700859019706922688226376958059626074,0.72563787074784788,0.725637870747847884276371884753864597929492635711922617970512,0.725637870747847884276371884753864597929492635711922617970513,0.0098723325972667827,0.009872332597266782709924183894844891006804409334964558344438,0.009872332597266782709924183894844891006804409334964558344439,18/289,0.0090934256055363322,0.009093425605536332179930795847750865051903114186851211072664,0.009093425605536332179930795847750865051903114186851211072665,0 <= lambda <= 1/4; canonical P12,equal_weight_three_axis_cone,True,False
293/2000,0.1465,1/10,944/1319,0.71569370735405610,0.715693707354056103108415466262319939347990902198635329795299,0.715693707354056103108415466262319939347990902198635329795300,0.72560272591416019,0.725602725914160191051871876481876318594014526295055488609065,0.725602725914160191051871876481876318594014526295055488609066,0.0099090185601040879,0.009909018560104087943456410219556379246023624096420158813766,0.009909018560104087943456410219556379246023624096420158813767,18/289,0.0091245674740484429,0.009124567474048442906574394463667820069204152249134948096885,0.009124567474048442906574394463667820069204152249134948096886,0 <= lambda <= 1/4; canonical P12,equal_weight_three_axis_cone,True,False
147/1000,0.147,1/10,2831/3956,0.71562184024266936,0.715621840242669362992922143579373104145601617795753286147623,0.715621840242669362992922143579373104145601617795753286147624,0.72556756586757452,0.725567565867574523349090743663229084699333967605794076858005,0.725567565867574523349090743663229084699333967605794076858006,0.0099457256249051604,0.009945725624905160356168600083855980553732349810040790710381,0.009945725624905160356168600083855980553732349810040790710382,18/289,0.0091557093425605536,0.009155709342560553633217993079584775086505190311418685121107,0.009155709342560553633217993079584775086505190311418685121108,0 <= lambda <= 1/4; canonical P12,equal_weight_three_axis_cone,True,False
59/400,0.1475,1/10,566/791,0.71554993678887484,0.715549936788874841972187104930467762326169405815423514538558,0.715549936788874841972187104930467762326169405815423514538559,0.72553239059656547,0.725532390596565471718601618469746154262664963946147826893222,0.725532390596565471718601618469746154262664963946147826893223,0.0099824538076906297,0.009982453807690629746414513539278391936495558130724312354663,0.009982453807690629746414513539278391936495558130724312354664,18/289,0.0091868512110726644,0.009186851211072664359861591695501730103806228373702422145328,0.009186851211072664359861591695501730103806228373702422145329,0 <= lambda <= 1/4; canonical P12,equal_weight_three_axis_cone,True,False
37/250,0.148,1/10,943/1318,0.71547799696509863,0.715477996965098634294385432473444613050075872534142640364188,0.715477996965098634294385432473444613050075872534142640364189,0.72549720008959506,0.725497200089595055167070843503630664017103959015186811890096,0.725497200089595055167070843503630664017103959015186811890097,0.010019203124496421,0.010019203124496420872685411030186050967028086481044171525908,0.010019203124496420872685411030186050967028086481044171525909,18/289,0.0092179930795847751,0.009217993079584775086505190311418685121107266435986159169550,0.009217993079584775086505190311418685121107266435986159169551,0 <= lambda <= 1/4; canonical P12,equal_weight_three_axis_cone,True,False
297/2000,0.1485,1/10,2828/3953,0.71540602074373893,0.715406020743738932456362256514039969643308879332152795345307,0.715406020743738932456362256514039969643308879332152795345308,0.72546199433511270,0.725461994335112703195641929610863387090350839386798412556479,0.725461994335112703195641929610863387090350839386798412556480,0.010055973591373771,0.010055973591373770739279673096823417447041960054645617211172,0.010055973591373770739279673096823417447041960054645617211173,18/289,0.0092491349480968858,0.009249134948096885813148788927335640138408304498269896193771,0.009249134948096885813148788927335640138408304498269896193772,0 <= lambda <= 1/4; canonical P12,equal_weight_three_axis_cone,True,False
149/1000,0.149,1/10,2827/3952,0.71533400809716599,0.715334008097165991902834008097165991902834008097165991902834,0.715334008097165991902834008097165991902834008097165991902835,0.72542677332155524,0.725426773321555237806528519664693376998528905333583797536510,0.725426773321555237806528519664693376998528905333583797536511,0.010092765224389246,0.010092765224389245903694511567527385095694897236417805633676,0.010092765224389245903694511567527385095694897236417805633677,18/289,0.0092802768166089965,0.009280276816608996539792387543252595155709342560553633217993,0.009280276816608996539792387543252595155709342560553633217994,0 <= lambda <= 1/4; canonical P12,equal_weight_three_axis_cone,True,False
299/2000,0.1495,1/10,314/439,0.71526195899772210,0.715261958997722095671981776765375854214123006833712984054669,0.715261958997722095671981776765375854214123006833712984054670,0.72539153703734686,0.725391537037346855477749169500255141325678697479993897336210,0.725391537037346855477749169500255141325678697479993897336211,0.010129578039624760,0.010129578039624759805767392734879287111555690646280913281540,0.010129578039624759805767392734879287111555690646280913281541,18/289,0.0093114186851211073,0.009311418685121107266435986159169550173010380622837370242214,0.009311418685121107266435986159169550173010380622837370242215,0 <= lambda <= 1/4; canonical P12,equal_weight_three_axis_cone,True,False
3/20,0.15,1/10,113/158,0.71518987341772152,0.715189873417721518987341772151898734177215189873417721518987,0.715189873417721518987341772151898734177215189873417721518988,0.72535628547089911,0.725356285470899109105936591980266889806304856299440273607725,0.725356285470899109105936591980266889806304856299440273607726,0.010166412053177590,0.010166412053177590118594819828368155629089666426022552088737,0.010166412053177590118594819828368155629089666426022552088738,18/289,0.0093425605536332180,0.009342560553633217993079584775086505190311418685121107266435,0.009342560553633217993079584775086505190311418685121107266436,0 <= lambda <= 1/4; canonical P12,equal_weight_three_axis_cone,True,False
301/2000,0.1505,1/10,2824/3949,0.71511775132945049,0.715117751329450493795897695619144087110660926816915674854393,0.715117751329450493795897695619144087110660926816915674854394,0.72532101861061089,0.725321018610610889917153844507213403994369829185906985737160,0.725321018610610889917153844507213403994369829185906985737161,0.010203267281160396,0.010203267281160396121256148888069316883708902368991310882766,0.010203267281160396121256148888069316883708902368991310882767,18/289,0.0093737024221453287,0.009373702422145328719723183391003460207612456747404844290657,0.009373702422145328719723183391003460207612456747404844290658,0 <= lambda <= 1/4; canonical P12,equal_weight_three_axis_cone,True,False
151/1000,0.151,1/10,941/1316,0.71504559270516717,0.715045592705167173252279635258358662613981762917933130699088,0.715045592705167173252279635258358662613981762917933130699089,0.72528573644486841,0.725285736444868409345649774167932648195621920569739424961015,0.725285736444868409345649774167932648195621920569739424961016,0.010240143739701236,0.010240143739701236093370138909573985581640157651806294261927,0.010240143739701236093370138909573985581640157651806294261928,18/289,0.0094048442906574394,0.009404844290657439446366782006920415224913494809688581314878,0.009404844290657439446366782006920415224913494809688581314879,0 <= lambda <= 1/4; canonical P12,equal_weight_three_axis_cone,True,False
303/2000,0.1515,1/10,2822/3947,0.71497339751710160,0.714973397517101596148973904231061565746136306055231821636686,0.714973397517101596148973904231061565746136306055231821636687,0.72525043896204518,0.725250438962045180880485868100640733903822023661620965050043,0.725250438962045180880485868100640733903822023661620965050044,0.010277041444943585,0.010277041444943584731511963869579168157685717606389143413357,0.010277041444943584731511963869579168157685717606389143413358,18/289,0.0094359861591695502,0.009435986159169550173010380622837370242214532871972318339100,0.009435986159169550173010380622837370242214532871972318339101,0 <= lambda <= 1/4; canonical P12,equal_weight_three_axis_cone,True,False
19/125,0.152,1/10,2821/3946,0.71490116573745565,0.714901165737455651292448048656867714140902179422199695894576,0.714901165737455651292448048656867714140902179422199695894577,0.72521512615050200,0.725215126150502001879966489610673474073300423127032755763293,0.725215126150502001879966489610673474073300423127032755763294,0.010313960413046351,0.010313960413046350587518440953805759932398243704833059868716,0.010313960413046350587518440953805759932398243704833059868717,18/289,0.0094671280276816609,0.009467128027681660899653979238754325259515570934256055363321,0.009467128027681660899653979238754325259515570934256055363322,0 <= lambda <= 1/4; canonical P12,equal_weight_three_axis_cone,True,False
61/400,0.1525,1/10,188/263,0.71482889733840304,0.714828897338403041825095057034220532319391634980988593155893,0.714828897338403041825095057034220532319391634980988593155894,0.72517979799858694,0.725179797998586935353804313028117572251632609676051229263693,0.725179797998586935353804313028117572251632609676051229263694,0.010350900660183894,0.010350900660183893528709255993897039932240974695062636107799,0.010350900660183893528709255993897039932240974695062636107800,18/289,0.0094982698961937716,0.009498269896193771626297577854671280276816608996539792387543,0.009498269896193771626297577854671280276816608996539792387544,0 <= lambda <= 1/4; canonical P12,equal_weight_three_axis_cone,True,False
153/1000,0.153,1/10,2819/3944,0.71475659229208925,0.714756592292089249492900608519269776876267748478701825557809,0.714756592292089249492900608519269776876267748478701825557810,0.72514445449463529,0.725144454494635291712952602296568359686400344501611900576838,0.725144454494635291712952602296568359686400344501611900576839,0.010387862202546042,0.010387862202546042220051993777298582810132596022910075019028,0.010387862202546042220051993777298582810132596022910075019029,18/289,0.0095294117647058824,0.009529411764705882352941176470588235294117647058823529411764,0.009529411764705882352941176470588235294117647058823529411765,0 <= lambda <= 1/4; canonical P12,equal_weight_three_axis_cone,True,False
307/2000,0.1535,1/10,2818/3943,0.71468425057063150,0.714684250570631498858737002282525995434948009130103981739792,0.714684250570631498858737002282525995434948009130103981739793,0.72510909562696961,0.725109095626969610487035809805996597567461239176819838489902,0.725109095626969610487035809805996597567461239176819838489903,0.010424845056338112,0.010424845056338111628298807523470602132513230046715856750110,0.010424845056338111628298807523470602132513230046715856750111,18/289,0.0095605536332179931,0.009560553633217993079584775086505190311418685121107266435986,0.009560553633217993079584775086505190311418685121107266435987,0 <= lambda <= 1/4; canonical P12,equal_weight_three_axis_cone,True,False
77/500,0.154,1/10,313/438,0.71461187214611872,0.714611872146118721461187214611872146118721461187214611872146,0.714611872146118721461187214611872146118721461187214611872147,0.72507372138389964,0.725073721383899642009309803032641659835564324596193653133227,0.725073721383899642009309803032641659835564324596193653133228,0.010461849237780921,0.010461849237780920548122588420769513716842863408979041261081,0.010461849237780920548122588420769513716842863408979041261082,18/289,0.0095916955017301038,0.009591695501730103806228373702422145328719723183391003460207,0.009591695501730103806228373702422145328719723183391003460208,0 <= lambda <= 1/4; canonical P12,equal_weight_three_axis_cone,True,False
309/2000,0.1545,1/10,2816/3941,0.71453945699061152,0.714539456990611519918802334432885054554681552905353971073331,0.714539456990611519918802334432885054554681552905353971073332,0.72503833175372233,0.725038331753722329069082857123474624313104014122753948478847,0.725038331753722329069082857123474624313104014122753948478848,0.010498874763110809,0.010498874763110809150280522690589569758422461217399977405516,0.010498874763110809150280522690589569758422461217399977405517,18/289,0.0096228373702422145,0.009622837370242214532871972318339100346020761245674740484429,0.009622837370242214532871972318339100346020761245674740484430,0 <= lambda <= 1/4; canonical P12,equal_weight_three_axis_cone,True,False
31/200,0.155,1/10,563/788,0.71446700507614213,0.714467005076142131979695431472081218274111675126903553299492,0.714467005076142131979695431472081218274111675126903553299493,0.72500292672472179,0.725002926724721788531528381660589387473695787435566149037901,0.725002926724721788531528381660589387473695787435566149037902,0.010535921648579657,0.010535921648579656551832950188508169199584112308662595738408,0.010535921648579656551832950188508169199584112308662595738409,18/289,0.0096539792387543253,0.009653979238754325259515570934256055363321799307958477508650,0.009653979238754325259515570934256055363321799307958477508651,0 <= lambda <= 1/4; canonical P12,equal_weight_three_axis_cone,True,False
311/2000,0.1555,1/10,938/1313,0.71439451637471439,0.714394516374714394516374714394516374714394516374714394516374,0.714394516374714394516374714394516374714394516374714394516375,0.72496750628516929,0.724967506285169292924820179460374563184026651937209114984838,0.724967506285169292924820179460374563184026651937209114984839,0.010572989910454898,0.010572989910454898408445465065858188469632135562494720468463,0.010572989910454898408445465065858188469632135562494720468464,18/289,0.0096851211072664360,0.009685121107266435986159169550173010380622837370242214532871,0.009685121107266435986159169550173010380622837370242214532872,0 <= lambda <= 1/4; canonical P12,equal_weight_three_axis_cone,True,False
39/250,0.156,1/10,2813/3938,0.71432199085830371,0.714321990858303707465718638902996444895886236668359573387506,0.714321990858303707465718638902996444895886236668359573387507,0.72493207042332325,0.724932070423323251994520864401980011090749682464823034426530,0.724932070423323251994520864401980011090749682464823034426531,0.010610079565019545,0.010610079565019544528802225498983566194863445796463461039024,0.010610079565019544528802225498983566194863445796463461039025,18/289,0.0097162629757785467,0.009716262975778546712802768166089965397923875432525951557093,0.009716262975778546712802768166089965397923875432525951557094,0 <= lambda <= 1/4; canonical P12,equal_weight_three_axis_cone,True,False
313/2000,0.1565,1/10,2812/3937,0.71424942849885700,0.714249428498856997713995427990855981711963423926847853695707,0.714249428498856997713995427990855981711963423926847853695708,0.72489661912742919,0.724896619127429194225153893937900429021675510626503370610435,0.724896619127429194225153893937900429021675510626503370610436,0.010647190628572197,0.010647190628572196511158465947044447309712086699655516914727,0.010647190628572196511158465947044447309712086699655516914728,18/289,0.0097474048442906574,0.009747404844290657439446366782006920415224913494809688581314,0.009747404844290657439446366782006920415224913494809688581315,0 <= lambda <= 1/4; canonical P12,equal_weight_three_axis_cone,True,False
157/1000,0.157,1/10,937/1312,0.71417682926829268,0.714176829268292682926829268292682926829268292682926829268292,0.714176829268292682926829268292682926829268292682926829268293,0.72486115238571975,0.724861152385719748328889500114930258461625037528919551148709,0.724861152385719748328889500114930258461625037528919551148710,0.010684323117427065,0.010684323117427065402060231822247331632356744845992721880417,0.010684323117427065402060231822247331632356744845992721880418,18/289,0.0097785467128027682,0.009778546712802768166089965397923875432525951557093425605536,0.009778546712802768166089965397923875432525951557093425605537,0 <= lambda <= 1/4; canonical P12,equal_weight_three_axis_cone,True,False
63/400,0.1575,1/10,562/787,0.71410419313850064,0.714104193138500635324015247776365946632782719186785260482846,0.714104193138500635324015247776365946632782719186785260482847,0.72482567018641462,0.724825670186414624701274630624769554437497555465357830174631,0.724825670186414624701274630624769554437497555465357830174632,0.010721477047913989,0.010721477047913989377259382848403607804714836278572569691785,0.010721477047913989377259382848403607804714836278572569691786,18/289,0.0098096885813148789,0.009809688581314878892733564013840830449826989619377162629757,0.009809688581314878892733564013840830449826989619377162629758,0 <= lambda <= 1/4; canonical P12,equal_weight_three_axis_cone,True,False
79/500,0.158,1/10,2809/3934,0.71403152008134215,0.714031520081342145399084900864260294865277071682765632943568,0.714031520081342145399084900864260294865277071682765632943569,0.72479017251772060,0.724790172517720596843936838608644440804835708180242191981190,0.724790172517720596843936838608644440804835708180242191981191,0.010758652436378451,0.010758652436378451444851937744384145939558636497476559037621,0.010758652436378451444851937744384145939558636497476559037622,18/289,0.0098408304498269896,0.009840830449826989619377162629757785467128027681660899653979,0.009840830449826989619377162629757785467128027681660899653980,0 <= lambda <= 1/4; canonical P12,equal_weight_three_axis_cone,True,False
317/2000,0.1585,1/10,312/437,0.71395881006864989,0.713958810068649885583524027459954233409610983981693363844393,0.713958810068649885583524027459954233409610983981693363844394,0.72475465936783148,0.724754659367831482754191886657907886155387373750966110139042,0.724754659367831482754191886657907886155387373750966110139043,0.010795849299181597,0.010795849299181597170667859197953652745776389769272746294648,0.010795849299181597170667859197953652745776389769272746294649,18/289,0.0098719723183391003,0.009871972318339100346020761245674740484429065743944636678200,0.009871972318339100346020761245674740484429065743944636678201,0 <= lambda <= 1/4; canonical P12,equal_weight_three_axis_cone,True,False
159/1000,0.159,1/10,2807/3932,0.71388606307222787,0.713886063072227873855544252288911495422177009155645981688708,0.713886063072227873855544252288911495422177009155645981688709,0.72471913072492813,0.724719130724928126281484656681160948018879881016028252237346,0.724719130724928126281484656681160948018879881016028252237347,0.010833067652700252,0.010833067652700252425940404392249452596702871860382270548638,0.010833067652700252425940404392249452596702871860382270548639,18/289,0.0099031141868512111,0.009903114186851211072664359861591695501730103806228373702422,0.009903114186851211072664359861591695501730103806228373702423,0 <= lambda <= 1/4; canonical P12,equal_weight_three_axis_cone,True,False
319/2000,0.1595,1/10,2806/3931,0.71381327906385144,0.713813279063851437293309590435003815822945815314169422538794,0.713813279063851437293309590435003815822945815314169422538795,0.72468358657717838,0.724683586577178378450592783046430052837712873115303834451388,0.724683586577178378450592783046430052837712873115303834451389,0.010870307513326941,0.010870307513326941157283192611426237014767057801134411912594,0.010870307513326941157283192611426237014767057801134411912595,18/289,0.0099342560553633218,0.009934256055363321799307958477508650519031141868512110726643,0.009934256055363321799307958477508650519031141868512110726644,0 <= lambda <= 1/4; canonical P12,equal_weight_three_axis_cone,True,False
4/25,0.16,1/10,187/262,0.71374045801526718,0.713740458015267175572519083969465648854961832061068702290076,0.713740458015267175572519083969465648854961832061068702290077,0.72464802691273708,0.724648026912737078751522251652795549852579867317795260775708,0.724648026912737078751522251652795549852579867317795260775709,0.010907568897469903,0.010907568897469903179003167683329900997618035256726558485631,0.010907568897469903179003167683329900997618035256726558485632,18/289,0.0099653979238754325,0.009965397923875432525951557093425605536332179930795847750865,0.009965397923875432525951557093425605536332179930795847750866,0 <= lambda <= 1/4; canonical P12,equal_weight_three_axis_cone,True,False
321/2000,0.1605,1/10,2804/3929,0.71366759989819292,0.713667599898192924408246373122932043777042504454059557139221,0.713667599898192924408246373122932043777042504454059557139222,0.72461245171974604,0.724612451719746036396024032338028455248281441990144911794388,0.724612451719746036396024032338028455248281441990144911794389,0.010944851821553112,0.010944851821553111987777659215096411471238937536085354655167,0.010944851821553111987777659215096411471238937536085354655168,18/289,0.0099965397923875433,0.009996539792387543252595155709342560553633217993079584775086,0.009996539792387543252595155709342560553633217993079584775087,0 <= lambda <= 1/4; canonical P12,equal_weight_three_axis_cone,True,False
161/1000,0.161,1/10,2803/3928,0.71359470468431772,0.713594704684317718940936863543788187372708757637474541751527,0.713594704684317718940936863543788187372708757637474541751528,0.72457686098633401,0.724576860986334011540660636285688237296218799332438898006223,0.724576860986334011540660636285688237296218799332438898006224,0.010982156302016293,0.010982156302016292599723772741900049923510041694964356254695,0.010982156302016292599723772741900049923510041694964356254696,18/289,0.010027681660899654,0.010027681660899653979238754325259515570934256055363321799307,0.010027681660899653979238754325259515570934256055363321799308,0 <= lambda <= 1/4; canonical P12,equal_weight_three_axis_cone,True,False
323/2000,0.1615,1/10,934/1309,0.71352177234530176,0.713521772345301757066462948815889992360580595874713521772345,0.713521772345301757066462948815889992360580595874713521772346,0.72454125470061670,0.724541254700616696476351313855191402982992329086909449078133,0.724541254700616696476351313855191402982992329086909449078134,0.011019482355314939,0.011019482355314939409888365039301410622411733212195927305788,0.011019482355314939409888365039301410622411733212195927305789,18/289,0.010058823529411765,0.010058823529411764705882352941176470588235294117647058823529,0.010058823529411764705882352941176470588235294117647058823530,0 <= lambda <= 1/4; canonical P12,equal_weight_three_axis_cone,True,False
81/500,0.162,1/10,2801/3926,0.71344880285277636,0.713448802852776362710137544574630667345899133978604177279673,0.713448802852776362710137544574630667345899133978604177279674,0.72450563285069670,0.724505632850696696784324431519999700038077170198502473839604,0.724505632850696696784324431519999700038077170198502473839605,0.011056829997920334,0.011056829997920334074186886945369032692178036219898296559930,0.011056829997920334074186886945369032692178036219898296559931,18/289,0.010089965397923875,0.010089965397923875432525951557093425605536332179930795847750,0.010089965397923875432525951557093425605536332179930795847751,0 <= lambda <= 1/4; canonical P12,equal_weight_three_axis_cone,True,False
13/80,0.1625,1/10,112/157,0.71337579617834395,0.713375796178343949044585987261146496815286624203821656050955,0.713375796178343949044585987261146496815286624203821656050956,0.72446999542466351,0.724469995424663512458405389360713541246434145493536009136388,0.724469995424663512458405389360713541246434145493536009136389,0.011094199246319563,0.011094199246319563413819402099567044431147521289714353085433,0.011094199246319563413819402099567044431147521289714353085434,18/289,0.010121107266435986,0.010121107266435986159169550173010380622837370242214532871972,0.010121107266435986159169550173010380622837370242214532871973,0 <= lambda <= 1/4; canonical P12,equal_weight_three_axis_cone,True,False
163/1000,0.163,1/10,311/436,0.71330275229357798,0.713302752293577981651376146788990825688073394495412844036697,0.713302752293577981651376146788990825688073394495412844036698,0.72443434241059352,0.724434342410593518993568262819900792274149564119107603376757,0.724434342410593518993568262819900792274149564119107603376758,0.011131590117015537,0.011131590117015537342192116030909966586076169623694759340060,0.011131590117015537342192116030909966586076169623694759340061,18/289,0.010152249134948097,0.010152249134948096885813148788927335640138408304498269896193,0.010152249134948096885813148788927335640138408304498269896194,0 <= lambda <= 1/4; canonical P12,equal_weight_three_axis_cone,True,False
327/2000,0.1635,1/10,2798/3923,0.71322967117002294,0.713229671170022941626306398164669895488146826408360948253887,0.713229671170022941626306398164669895488146826408360948253888,0.72439867379654995,0.724398673796549948440679174182347725983905295950968488943852,0.724398673796549948440679174182347725983905295950968488943853,0.011169002626527007,0.011169002626527006814372776017677830495758469542607540689964,0.011169002626527006814372776017677830495758469542607540689965,18/289,0.010183391003460208,0.010183391003460207612456747404844290657439446366782006920415,0.010183391003460207612456747404844290657439446366782006920416,0 <= lambda <= 1/4; canonical P12,equal_weight_three_axis_cone,True,False
41/250,0.164,1/10,2797/3922,0.71315655277919429,0.713156552779194288628250892401835798062213156552779194288628,0.713156552779194288628250892401835798062213156552779194288629,0.72436298957058287,0.724362989570582870427359220496486483810287093405219973772842,0.724362989570582870427359220496486483810287093405219973772843,0.011206436791388582,0.011206436791388581799108328094650685748073936852440779484214,0.011206436791388581799108328094650685748073936852440779484215,18/289,0.010214532871972318,0.010214532871972318339100346020761245674740484429065743944636,0.010214532871972318339100346020761245674740484429065743944637,0 <= lambda <= 1/4; canonical P12,equal_weight_three_axis_cone,True,False
329/2000,0.1645,1/10,932/1307,0.71308339709257842,0.713083397092578423871461361897475133894414690130068859984697,0.713083397092578423871461361897475133894414690130068859984698,0.72432728972072917,0.724327289720729173144894605398424887132892401305358191779284,0.724327289720729173144894605398424887132892401305358191779285,0.011243892628150749,0.011243892628150749273433243500949753238477711175289331794586,0.011243892628150749273433243500949753238477711175289331794587,18/289,0.010245674740484429,0.010245674740484429065743944636678200692041522491349480968858,0.010245674740484429065743944636678200692041522491349480968859,0 <= lambda <= 1/4; canonical P12,equal_weight_three_axis_cone,True,False
33/200,0.165,1/10,559/784,0.71301020408163265,0.713010204081632653061224489795918367346938775510204081632653,0.713010204081632653061224489795918367346938775510204081632654,0.72429157423501254,0.724291574235012544301121442537667316148797522577455989767581,0.724291574235012544301121442537667316148797522577455989767582,0.011281370153379891,0.011281370153379891239896952741748948801858747067251908134928,0.011281370153379891239896952741748948801858747067251908134929,18/289,0.010276816608996540,0.010276816608996539792387543252595155709342560553633217993079,0.010276816608996539792387543252595155709342560553633217993080,0 <= lambda <= 1/4; canonical P12,equal_weight_three_axis_cone,True,False
331/2000,0.1655,1/10,2794/3919,0.71293697371778515,0.712936973717785149272773666751722378157693289104363357999489,0.712936973717785149272773666751722378157693289104363357999490,0.72425584310144345,0.724255843101443452039212518031651324321847126620345695070816,0.724255843101443452039212518031651324321847126620345695070817,0.011318869383658303,0.011318869383658302766438851279928946164153837515982337071327,0.011318869383658302766438851279928946164153837515982337071328,18/289,0.010307958477508651,0.010307958477508650519031141868512110726643598615916955017301,0.010307958477508650519031141868512110726643598615916955017302,0 <= lambda <= 1/4; canonical P12,equal_weight_three_axis_cone,True,False
83/500,0.166,1/10,931/1306,0.71286370597243492,0.712863705972434915773353751914241960183767228177641653905053,0.712863705972434915773353751914241960183767228177641653905054,0.72422009630801913,0.724220096308019125822293118593009661098218567449595561550696,0.724220096308019125822293118593009661098218567449595561550697,0.011356390335584210,0.011356390335584210048939366678767700914451339271953907645642,0.011356390335584210048939366678767700914451339271953907645643,18/289,0.010339100346020761,0.010339100346020761245674740484429065743944636678200692041522,0.010339100346020761245674740484429065743944636678200692041523,0 <= lambda <= 1/4; canonical P12,equal_weight_three_axis_cone,True,False
333/2000,0.1665,1/10,2792/3917,0.71279040081695175,0.712790400816951748787337247893796272657646157773806484554505,0.712790400816951748787337247893796272657646157773806484554506,0.72418433384272354,0.724184333842723537283812850677371664173877632157115527285657,0.724184333842723537283812850677371664173877632157115527285658,0.011393933025771788,0.011393933025771788496475602783575391516231474383309042731151,0.011393933025771788496475602783575391516231474383309042731152,18/289,0.010370242214532872,0.010370242214532871972318339100346020761245674740484429065743,0.010370242214532871972318339100346020761245674740484429065744,0 <= lambda <= 1/4; canonical P12,equal_weight_three_axis_cone,True,False
167/1000,0.167,1/10,2791/3916,0.71271705822267620,0.712717058222676200204290091930541368743615934627170582226762,0.712717058222676200204290091930541368743615934627170582226763,0.72414855569352738,0.724148555693527381043600194188906014674847892883394430316891,0.724148555693527381043600194188906014674847892883394430316892,0.011431497470851181,0.011431497470851180839310102258364645931231958256223848090129,0.011431497470851180839310102258364645931231958256223848090130,18/289,0.010401384083044983,0.010401384083044982698961937716262975778546712802768166089965,0.010401384083044982698961937716262975778546712802768166089966,0 <= lambda <= 1/4; canonical P12,equal_weight_three_axis_cone,True,False
67/400,0.1675,1/10,62/87,0.71264367816091954,0.712643678160919540229885057471264367816091954022988505747126,0.712643678160919540229885057471264367816091954022988505747127,0.72411276184838806,0.724112761848388055489526351954037290735032861017687521060442,0.724112761848388055489526351954037290735032861017687521060443,0.011469083687468515,0.011469083687468515259641294482772922918940906994699015313316,0.011469083687468515259641294482772922918940906994699015313317,18/289,0.010432525951557093,0.010432525951557093425605536332179930795847750865051903114186,0.010432525951557093425605536332179930795847750865051903114187,0 <= lambda <= 1/4; canonical P12,equal_weight_three_axis_cone,True,False
21/125,0.168,1/10,2789/3914,0.71257026060296372,0.712570260602963719979560551865099642309657639243740419008686,0.712570260602963719979560551865099642309657639243740419008687,0.72407695229524964,0.724076952295249643524704773329194458204472495174499272724118,0.724076952295249643524704773329194458204472495174499272724119,0.011506691692285924,0.011506691692285923545144221464094815894814855930758853715431,0.011506691692285923545144221464094815894814855930758853715432,18/289,0.010463667820069204,0.010463667820069204152249134948096885813148788927335640138408,0.010463667820069204152249134948096885813148788927335640138409,0 <= lambda <= 1/4; canonical P12,equal_weight_three_axis_cone,True,False
337/2000,0.1685,1/10,2788/3913,0.71249680552006133,0.712496805520061334014822386915410171224124712496805520061334,0.712496805520061334014822386915410171224124712496805520061335,0.72404112702204289,0.724041127022042893280152546944417414511757230646845303652617,0.724041127022042893280152546944417414511757230646845303652618,0.011544321501981559,0.011544321501981559265330160029007243287632518150039783591283,0.011544321501981559265330160029007243287632518150039783591284,18/289,0.010494809688581315,0.010494809688581314878892733564013840830449826989619377162629,0.010494809688581314878892733564013840830449826989619377162630,0 <= lambda <= 1/4; canonical P12,equal_weight_three_axis_cone,True,False
169/1000,0.169,1/10,929/1304,0.71242331288343558,0.712423312883435582822085889570552147239263803680981595092024,0.712423312883435582822085889570552147239263803680981595092025,0.72400528601668520,0.724005286016685198792839673699499105038547950792574306361384,0.724005286016685198792839673699499105038547950792574306361385,0.011581973133249616,0.011581973133249615970753784128946957799284147111592711269360,0.011581973133249615970753784128946957799284147111592711269361,18/289,0.010525951557093426,0.010525951557093425605536332179930795847750865051903114186851,0.010525951557093425605536332179930795847750865051903114186852,0 <= lambda <= 1/4; canonical P12,equal_weight_three_axis_cone,True,False
339/2000,0.1695,1/10,2786/3911,0.71234978266428024,0.712349782664280235233955510099718742009716185118895423165430,0.712349782664280235233955510099718742009716185118895423165431,0.72396942926708058,0.723969429267080580649052046721410828967694426595531916278764,0.723969429267080580649052046721410828967694426595531916278765,0.011619646602800345,0.011619646602800345415096536621692086957978241476636493113334,0.011619646602800345415096536621692086957978241476636493113335,18/289,0.010557093425605536,0.010557093425605536332179930795847750865051903114186851211072,0.010557093425605536332179930795847750865051903114186851211073,0 <= lambda <= 1/4; canonical P12,equal_weight_three_axis_cone,True,False
17/100,0.17,1/10,557/782,0.71227621483375959,0.712276214833759590792838874680306905370843989769820971867007,0.712276214833759590792838874680306905370843989769820971867008,0.72393355676111967,0.723933556761119666592993780059376504936178016286917920884880,0.723933556761119666592993780059376504936178016286917920884881,0.011657341927360076,0.011657341927360075800154905379069599565334026517096949017873,0.011657341927360075800154905379069599565334026517096949017874,18/289,0.010588235294117647,0.010588235294117647058823529411764705882352941176470588235294,0.010588235294117647058823529411764705882352941176470588235295,0 <= lambda <= 1/4; canonical P12,equal_weight_three_axis_cone,True,False
341/2000,0.1705,1/10,928/1303,0.71220260936300844,0.712202609363008442056792018419033000767459708365310821181887,0.712202609363008442056792018419033000767459708365310821181888,0.72389766848667967,0.723897668486679672100554342435451307675811903950795638744111,0.723897668486679672100554342435451307675811903950795638744112,0.011695059123671230,0.011695059123671230043762324016418306908352195585484817562223,0.011695059123671230043762324016418306908352195585484817562224,18/289,0.010619377162629758,0.010619377162629757785467128027681660899653979238754325259515,0.010619377162629757785467128027681660899653979238754325259516,0 <= lambda <= 1/4; canonical P12,equal_weight_three_axis_cone,True,False
171/1000,0.171,1/10,2783/3908,0.71212896622313204,0.712128966223132036847492323439099283520982599795291709314227,0.712128966223132036847492323439099283520982599795291709314228,0.72386176443162438,0.723861764431624380918165766382138693942838110302994756901370,0.723861764431624380918165766382138693942838110302994756901371,0.011732798208492344,0.011732798208492344070673442943039410421855510507703047587143,0.011732798208492344070673442943039410421855510507703047587144,18/289,0.010650519031141869,0.010650519031141868512110726643598615916955017301038062283737,0.010650519031141868512110726643598615916955017301038062283738,0 <= lambda <= 1/4; canonical P12,equal_weight_three_axis_cone,True,False
343/2000,0.1715,1/10,2782/3907,0.71205528538520604,0.712055285385206040440235474788840542615817762989506014845149,0.712055285385206040440235474788840542615817762989506014845150,0.72382584458380413,0.723825844583804125566675016582758912026744664280079859384765,0.723825844583804125566675016582758912026744664280079859384766,0.011770559198598085,0.011770559198598085126439541793918369410926901290573844539615,0.011770559198598085126439541793918369410926901290573844539616,18/289,0.010681660899653979,0.010681660899653979238754325259515570934256055363321799307958,0.010681660899653979238754325259515570934256055363321799307959,0 <= lambda <= 1/4; canonical P12,equal_weight_three_axis_cone,True,False
43/250,0.172,1/10,309/434,0.71198156682027650,0.711981566820276497695852534562211981566820276497695852534562,0.711981566820276497695852534562211981566820276497695852534563,0.72378990893105577,0.723789908931055767810156414183267137065376938621909773071588,0.723789908931055767810156414183267137065376938621909773071589,0.011808342110779270,0.011808342110779270114303879621055155498556662124213920537026,0.011808342110779270114303879621055155498556662124213920537027,18/289,0.010712802768166090,0.010712802768166089965397923875432525951557093425605536332179,0.010712802768166089965397923875432525951557093425605536332180,0 <= lambda <= 1/4; canonical P12,equal_weight_three_axis_cone,True,False
69/400,0.1725,1/10,556/781,0.71190781049935980,0.711907810499359795134443021766965428937259923175416133162612,0.711907810499359795134443021766965428937259923175416133162613,0.72375395746120268,0.723753957461202679089588826264309874379063370577013223644996,0.723753957461202679089588826264309874379063370577013223644997,0.011846146961842884,0.011846146961842883955145804497344445441803447401597090482384,0.011846146961842883955145804497344445441803447401597090482385,18/289,0.010743944636678201,0.010743944636678200692041522491349480968858131487889273356401,0.010743944636678200692041522491349480968858131487889273356402,0 <= lambda <= 1/4; canonical P12,equal_weight_three_axis_cone,True,False
173/1000,0.173,1/10,2779/3904,0.71183401639344262,0.711834016393442622950819672131147540983606557377049180327868,0.711834016393442622950819672131147540983606557377049180327869,0.72371799016205472,0.723717990162054720921322141547797658649739649207718850007071,0.723717990162054720921322141547797658649739649207718850007072,0.011883973768612098,0.011883973768612097970502469416650117666133091830669669679202,0.011883973768612097970502469416650117666133091830669669679203,18/289,0.010775086505190311,0.010775086505190311418685121107266435986159169550173010380622,0.010775086505190311418685121107266435986159169550173010380623,0 <= lambda <= 1/4; canonical P12,equal_weight_three_axis_cone,True,False
347/2000,0.1735,1/10,926/1301,0.71176018447348194,0.711760184473481936971560338201383551114527286702536510376633,0.711760184473481936971560338201383551114527286702536510376634,0.72368200702140823,0.723682007021408225260257364761447711420261573384264404415577,0.723682007021408225260257364761447711420261573384264404415578,0.011921822547926288,0.011921822547926288288697026560064160305734286681727894038943,0.011921822547926288288697026560064160305734286681727894038944,18/289,0.010806228373702422,0.010806228373702422145328719723183391003460207612456747404844,0.010806228373702422145328719723183391003460207612456747404845,0 <= lambda <= 1/4; canonical P12,equal_weight_three_axis_cone,True,False
87/500,0.174,1/10,2777/3902,0.71168631471040492,0.711686314710404920553562275756022552537160430548436699128651,0.711686314710404920553562275756022552537160430548436699128652,0.72364600802704597,0.723646008027045974827664472895893372563475466492194518929233,0.723646008027045974827664472895893372563475466492194518929234,0.011959693316641054,0.011959693316641054274102197139870820026315035943757819800581,0.011959693316641054274102197139870820026315035943757819800582,18/289,0.010837370242214533,0.010837370242214532871972318339100346020761245674740484429065,0.010837370242214532871972318339100346020761245674740484429066,0 <= lambda <= 1/4; canonical P12,equal_weight_three_axis_cone,True,False
349/2000,0.1745,1/10,2776/3901,0.71161240707510895,0.711612407075108946423993847731350935657523711868751602153294,0.711612407075108946423993847731350935657523711868751602153295,0.72360999316673718,0.723609993166737183403561986860342944790232176396494392855171,0.723609993166737183403561986860342944790232176396494392855172,0.011997586091628237,0.011997586091628236979568139128992009132708464527742790701877,0.011997586091628236979568139128992009132708464527742790701878,18/289,0.010868512110726644,0.010868512110726643598615916955017301038062283737024221453287,0.010868512110726643598615916955017301038062283737024221453288,0 <= lambda <= 1/4; canonical P12,equal_weight_three_axis_cone,True,False
7/40,0.175,1/10,37/52,0.71153846153846154,0.711538461538461538461538461538461538461538461538461538461538,0.711538461538461538461538461538461538461538461538461538461539,0.72357396242823748,0.723573962428237476083582021772668093929375651746730384654329,0.723573962428237476083582021772668093929375651746730384654330,0.012035500889775938,0.012035500889775937622043560234206555467837190208268846192790,0.012035500889775937622043560234206555467837190208268846192791,18/289,0.010899653979238754,0.010899653979238754325259515570934256055363321799307958477508,0.010899653979238754325259515570934256055363321799307958477509,0 <= lambda <= 1/4; canonical P12,equal_weight_three_axis_cone,True,False
351/2000,0.1755,1/10,2774/3899,0.71146447807130033,0.711464478071300333418825339830725827135162862272377532700692,0.711464478071300333418825339830725827135162862272377532700693,0.72353791579928887,0.723537915799288869500244388306473975844497226512654843366414,0.723537915799288869500244388306473975844497226512654843366415,0.012073437727988536,0.012073437727988536081419048475748148709334364240277310665721,0.012073437727988536081419048475748148709334364240277310665722,18/289,0.010930795847750865,0.010930795847750865051903114186851211072664359861591695501730,0.010930795847750865051903114186851211072664359861591695501731,0 <= lambda <= 1/4; canonical P12,equal_weight_three_axis_cone,True,False
22/125,0.176,1/10,2773/3898,0.71139045664443304,0.711390456644433042585941508465879938429964084145715751667521,0.711390456644433042585941508465879938429964084145715751667522,0.72350185326761975,0.723501853267619752008563126159406467743295058644230189873063,0.723501853267619752008563126159406467743295058644230189873064,0.012111396623186709,0.012111396623186709422621617693526529313330974498514438205541,0.012111396623186709422621617693526529313330974498514438205542,18/289,0.010961937716262976,0.010961937716262975778546712802768166089965397923875432525951,0.010961937716262975778546712802768166089965397923875432525952,0 <= lambda <= 1/4; canonical P12,equal_weight_three_axis_cone,True,False
353/2000,0.1765,1/10,308/433,0.71131639722863741,0.711316397228637413394919168591224018475750577367205542725173,0.711316397228637413394919168591224018475750577367205542725174,0.72346577482094486,0.723465774820944863835908658801936707384498071692222796117272,0.723465774820944863835908658801936707384498071692222796117273,0.012149377592307450,0.012149377592307450440989490210712688908747494325017253392098,0.012149377592307450440989490210712688908747494325017253392099,18/289,0.010993079584775087,0.010993079584775086505190311418685121107266435986159169550173,0.010993079584775086505190311418685121107266435986159169550174,0 <= lambda <= 1/4; canonical P12,equal_weight_three_axis_cone,True,False
177/1000,0.177,1/10,2771/3896,0.71124229979466119,0.711242299794661190965092402464065708418891170431211498973305,0.711242299794661190965092402464065708418891170431211498973306,0.72342968044696528,0.723429680446965277196048566212373789836682681686558796266794,0.723429680446965277196048566212373789836682681686558796266795,0.012187380652304086,0.012187380652304086230956163748308081417791511255347297293488,0.012187380652304086230956163748308081417791511255347297293489,18/289,0.011024221453287197,0.011024221453287197231833910034602076124567474048442906574394,0.011024221453287197231833910034602076124567474048442906574395,0 <= lambda <= 1/4; canonical P12,equal_weight_three_axis_cone,True,False
71/400,0.1775,1/10,554/779,0.71116816431322208,0.711168164313222079589216944801026957637997432605905006418485,0.711168164313222079589216944801026957637997432605905006418486,0.72339357013336838,0.723393570133368376367289779300130876510261736688650397984264,0.723393570133368376367289779300130876510261736688650397984265,0.012225405820146297,0.012225405820146296778072834499103918872264304082745391565779,0.012225405820146296778072834499103918872264304082745391565780,18/289,0.011055363321799308,0.011055363321799307958477508650519031141868512110726643598615,0.011055363321799307958477508650519031141868512110726643598616,0 <= lambda <= 1/4; canonical P12,equal_weight_three_axis_cone,True,False
89/500,0.178,1/10,923/1298,0.71109399075500770,0.711093990755007704160246533127889060092449922958397534668721,0.711093990755007704160246533127889060092449922958397534668722,0.72335744386782784,0.723357443867827837734644806163539786088004084322616137638084,0.723357443867827837734644806163539786088004084322616137638085,0.012263453112820134,0.012263453112820133574398273035650725995554161364218602969363,0.012263453112820133574398273035650725995554161364218602969364,18/289,0.011086505190311419,0.011086505190311418685121107266435986159169550173010380622837,0.011086505190311418685121107266435986159169550173010380622838,0 <= lambda <= 1/4; canonical P12,equal_weight_three_axis_cone,True,False
357/2000,0.1785,1/10,2768/3893,0.71101977909067557,0.711019779090675571538659131774980734651939378371435910608784,0.711019779090675571538659131774980734651939378371435910608785,0.72332130163800361,0.723321301638003609795944406218999700364274276905681376446942,0.723321301638003609795944406218999700364274276905681376446943,0.012301522547328038,0.012301522547328038257285274444018965712334898534245465838157,0.012301522547328038257285274444018965712334898534245465838158,18/289,0.011117647058823529,0.011117647058823529411764705882352941176470588235294117647058,0.011117647058823529411764705882352941176470588235294117647059,0 <= lambda <= 1/4; canonical P12,equal_weight_three_axis_cone,True,False
179/1000,0.179,1/10,2767/3892,0.71094552929085303,0.710945529290853031860226104830421377183967112024665981500513,0.710945529290853031860226104830421377183967112024665981500514,0.72328514343154189,0.723285143431541893131818933573175931452655725452659082626592,0.723285143431541893131818933573175931452655725452659082626593,0.012339614140688861,0.012339614140688861271592828742754554268688613427993101126078,0.012339614140688861271592828742754554268688613427993101126079,18/289,0.011148788927335640,0.011148788927335640138408304498269896193771626297577854671280,0.011148788927335640138408304498269896193771626297577854671281,0 <= lambda <= 1/4; canonical P12,equal_weight_three_axis_cone,True,False
359/2000,0.1795,1/10,922/1297,0.71087124132613724,0.710871241326137239784117193523515805705474171164225134926754,0.710871241326137239784117193523515805705474171164225134926755,0.72324896923607512,0.723248969236075120339470375787547399969912899352959063020693,0.723248969236075120339470375787547399969912899352959063020694,0.012377727909937881,0.012377727909937880555353182264031594264438728188733928093939,0.012377727909937880555353182264031594264438728188733928093940,18/289,0.011179930795847751,0.011179930795847750865051903114186851211072664359861591695501,0.011179930795847750865051903114186851211072664359861591695502,0 <= lambda <= 1/4; canonical P12,equal_weight_three_axis_cone,True,False
9/50,0.18,1/10,553/778,0.71079691516709512,0.710796915167095115681233933161953727506426735218508997429305,0.710796915167095115681233933161953727506426735218508997429306,0.72321277903922194,0.723212779039221935930156918403042819339177022054924272988799,0.723212779039221935930156918403042819339177022054924272988800,0.012415863872126820,0.012415863872126820248922985241089091832750286836415275559493,0.012415863872126820248922985241089091832750286836415275559494,18/289,0.011211072664359862,0.011211072664359861591695501730103806228373702422145328719723,0.011211072664359861591695501730103806228373702422145328719724,0 <= lambda <= 1/4; canonical P12,equal_weight_three_axis_cone,True,False
361/2000,0.1805,1/10,2764/3889,0.71072255078426331,0.710722550784263306762663923887888917459501157109796862946772,0.710722550784263306762663923887888917459501157109796862946773,0.72317657282858718,0.723176572828587176190311669250005409914465647351810918741090,0.723176572828587176190311669250005409914465647351810918741091,0.012454022044323869,0.012454022044323869427647745362116492454964490242014055794317,0.012454022044323869427647745362116492454964490242014055794318,18/289,0.011242214532871972,0.011242214532871972318339100346020761245674740484429065743944,0.011242214532871972318339100346020761245674740484429065743945,0 <= lambda <= 1/4; canonical P12,equal_weight_three_axis_cone,True,False
181/1000,0.181,1/10,307/432,0.71064814814814815,0.710648148148148148148148148148148148148148148148148148148148,0.710648148148148148148148148148148148148148148148148148148149,0.72314035059176185,0.723140350591761849006216979663477681588217784473445897953906,0.723140350591761849006216979663477681588217784473445897953907,0.012492202443613701,0.012492202443613700858068831515329533440069636325297749805758,0.012492202443613700858068831515329533440069636325297749805759,18/289,0.011273356401384083,0.011273356401384083044982698961937716262975778546712802768166,0.011273356401384083044982698961937716262975778546712802768167,0 <= lambda <= 1/4; canonical P12,equal_weight_three_axis_cone,True,False
363/2000,0.1815,1/10,2762/3887,0.71057370722922562,0.710573707229225623874453305891432981733985078466683817854386,0.710573707229225623874453305891432981733985078466683817854387,0.72310411231632311,0.723104112316323113652155602253988365698269157717675116937085,0.723104112316323113652155602253988365698269157717675116937086,0.012530405087097490,0.012530405087097489777702296362555383964284079250991299082699,0.012530405087097489777702296362555383964284079250991299082700,18/289,0.011304498269896194,0.011304498269896193771626297577854671280276816608996539792387,0.011304498269896193771626297577854671280276816608996539792388,0 <= lambda <= 1/4; canonical P12,equal_weight_three_axis_cone,True,False
91/500,0.182,1/10,2761/3886,0.71049922799794133,0.710499227997941327843540916109109624292331446217189912506433,0.710499227997941327843540916109109624292331446217189912506434,0.72306785798983426,0.723067857989834260541959726847833399185943452773106131068087,0.723067857989834260541959726847833399185943452773106131068088,0.012568629991892933,0.012568629991892932698418810738723774893612006555916218561654,0.012568629991892932698418810738723774893612006555916218561655,18/289,0.011335640138408304,0.011335640138408304498269896193771626297577854671280276816608,0.011335640138408304498269896193771626297577854671280276816609,0 <= lambda <= 1/4; canonical P12,equal_weight_three_axis_cone,True,False
73/400,0.1825,1/10,184/259,0.71042471042471042,0.710424710424710424710424710424710424710424710424710424710424,0.710424710424710424710424710424710424710424710424710424710425,0.72303158759984469,0.723031587599844690943878737606445905311111435217373360369164,0.723031587599844690943878737606445905311111435217373360369165,0.012606877175134266,0.012606877175134266233454027181735480600686724792662935658739,0.012606877175134266233454027181735480600686724792662935658740,18/289,0.011366782006920415,0.011366782006920415224913494809688581314878892733564013840830,0.011366782006920415224913494809688581314878892733564013840831,0 <= lambda <= 1/4; canonical P12,equal_weight_three_axis_cone,True,False
183/1000,0.183,1/10,2759/3884,0.71035015447991761,0.710350154479917610710607621009268795056642636457260556127703,0.710350154479917610710607621009268795056642636457260556127704,0.72299530113388990,0.722995301133889896658686335160013775847565051186484220109449,0.722995301133889896658686335160013775847565051186484220109450,0.012645146653972286,0.012645146653972285948078714150744980790922414729223663981746,0.012645146653972285948078714150744980790922414729223663981747,18/289,0.011397923875432526,0.011397923875432525951557093425605536332179930795847750865051,0.011397923875432525951557093425605536332179930795847750865052,0 <= lambda <= 1/4; canonical P12,equal_weight_three_axis_cone,True,False
367/2000,0.1835,1/10,2758/3883,0.71027556013391707,0.710275560133917074426989441153747102755601339170744269894411,0.710275560133917074426989441153747102755601339170744269894412,0.72295899857949144,0.722958998579491439660947467844188574655957427304019978501045,0.722958998579491439660947467844188574655957427304019978501046,0.012683438445574365,0.012683438445574365233958026690441471900356088133275708606634,0.012683438445574365233958026690441471900356088133275708606635,18/289,0.011429065743944637,0.011429065743944636678200692041522491349480968858131487889273,0.011429065743944636678200692041522491349480968858131487889274,0 <= lambda <= 1/4; canonical P12,equal_weight_three_axis_cone,True,False
23/125,0.184,1/10,919/1294,0.71020092735703246,0.710200927357032457496136012364760432766615146831530139103554,0.710200927357032457496136012364760432766615146831530139103555,0.72292267992415693,0.722922679924156931703365315808690296135679122282780388294830,0.722922679924156931703365315808690296135679122282780388294831,0.012721752567124474,0.012721752567124474207229303443929863369063975451250249191275,0.012721752567124474207229303443929863369063975451250249191276,18/289,0.011460207612456747,0.011460207612456747404844290657439446366782006920415224913494,0.011460207612456747404844290657439446366782006920415224913495,0 <= lambda <= 1/4; canonical P12,equal_weight_three_axis_cone,True,False
369/2000,0.1845,1/10,2756/3881,0.71012625611955682,0.710126256119556815253800566864210255088894614790002576655501,0.710126256119556815253800566864210255088894614790002576655502,0.72288634515538001,0.722886345155380013884128370870996651766713655334965106871505,0.722886345155380013884128370870996651766713655334965106871506,0.012760089035823199,0.012760089035823198630327804006786396677819040544962530216004,0.012760089035823198630327804006786396677819040544962530216005,18/289,0.011491349480968858,0.011491349480968858131487889273356401384083044982698961937716,0.011491349480968858131487889273356401384083044982698961937717,0 <= lambda <= 1/4; canonical P12,equal_weight_three_axis_cone,True,False
37/200,0.185,1/10,551/776,0.71005154639175258,0.710051546391752577319587628865979381443298969072164948453608,0.710051546391752577319587628865979381443298969072164948453609,0.72284999426064034,0.722849994260640336177177453515254008353694460422341725016033,0.722849994260640336177177453515254008353694460422341725016034,0.012798447868887759,0.012798447868887758857589824649274626910395491350176776562425,0.012798447868887758857589824649274626910395491350176776562426,18/289,0.011522491349480969,0.011522491349480968858131487889273356401384083044982698961937,0.011522491349480968858131487889273356401384083044982698961938,0 <= lambda <= 1/4; canonical P12,equal_weight_three_axis_cone,True,False
371/2000,0.1855,1/10,306/431,0.70997679814385151,0.709976798143851508120649651972157772621809744779582366589327,0.709976798143851508120649651972157772621809744779582366589328,0.72281362722740354,0.722813627227403536925312306384194178170476291109650658003420,0.722813627227403536925312306384194178170476291109650658003421,0.012836829083552029,0.012836829083552028804662654412036405548666546330068291414093,0.012836829083552028804662654412036405548666546330068291414094,18/289,0.011553633217993080,0.011553633217993079584775086505190311418685121107266435986159,0.011553633217993079584775086505190311418685121107266435986160,0 <= lambda <= 1/4; canonical P12,equal_weight_three_axis_cone,True,False
93/500,0.186,1/10,2753/3878,0.70990201134605467,0.709902011346054667354306343476018566271273852501289324394017,0.709902011346054667354306343476018566271273852501289324394018,0.72277724404312122,0.722777244043121222296057200978314584059458734576732553391463,0.722777244043121222296057200978314584059458734576732553391464,0.012875232697066555,0.012875232697066554941750857502296017788184882075443228997445,0.012875232697066554941750857502296017788184882075443228997446,18/289,0.011584775086505190,0.011584775086505190311418685121107266435986159169550173010380,0.011584775086505190311418685121107266435986159169550173010381,0 <= lambda <= 1/4; canonical P12,equal_weight_three_axis_cone,True,False
373/2000,0.1865,1/10,2752/3877,0.70982718596853237,0.709827185968532370389476399277792107299458344080474593758060,0.709827185968532370389476399277792107299458344080474593758061,0.72274084469523095,0.722740844695230945700204791059999789912863418899698232431987,0.722740844695230945700204791059999789912863418899698232431988,0.012913658726698575,0.012913658726698575310728391782207682613405074819223638673927,0.012913658726698575310728391782207682613405074819223638673928,18/289,0.011615916955017301,0.011615916955017301038062283737024221453287197231833910034602,0.011615916955017301038062283737024221453287197231833910034603,0 <= lambda <= 1/4; canonical P12,equal_weight_three_axis_cone,True,False
187/1000,0.187,1/10,917/1292,0.70975232198142415,0.709752321981424148606811145510835913312693498452012383900928,0.709752321981424148606811145510835913312693498452012383900929,0.72270442917115619,0.722704429171156187172957242458744148719599225807505906821284,0.722704429171156187172957242458744148719599225807505906821285,0.012952107189732039,0.012952107189732038566146096947908235406905727355493522920355,0.012952107189732038566146096947908235406905727355493522920356,18/289,0.011647058823529412,0.011647058823529411764705882352941176470588235294117647058823,0.011647058823529411764705882352941176470588235294117647058824,0 <= lambda <= 1/4; canonical P12,equal_weight_three_axis_cone,True,False
3/16,0.1875,1/10,22/31,0.70967741935483871,0.709677419354838709677419354838709677419354838709677419354838,0.709677419354838709677419354838709677419354838709677419354839,0.72266799745830633,0.722667997458306332717583464585285751329487684640664878651904,0.722667997458306332717583464585285751329487684640664878651905,0.012990578103467623,0.012990578103467623040164109746576073910132845930987459297066,0.012990578103467623040164109746576073910132845930987459297067,18/289,0.011678200692041522,0.011678200692041522491349480968858131487889273356401384083044,0.011678200692041522491349480968858131487889273356401384083045,0 <= lambda <= 1/4; canonical P12,equal_weight_three_axis_cone,True,False
47/250,0.188,1/10,2749/3874,0.70960247805885390,0.709602478058853897780072276716572018585441404233350542075374,0.709602478058853897780072276716572018585441404233350542075375,0.72263154954407665,0.722631549544076653611511063985381532284198214388905077520300,0.722631549544076653611511063985381532284198214388905077520301,0.013029071485222756,0.013029071485222755831438787268809513698756810155554535444926,0.013029071485222755831438787268809513698756810155554535444927,18/289,0.011709342560553633,0.011709342560553633217993079584775086505190311418685121107266,0.011709342560553633217993079584775086505190311418685121107267,0 <= lambda <= 1/4; canonical P12,equal_weight_three_axis_cone,True,False
377/2000,0.1885,1/10,916/1291,0.70952749806351665,0.709527498063516653756777691711851278079008520526723470178156,0.709527498063516653756777691711851278079008520526723470178157,0.72259508541584829,0.722595085415848285674771434696236048810755891774858379012637,0.722595085415848285674771434696236048810755891774858379012638,0.013067587352331632,0.013067587352331631917993742984384770731747371248134908834481,0.013067587352331631917993742984384770731747371248134908834482,18/289,0.011740484429065744,0.011740484429065743944636678200692041522491349480968858131487,0.011740484429065743944636678200692041522491349480968858131488,0 <= lambda <= 1/4; canonical P12,equal_weight_three_axis_cone,True,False
189/1000,0.189,1/10,2747/3872,0.70945247933884298,0.709452479338842975206611570247933884297520661157024793388429,0.709452479338842975206611570247933884297520661157024793388430,0.72255860506098821,0.722558605060988208500716194008328983986486102655143157143361,0.722558605060988208500716194008328983986486102655143157143362,0.013106125722145233,0.013106125722145233294104623760395099688965441498118363754931,0.013106125722145233294104623760395099688965441498118363754932,18/289,0.011771626297577855,0.011771626297577854671280276816608996539792387543252595155709,0.011771626297577854671280276816608996539792387543252595155710,0 <= lambda <= 1/4; canonical P12,equal_weight_three_axis_cone,True,False
379/2000,0.1895,1/10,2746/3871,0.70937742185481788,0.709377421854817876517695685869284422629811418238181348488762,0.709377421854817876517695685869284422629811418238181348488763,0.72252210846684922,0.722522108466849224648922965480648840959147653789222684436369,0.722522108466849224648922965480648840959147653789222684436370,0.013144686612031348,0.013144686612031348131227279611364418329336235551041335947607,0.013144686612031348131227279611364418329336235551041335947608,18/289,0.011802768166089965,0.011802768166089965397923875432525951557093425605536332179930,0.011802768166089965397923875432525951557093425605536332179931,0 <= lambda <= 1/4; canonical P12,equal_weight_three_axis_cone,True,False
19/100,0.19,1/10,61/86,0.70930232558139535,0.709302325581395348837209302325581395348837209302325581395348,0.709302325581395348837209302325581395348837209302325581395349,0.72248559562076994,0.722485595620769938800208303706205687678751626731813655759005,0.722485595620769938800208303706205687678751626731813655759006,0.013183270039374590,0.013183270039374589962999001380624292329914417429488074363656,0.013183270039374589962999001380624292329914417429488074363657,18/289,0.011833910034602076,0.011833910034602076124567474048442906574394463667820069204152,0.011833910034602076124567474048442906574394463667820069204153,0 <= lambda <= 1/4; canonical P12,equal_weight_three_axis_cone,True,False
381/2000,0.1905,1/10,2744/3869,0.70922719048849832,0.709227190488498319979322822434737658309640734039803566813130,0.709227190488498319979322822434737658309640734039803566813131,0.72244906651007474,0.722449066510074736873665347375230339189847214486392915022615,0.722449066510074736873665347375230339189847214486392915022616,0.013221876021576417,0.013221876021576416894342524940492680880206480446589348209485,0.013221876021576416894342524940492680880206480446589348209486,18/289,0.011865051903114187,0.011865051903114186851211072664359861591695501730103806228373,0.011865051903114186851211072664359861591695501730103806228374,0 <= lambda <= 1/4; canonical P12,equal_weight_three_axis_cone,True,False
191/1000,0.191,1/10,2743/3868,0.70915201654601861,0.709152016546018614270941054808686659772492244053774560496380,0.709152016546018614270941054808686659772492244053774560496381,0.72241252112207377,0.722412521122073765105643578633730220579243511279701773429938,0.722412521122073765105643578633730220579243511279701773429939,0.013260504576055151,0.013260504576055150834702523825043560806751267225927212933557,0.013260504576055150834702523825043560806751267225927212933558,18/289,0.011896193771626298,0.011896193771626297577854671280276816608996539792387543252595,0.011896193771626297577854671280276816608996539792387543252596,0 <= lambda <= 1/4; canonical P12,equal_weight_three_axis_cone,True,False
383/2000,0.1915,1/10,914/1289,0.70907680372381691,0.709076803723816912335143522110162916989914662529092319627618,0.709076803723816912335143522110162916989914662529092319627619,0.72237595944406291,0.722375959444062909090587857583115539129553075179229062469521,0.722375959444062909090587857583115539129553075179229062469522,0.013299155720245997,0.013299155720245996755444335472952622139638412650136742841903,0.013299155720245996755444335472952622139638412650136742841904,18/289,0.011927335640138408,0.011927335640138408304498269896193771626297577854671280276816,0.011927335640138408304498269896193771626297577854671280276817,0 <= lambda <= 1/4; canonical P12,equal_weight_three_axis_cone,True,False
24/125,0.192,1/10,2741/3866,0.70900155199172271,0.709001551991722710812209001551991722710812209001551991722710,0.709001551991722710812209001551991722710812209001551991722711,0.72233938146332377,0.722339381463323772783653691010478489858887683634643152929562,0.722339381463323772783653691010478489858887683634643152929563,0.013337829471601062,0.013337829471601061971444689458486767148075474633091161206851,0.013337829471601061971444689458486767148075474633091161206852,18/289,0.011958477508650519,0.011958477508650519031141868512110726643598615916955017301038,0.011958477508650519031141868512110726643598615916955017301039,0 <= lambda <= 1/4; canonical P12,equal_weight_three_axis_cone,True,False
77/400,0.1925,1/10,548/773,0.70892626131953428,0.708926261319534282018111254851228978007761966364812419146183,0.708926261319534282018111254851228978007761966364812419146184,0.72230278716712366,0.722302787167123657465015484076841157175975183449521933482052,0.722302787167123657465015484076841157175975183449521933482053,0.013376525847589375,0.013376525847589375446904229225612179168213217084709514335868,0.013376525847589375446904229225612179168213217084709514335869,18/289,0.011989619377162630,0.011989619377162629757785467128027681660899653979238754325259,0.011989619377162629757785467128027681660899653979238754325260,0 <= lambda <= 1/4; canonical P12,equal_weight_three_axis_cone,True,False
193/1000,0.193,1/10,913/1288,0.70885093167701863,0.708850931677018633540372670807453416149068322981366459627329,0.708850931677018633540372670807453416149068322981366459627330,0.72226617654271554,0.722266176542715540665784312720315613620345891149716769769771,0.722266176542715540665784312720315613620345891149716769769772,0.013415244865696907,0.013415244865696907125411641912862197471277568168350310142442,0.013415244865696907125411641912862197471277568168350310142443,18/289,0.012020761245674740,0.012020761245674740484429065743944636678200692041522491349480,0.012020761245674740484429065743944636678200692041522491349481,0 <= lambda <= 1/4; canonical P12,equal_weight_three_axis_cone,True,False
387/2000,0.1935,1/10,2738/3863,0.70877556303391147,0.708775563033911467771162309086202433341962205539735956510484,0.708775563033911467771162309086202433341962205539735956510485,0.72222954957733806,0.722229549577338055055451542950666407317354538621818601224368,0.722229549577338055055451542950666407317354538621818601224369,0.013453986543426587,0.013453986543426587284289233864463973975392333082082644713884,0.013453986543426587284289233864463973975392333082082644713885,18/289,0.012051903114186851,0.012051903114186851211072664359861591695501730103806228373702,0.012051903114186851211072664359861591695501730103806228373703,0 <= lambda <= 1/4; canonical P12,equal_weight_three_axis_cone,True,False
97/500,0.194,1/10,2737/3862,0.70870015535991714,0.708700155359917141377524598653547384774728120145002589331952,0.708700155359917141377524598653547384774728120145002589331953,0.72219290625821547,0.722192906258215467290774411019247993348162563029940695525328,0.722192906258215467290774411019247993348162563029940695525329,0.013492750898298326,0.013492750898298325913249812365700608573434442884938106193375,0.013492750898298325913249812365700608573434442884938106193376,18/289,0.012083044982698962,0.012083044982698961937716262975778546712802768166089965397923,0.012083044982698961937716262975778546712802768166089965397924,0 <= lambda <= 1/4; canonical P12,equal_weight_three_axis_cone,True,False
389/2000,0.1945,1/10,304/429,0.70862470862470862,0.708624708624708624708624708624708624708624708624708624708624,0.708624708624708624708624708624708624708624708624708624708625,0.72215624657255766,0.722156246572557656826019465641717360652389935119498485004243,0.722156246572557656826019465641717360652389935119498485004244,0.013531537947849032,0.013531537947849032117394757017008735943765226494789860295618,0.013531537947849032117394757017008735943765226494789860295619,18/289,0.012114186851211073,0.012114186851211072664359861591695501730103806228373702422145,0.012114186851211072664359861591695501730103806228373702422146,0 <= lambda <= 1/4; canonical P12,equal_weight_three_axis_cone,True,False
39/200,0.195,1/10,547/772,0.70854922279792746,0.708549222797927461139896373056994818652849740932642487046632,0.708549222797927461139896373056994818652849740932642487046633,0.72211957050756009,0.722119570507560094684479560028297606291040931079830288734727,0.722119570507560094684479560028297606291040931079830288734728,0.013570347709632634,0.013570347709632633544583186971302787638191190147187801688094,0.013570347709632633544583186971302787638191190147187801688095,18/289,0.012145328719723183,0.012145328719723183391003460207612456747404844290657439446366,0.012145328719723183391003460207612456747404844290657439446367,0 <= lambda <= 1/4; canonical P12,equal_weight_three_axis_cone,True,False
391/2000,0.1955,1/10,2734/3859,0.70847369784918373,0.708473697849183726353977714433791137600414615185281160922518,0.708473697849183726353977714433791137600414615185281160922519,0.72208287805040382,0.722082878050403822191179867435686766291089694633382387558395,0.722082878050403822191179867435686766291089694633382387558396,0.013609180201220096,0.013609180201220095837202153001895628690675079448101226635876,0.013609180201220095837202153001895628690675079448101226635877,18/289,0.012176470588235294,0.012176470588235294117647058823529411764705882352941176470588,0.012176470588235294117647058823529411764705882352941176470589,0 <= lambda <= 1/4; canonical P12,equal_weight_three_axis_cone,True,False
49/250,0.196,1/10,911/1286,0.70839813374805599,0.708398133748055987558320373250388802488335925349922239502332,0.708398133748055987558320373250388802488335925349922239502333,0.72204616918825543,0.722046169188255429666688179293955834023424783683679565055555,0.722046169188255429666688179293955834023424783683679565055556,0.013648035440199442,0.013648035440199442108367806043567031535088858333757325553222,0.013648035440199442108367806043567031535088858333757325553223,18/289,0.012207612456747405,0.012207612456747404844290657439446366782006920415224913494809,0.012207612456747404844290657439446366782006920415224913494810,0 <= lambda <= 1/4; canonical P12,equal_weight_three_axis_cone,True,False
393/2000,0.1965,1/10,2732/3857,0.70832253046409126,0.708322530464091262639357013222711952294529427015815400570391,0.708322530464091262639357013222711952294529427015815400570392,0.72200944390826704,0.722009443908267035081944529678941315236602358408448115125080,0.722009443908267035081944529678941315236602358408448115125081,0.013686913444175772,0.013686913444175772442587516456229362942072931392632714554689,0.013686913444175772442587516456229362942072931392632714554690,18/289,0.012238754325259516,0.012238754325259515570934256055363321799307958477508650519031,0.012238754325259515570934256055363321799307958477508650519032,0 <= lambda <= 1/4; canonical P12,equal_weight_three_axis_cone,True,False
197/1000,0.197,1/10,2731/3856,0.70824688796680498,0.708246887966804979253112033195020746887966804979253112033195,0.708246887966804979253112033195020746887966804979253112033196,0.72197270219757626,0.721972702197576262674024973993684311600423933635925663909873,0.721972702197576262674024973993684311600423933635925663909874,0.013725814230771283,0.013725814230771283420912940798663564712457128656672551876678,0.013725814230771283420912940798663564712457128656672551876679,18/289,0.012269896193771626,0.012269896193771626297577854671280276816608996539792387543252,0.012269896193771626297577854671280276816608996539792387543253,0 <= lambda <= 1/4; canonical P12,equal_weight_three_axis_cone,True,False
79/400,0.1975,1/10,182/257,0.70817120622568093,0.708171206225680933852140077821011673151750972762645914396887,0.708171206225680933852140077821011673151750972762645914396888,0.72193594404330622,0.721935944043306221522754133189366086982239993869367983714462,0.721935944043306221522754133189366086982239993869367983714463,0.013764737817625288,0.013764737817625287670614055368354413830489021106722069317575,0.013764737817625287670614055368354413830489021106722069317576,18/289,0.012301038062283737,0.012301038062283737024221453287197231833910034602076124567474,0.012301038062283737024221453287197231833910034602076124567475,0 <= lambda <= 1/4; canonical P12,equal_weight_three_axis_cone,True,False
99/500,0.198,1/10,2729/3854,0.70809548521017125,0.708095485210171250648676699532952776336274001037882719252724,0.708095485210171250648676699532952776336274001037882719252725,0.72189916943256548,0.721899169432565484088080897694898085531211048022948529300395,0.721899169432565484088080897694898085531211048022948529300396,0.013803684222394233,0.013803684222394233439404198161945309194937046985065810047671,0.013803684222394233439404198161945309194937046985065810047672,18/289,0.012332179930795848,0.012332179930795847750865051903114186851211072664359861591695,0.012332179930795847750865051903114186851211072664359861591696,0 <= lambda <= 1/4; canonical P12,equal_weight_three_axis_cone,True,False
397/2000,0.1985,1/10,2728/3853,0.70801972488969634,0.708019724889696340513885284194134440695561899818323384375811,0.708019724889696340513885284194134440695561899818323384375812,0.72186237835244806,0.721862378352448064708131467432793779284032314846714782568264,0.721862378352448064708131467432793779284032314846714782568265,0.013842653462751724,0.013842653462751724194246183238659338588470415028391398192453,0.013842653462751724194246183238659338588470415028391398192454,18/289,0.012363321799307958,0.012363321799307958477508650519031141868512110726643598615916,0.012363321799307958477508650519031141868512110726643598615917,0 <= lambda <= 1/4; canonical P12,equal_weight_three_axis_cone,True,False
199/1000,0.199,1/10,303/428,0.70794392523364486,0.707943925233644859813084112149532710280373831775700934579439,0.707943925233644859813084112149532710280373831775700934579440,0.72182557079003340,0.721825570790033398057853685875124445748128223764361692623102,0.721825570790033398057853685875124445748128223764361692623103,0.013881645556388538,0.013881645556388538244769573725591735467754391988660758043663,0.013881645556388538244769573725591735467754391988660758043664,18/289,0.012394463667820069,0.012394463667820069204152249134948096885813148788927335640138,0.012394463667820069204152249134948096885813148788927335640139,0 <= lambda <= 1/4; canonical P12,equal_weight_three_axis_cone,True,False
399/2000,0.1995,1/10,2726/3851,0.70786808621137367,0.707868086211373669176837185146715138924954557257855102570760,0.707868086211373669176837185146715138924954557257855102570761,0.72178874673238632,0.721788746732386317568166407035177482530576261680069902279585,0.721788746732386317568166407035177482530576261680069902279586,0.013920660521012648,0.013920660521012648391329221888462343605621704422214799708824,0.013920660521012648391329221888462343605621704422214799708825,18/289,0.012425605536332180,0.012425605536332179930795847750865051903114186851211072664359,0.012425605536332179930795847750865051903114186851211072664360,0 <= lambda <= 1/4; canonical P12,equal_weight_three_axis_cone,True,False
1/5,0.2,1/10,109/154,0.70779220779220779,0.707792207792207792207792207792207792207792207792207792207792,0.707792207792207792207792207792207792207792207792207792207793,0.72175190616655703,0.721751906166557033805527414595823146078721427616370028007566,0.721751906166557033805527414595823146078721427616370028007567,0.013959698374349242,0.013959698374349241597735206803615353870929219824162235799774,0.013959698374349241597735206803615353870929219824162235799775,18/289,0.012456747404844291,0.012456747404844290657439446366782006920415224913494809688581,0.012456747404844290657439446366782006920415224913494809688582,0 <= lambda <= 1/4; canonical P12,equal_weight_three_axis_cone,True,False
401/2000,0.2005,1/10,908/1283,0.70771628994544037,0.707716289945440374123148869836321122369446609508963367108339,0.707716289945440374123148869836321122369446609508963367108340,0.72171504907958111,0.721715049079581112811833192042475134421224140823251009453830,0.721715049079581112811833192042475134421224140823251009453831,0.013998759134140739,0.013998759134140738688684322206154012051777531314287642345490,0.013998759134140738688684322206154012051777531314287642345491,18/289,0.012487889273356401,0.012487889273356401384083044982698961937716262975778546712802,0.012487889273356401384083044982698961937716262975778546712803,0 <= lambda <= 1/4; canonical P12,equal_weight_three_axis_cone,True,False
201/1000,0.201,1/10,2723/3848,0.70764033264033264,0.707640332640332640332640332640332640332640332640332640332640,0.707640332640332640332640332640332640332640332640332640332641,0.72167817545847945,0.721678175458479454404563621694816158853723743357975557719713,0.721678175458479454404563621694816158853723743357975557719714,0.014037842818146814,0.014037842818146814071923289054483518521083410717642917387073,0.014037842818146814071923289054483518521083410717642917387074,18/289,0.012519031141868512,0.012519031141868512110726643598615916955017301038062283737024,0.012519031141868512110726643598615916955017301038062283737025,0 <= lambda <= 1/4; canonical P12,equal_weight_three_axis_cone,True,False
403/2000,0.2015,1/10,2722/3847,0.70756433584611385,0.707564335846113854951910579672472056147647517546139849233168,0.707564335846113854951910579672472056147647517546139849233169,0.72164128529025827,0.721641285290258270437084468915057936090559797577414523683366,0.721641285290258270437084468915057936090559797577414523683367,0.014076949444144415,0.014076949444144415485173889242585879942912280031274674450198,0.014076949444144415485173889242585879942912280031274674450199,18/289,0.012550173010380623,0.012550173010380622837370242214532871972318339100346020761245,0.012550173010380622837370242214532871972318339100346020761246,0 <= lambda <= 1/4; canonical P12,equal_weight_three_axis_cone,True,False
101/500,0.202,1/10,907/1282,0.70748829953198128,0.707488299531981279251170046801872074882995319812792511700468,0.707488299531981279251170046801872074882995319812792511700469,0.72160437856190906,0.721604378561909063019020285509314649456475242175105372752575,0.721604378561909063019020285509314649456475242175105372752576,0.014116079029927784,0.014116079029927783767850238707442574573479922362312861052107,0.014116079029927783767850238707442574573479922362312861052108,18/289,0.012581314878892734,0.012581314878892733564013840830449826989619377162629757785467,0.012581314878892733564013840830449826989619377162629757785468,0 <= lambda <= 1/4; canonical P12,equal_weight_three_axis_cone,True,False
81/400,0.2025,1/10,544/769,0.70741222366710013,0.707412223667100130039011703511053315994798439531859557867360,0.707412223667100130039011703511053315994798439531859557867361,0.72156745526040860,0.721567455260408602696610143430581013488616976121177126651835,0.721567455260408602696610143430581013488616976121177126651836,0.014155231593308473,0.014155231593308472657598439919527697493818536589317568784475,0.014155231593308472657598439919527697493818536589317568784476,18/289,0.012612456747404844,0.012612456747404844290657439446366782006920415224913494809688,0.012612456747404844290657439446366782006920415224913494809689,0 <= lambda <= 1/4; canonical P12,equal_weight_three_axis_cone,True,False
203/1000,0.203,1/10,2719/3844,0.70733610822060354,0.707336108220603537981269510926118626430801248699271592091571,0.707336108220603537981269510926118626430801248699271592091572,0.72153051537271891,0.721530515372718906592958386334704107962248940886260944794757,0.721530515372718906592958386334704107962248940886260944794758,0.014194407152115369,0.014194407152115368611688875408585481531447692186989352703185,0.014194407152115368611688875408585481531447692186989352703186,18/289,0.012643598615916955,0.012643598615916955017301038062283737024221453287197231833910,0.012643598615916955017301038062283737024221453287197231833911,0 <= lambda <= 1/4; canonical P12,equal_weight_three_axis_cone,True,False
407/2000,0.2035,1/10,302/427,0.70725995316159251,0.707259953161592505854800936768149882903981264637002341920374,0.707259953161592505854800936768149882903981264637002341920375,0.72149355888578722,0.721493558885787216508092362332497910166283478712466780050133,0.721493558885787216508092362332497910166283478712466780050134,0.014233605724194711,0.014233605724194710653291425564348027262302214075464438129758,0.014233605724194710653291425564348027262302214075464438129759,18/289,0.012674740484429066,0.012674740484429065743944636678200692041522491349480968858131,0.012674740484429065743944636678200692041522491349480968858132,0 <= lambda <= 1/4; canonical P12,equal_weight_three_axis_cone,True,False
51/250,0.204,1/10,2717/3842,0.70718375845913587,0.707183758459135866736074960957834461218115564809994794377928,0.707183758459135866736074960957834461218115564809994794377929,0.72145658578654598,0.721456585786545976978738876419639011032484252852325543349292,0.721456585786545976978738876419639011032484252852325543349293,0.014272827327410110,0.014272827327410110242663915461804549814368688042330748971364,0.014272827327410110242663915461804549814368688042330748971365,18/289,0.012705882352941176,0.012705882352941176470588235294117647058823529411764705882352,0.012705882352941176470588235294117647058823529411764705882353,0 <= lambda <= 1/4; canonical P12,equal_weight_three_axis_cone,True,False
409/2000,0.2045,1/10,2716/3841,0.70710752408227024,0.707107524082270242124446758656599843790679510544129133038271,0.707107524082270242124446758656599843790679510544129133038272,0.72141959606191281,0.721419596061912813297730875549061660851436366794703114236295,0.721419596061912813297730875549061660851436366794703114236296,0.014312071979642571,0.014312071979642571173284116892461817060756856250573981198024,0.014312071979642571173284116892461817060756856250573981198025,18/289,0.012737024221453287,0.012737024221453287197231833910034602076124567474048442906574,0.012737024221453287197231833910034602076124567474048442906575,0 <= lambda <= 1/4; canonical P12,equal_weight_three_axis_cone,True,False
41/200,0.205,1/10,181/256,0.70703125,0.707031250000000000000000000000000000000000000000000000000000,0.707031250000000000000000000000000000000000000000000000000000,0.72138258969879051,0.721382589698790509492955653136092578750175755731753114769152,0.721382589698790509492955653136092578750175755731753114769153,0.014351339698790509,0.014351339698790509492955653136092578750175755731753114769152,0.014351339698790509492955653136092578750175755731753114769153,18/289,0.012768166089965398,0.012768166089965397923875432525951557093425605536332179930795,0.012768166089965397923875432525951557093425605536332179930796,0 <= lambda <= 1/4; canonical P12,equal_weight_three_axis_cone,True,False
411/2000,0.2055,1/10,2714/3839,0.70695493618129721,0.706954936181297212815837457671268559520708517843188330294347,0.706954936181297212815837457671268559520708517843188330294348,0.72134556668406699,0.721345566684066986265755632952375586244671248281613910133146,0.721345566684066986265755632952375586244671248281613910133147,0.014390630502769773,0.014390630502769773449918175281107026723962730438425579838799,0.014390630502769773449918175281107026723962730438425579838800,18/289,0.012799307958477509,0.012799307958477508650519031141868512110726643598615916955017,0.012799307958477508650519031141868512110726643598615916955018,0 <= lambda <= 1/4; canonical P12,equal_weight_three_axis_cone,True,False
103/500,0.206,1/10,2713/3838,0.70687858259510162,0.706878582595101615424700364773319437206878582595101615424700,0.706878582595101615424700364773319437206878582595101615424701,0.72130852700461528,0.721308527004615278888692564868569951534252920178535827480605,0.721308527004615278888692564868569951534252920178535827480606,0.014429944409513663,0.014429944409513663463992200095250514327374337583434212055905,0.014429944409513663463992200095250514327374337583434212055906,18/289,0.012830449826989619,0.012830449826989619377162629757785467128027681660899653979238,0.012830449826989619377162629757785467128027681660899653979239,0 <= lambda <= 1/4; canonical P12,equal_weight_three_axis_cone,True,False
413/2000,0.2065,1/10,904/1279,0.70680218921032056,0.706802189210320562939796716184519155590304925723221266614542,0.706802189210320562939796716184519155590304925723221266614543,0.72127147064729352,0.721271470647293515062585736745693342004406045097536377597531,0.721271470647293515062585736745693342004406045097536377597532,0.014469281436972952,0.014469281436972952122789020561174186414101119374315110982988,0.014469281436972952122789020561174186414101119374315110982989,18/289,0.012861591695501730,0.012861591695501730103806228373702422145328719723183391003460,0.012861591695501730103806228373702422145328719723183391003461,0 <= lambda <= 1/4; canonical P12,equal_weight_three_axis_cone,True,False
207/1000,0.207,1/10,2711/3836,0.70672575599582899,0.706725755995828988529718456725755995828988529718456725755995,0.706725755995828988529718456725755995828988529718456725755996,0.72123439759894489,0.721234397598944892732734577948641552027940375335266505160410,0.721234397598944892732734577948641552027940375335266505160411,0.014508641603115904,0.014508641603115904203016121222885556198951845616809779404414,0.014508641603115904203016121222885556198951845616809779404415,18/289,0.012892733564013841,0.012892733564013840830449826989619377162629757785467128027681,0.012892733564013840830449826989619377162629757785467128027682,0 <= lambda <= 1/4; canonical P12,equal_weight_three_axis_cone,True,False
83/400,0.2075,1/10,542/767,0.70664928292046936,0.706649282920469361147327249022164276401564537157757496740547,0.706649282920469361147327249022164276401564537157757496740548,0.72119730784639766,0.721197307846397657864235800460665834430572500910692528586219,0.721197307846397657864235800460665834430572500910692528586220,0.014548024925928297,0.014548024925928296716908551438501558029007963752935031845672,0.014548024925928296716908551438501558029007963752935031845673,18/289,0.012923875432525952,0.012923875432525951557093425605536332179930795847750865051903,0.012923875432525951557093425605536332179930795847750865051904,0 <= lambda <= 1/4; canonical P12,equal_weight_three_axis_cone,True,False
26/125,0.208,1/10,301/426,0.70657276995305164,0.706572769953051643192488262910798122065727699530516431924882,0.706572769953051643192488262910798122065727699530516431924883,0.72116020137646508,0.721160201376465082176304993412229876354639060180740256312697,0.721160201376465082176304993412229876354639060180740256312698,0.014587431423413439,0.014587431423413438983816730501431754288911360650223824387815,0.014587431423413438983816730501431754288911360650223824387816,18/289,0.012955017301038062,0.012955017301038062283737024221453287197231833910034602076124,0.012955017301038062283737024221453287197231833910034602076125,0 <= lambda <= 1/4; canonical P12,equal_weight_three_axis_cone,True,False
417/2000,0.2085,1/10,2708/3833,0.70649621706235325,0.706496217062353248108531176624054265588312027132794156013566,0.706496217062353248108531176624054265588312027132794156013567,0.72112307817594544,0.721123078175945440835512355999499377786684983301783006459412,0.721123078175945440835512355999499377786684983301783006459413,0.014626861113592193,0.014626861113592192726981179375445112198372956168988850445846,0.014626861113592192726981179375445112198372956168988850445847,18/289,0.012986159169550173,0.012986159169550173010380622837370242214532871972318339100346,0.012986159169550173010380622837370242214532871972318339100347,0 <= lambda <= 1/4; canonical P12,equal_weight_three_axis_cone,True,False
209/1000,0.209,1/10,2707/3832,0.70641962421711900,0.706419624217118997912317327766179540709812108559498956158663,0.706419624217118997912317327766179540709812108559498956158664,0.72108593823162199,0.721085938231621990107842022254526930299726640792879177282672,0.721085938231621990107842022254526930299726640792879177282673,0.014666314014502992,0.014666314014502992195524694488347389589914532233380221124008,0.014666314014502992195524694488347389589914532233380221124009,18/289,0.013017301038062284,0.013017301038062283737024221453287197231833910034602076124567,0.013017301038062283737024221453287197231833910034602076124568,0 <= lambda <= 1/4; canonical P12,equal_weight_three_axis_cone,True,False
419/2000,0.2095,1/10,902/1277,0.70634299138606108,0.706342991386061080657791699295223179326546593578700078308535,0.706342991386061080657791699295223179326546593578700078308536,0.72104878153026294,0.721048781530262944969484198938764501445661383860069490069391,0.721048781530262944969484198938764501445661383860069490069392,0.014705790144201864,0.014705790144201864311692499643541322119114790281369411760856,0.014705790144201864311692499643541322119114790281369411760857,18/289,0.013048442906574394,0.013048442906574394463667820069204152249134948096885813148788,0.013048442906574394463667820069204152249134948096885813148789,0 <= lambda <= 1/4; canonical P12,equal_weight_three_axis_cone,True,False
21/100,0.21,1/10,541/766,0.70626631853785901,0.706266318537859007832898172323759791122715404699738903394255,0.706266318537859007832898172323759791122715404699738903394256,0.72101160805862146,0.721011608058621456676269104961638251422727817570764579009544,0.721011608058621456676269104961638251422727817570764579009545,0.014745289520762449,0.014745289520762448843370932637878460300012412871025675615288,0.014745289520762448843370932637878460300012412871025675615289,18/289,0.013079584775086505,0.013079584775086505190311418685121107266435986159169550173010,0.013079584775086505190311418685121107266435986159169550173011,0 <= lambda <= 1/4; canonical P12,equal_weight_three_axis_cone,True,False
421/2000,0.2105,1/10,2704/3829,0.70618960564115957,0.706189605641159571689736223557064507704361452076260120135805,0.706189605641159571689736223557064507704361452076260120135806,0.72097441780343559,0.720974417803435590291651467174320453159543544019924297973562,0.720974417803435590291651467174320453159543544019924297973563,0.014784812162276019,0.014784812162276018601915243617255945455182091943664177837756,0.014784812162276018601915243617255945455182091943664177837757,18/289,0.013110726643598616,0.013110726643598615916955017301038062283737024221453287197231,0.013110726643598615916955017301038062283737024221453287197232,0 <= lambda <= 1/4; canonical P12,equal_weight_three_axis_cone,True,False
211/1000,0.211,1/10,901/1276,0.70611285266457680,0.706112852664576802507836990595611285266457680250783699059561,0.706112852664576802507836990595611285266457680250783699059562,0.72093721075142830,0.720937210751428302173154093153287597456890253684751065043094,0.720937210751428302173154093153287597456890253684751065043095,0.014824358086851500,0.014824358086851499665317102557676312190432573433967365983532,0.014824358086851499665317102557676312190432573433967365983533,18/289,0.013141868512110727,0.013141868512110726643598615916955017301038062283737024221453,0.013141868512110726643598615916955017301038062283737024221454,0 <= lambda <= 1/4; canonical P12,equal_weight_three_axis_cone,True,False
423/2000,0.2115,1/10,2702/3827,0.70603605957669193,0.706036059576691925790436373138228377319048863339430363208779,0.706036059576691925790436373138228377319048863339430363208780,0.72089998688930742,0.720899986889307417417178806666510783773152344786114205101544,0.720899986889307417417178806666510783773152344786114205101545,0.014863927312615492,0.014863927312615491626742433528282406454103481446683841892765,0.014863927312615491626742433528282406454103481446683841892766,18/289,0.013173010380622837,0.013173010380622837370242214532871972318339100346020761245674,0.013173010380622837370242214532871972318339100346020761245675,0 <= lambda <= 1/4; canonical P12,equal_weight_three_axis_cone,True,False
53/250,0.212,1/10,2701/3826,0.70595922634605332,0.705959226346053319393622582331416623105070569785676947203345,0.705959226346053319393622582331416623105070569785676947203346,0.72086274620376561,0.720862746203765607262092795904924433926334365928796726487507,0.720862746203765607262092795904924433926334365928796726487508,0.014903519857712288,0.014903519857712287868470213573507810821263796143119779284161,0.014903519857712287868470213573507810821263796143119779284162,18/289,0.013204152249134948,0.013204152249134948096885813148788927335640138408304498269896,0.013204152249134948096885813148788927335640138408304498269897,0 <= lambda <= 1/4; canonical P12,equal_weight_three_axis_cone,True,False
17/80,0.2125,1/10,12/17,0.70588235294117647,0.705882352941176470588235294117647058823529411764705882352941,0.705882352941176470588235294117647058823529411764705882352942,0.72082548868148037,0.720825488681480366449498188260894163431420975848048138048520,0.720825488681480366449498188260894163431420975848048138048521,0.014943135740303896,0.014943135740303895861262894143247104607891564083342255695579,0.014943135740303895861262894143247104607891564083342255695580,18/289,0.013235294117647059,0.013235294117647058823529411764705882352941176470588235294117,0.013235294117647058823529411764705882352941176470588235294118,0 <= lambda <= 1/4; canonical P12,equal_weight_three_axis_cone,True,False
213/1000,0.213,1/10,2699/3824,0.70580543933054393,0.705805439330543933054393305439330543933054393305439330543933,0.705805439330543933054393305439330543933054393305439330543934,0.72078821430911399,0.720788214309113990543592428441477946871279546883737040592780,0.720788214309113990543592428441477946871279546883737040592781,0.014982774978570057,0.014982774978570057489199123002147402938225153578297710048847,0.014982774978570057489199123002147402938225153578297710048848,18/289,0.013266435986159170,0.013266435986159169550173010380622837370242214532871972318339,0.013266435986159169550173010380622837370242214532871972318340,0 <= lambda <= 1/4; canonical P12,equal_weight_three_axis_cone,True,False
427/2000,0.2135,1/10,2698/3823,0.70572848548260528,0.705728485482605283808527334554015171331415119016479204812974,0.705728485482605283808527334554015171331415119016479204812975,0.72075092307331355,0.720750923073313553208526799015061830138231204931424276293798,0.720750923073313553208526799015061830138231204931424276293799,0.015022437590708269,0.015022437590708269399999464461046658806816085914945071480824,0.015022437590708269399999464461046658806816085914945071480825,18/289,0.013297577854671280,0.013297577854671280276816608996539792387543252595155709342560,0.013297577854671280276816608996539792387543252595155709342561,0 <= lambda <= 1/4; canonical P12,equal_weight_three_axis_cone,True,False
107/500,0.214,1/10,899/1274,0.70565149136577708,0.705651491365777080062794348508634222919937205651491365777080,0.705651491365777080062794348508634222919937205651491365777081,0.72071361496071088,0.720713614960710883443670184103159317604984782665545059316820,0.720713614960710883443670184103159317604984782665545059316821,0.015062123594933803,0.015062123594933803380875835594525094685047577014053693539740,0.015062123594933803380875835594525094685047577014053693539741,18/289,0.013328719723183391,0.013328719723183391003460207612456747404844290657439446366782,0.013328719723183391003460207612456747404844290657439446366783,0 <= lambda <= 1/4; canonical P12,equal_weight_three_axis_cone,True,False
429/2000,0.2145,1/10,2696/3821,0.70557445694844282,0.705574456948442816016749542004710808688824914943732007327924,0.705574456948442816016749542004710808688824914943732007327925,0.72067628995792254,0.720676289957922542776684937842490740106988054140133603961497,0.720676289957922542776684937842490740106988054140133603961498,0.015101833009479727,0.015101833009479726759935395837779931418163139196401596633572,0.015101833009479726759935395837779931418163139196401596633573,18/289,0.013359861591695502,0.013359861591695501730103806228373702422145328719723183391003,0.013359861591695501730103806228373702422145328719723183391004,0 <= lambda <= 1/4; canonical P12,equal_weight_three_axis_cone,True,False
43/200,0.215,1/10,539/764,0.70549738219895288,0.705497382198952879581151832460732984293193717277486910994764,0.705497382198952879581151832460732984293193717277486910994765,0.72063894805154980,0.720638948051549802414321479453595499809155942418931710448259,0.720638948051549802414321479453595499809155942418931710448260,0.015141565852596923,0.015141565852596922833169646992862515515962225141444799453495,0.015141565852596922833169646992862515515962225141444799453496,18/289,0.013391003460207612,0.013391003460207612456747404844290657439446366782006920415224,0.013391003460207612456747404844290657439446366782006920415225,0 <= lambda <= 1/4; canonical P12,equal_weight_three_axis_cone,True,False
431/2000,0.2155,1/10,898/1273,0.70542026708562451,0.705420267085624509033778476040848389630793401413982717989002,0.705420267085624509033778476040848389630793401413982717989003,0.72060158922817862,0.720601589228178620350837996258857732302532380410512534513523,0.720601589228178620350837996258857732302532380410512534513524,0.015181322142554111,0.015181322142554111317059520218009342671738978996529816524520,0.015181322142554111317059520218009342671738978996529816524521,18/289,0.013422145328719723,0.013422145328719723183391003460207612456747404844290657439446,0.013422145328719723183391003460207612456747404844290657439447,0 <= lambda <= 1/4; canonical P12,equal_weight_three_axis_cone,True,False
27/125,0.216,1/10,2693/3818,0.70534311157674175,0.705343111576741749607124148768988999476165531691985332634887,0.705343111576741749607124148768988999476165531691985332634888,0.72056421347437962,0.720564213474379618433951394792617764145520622275406879324300,0.720564213474379618433951394792617764145520622275406879324301,0.015221101897637869,0.015221101897637868826827246023628764669355090583421546689412,0.015221101897637868826827246023628764669355090583421546689413,18/289,0.013453287197231834,0.013453287197231833910034602076124567474048442906574394463667,0.013453287197231833910034602076124567474048442906574394463668,0 <= lambda <= 1/4; canonical P12,equal_weight_three_axis_cone,True,False
433/2000,0.2165,1/10,2692/3817,0.70526591564055541,0.705265915640555410007859575582918522399790411317788839402672,0.705265915640555410007859575582918522399790411317788839402673,0.72052682077670806,0.720526820776708059388225398236662378547312487386787519162511,0.720526820776708059388225398236662378547312487386787519162512,0.015260905136152649,0.015260905136152649380365822653743856147522076068998679759838,0.015260905136152649380365822653743856147522076068998679759839,18/289,0.013484429065743945,0.013484429065743944636678200692041522491349480968858131487889,0.013484429065743944636678200692041522491349480968858131487890,0 <= lambda <= 1/4; canonical P12,equal_weight_three_axis_cone,True,False
217/1000,0.217,1/10,299/424,0.70518867924528302,0.705188679245283018867924528301886792452830188679245283018867,0.705188679245283018867924528301886792452830188679245283018868,0.72048941112170382,0.720489411121703823795801445793492365059183559760699437397159,0.720489411121703823795801445793492365059183559760699437397160,0.015300731876420805,0.015300731876420804927876917491605572606353371081454154378291,0.015300731876420804927876917491605572606353371081454154378292,18/289,0.013515570934256055,0.013515570934256055363321799307958477508650519031141868512110,0.013515570934256055363321799307958477508650519031141868512111,0 <= lambda <= 1/4; canonical P12,equal_weight_three_axis_cone,True,False
87/400,0.2175,1/10,538/763,0.70511140235910878,0.705111402359108781127129750982961992136304062909567496723460,0.705111402359108781127129750982961992136304062909567496723461,0.72045198449589139,0.720451984495891387034377806275003547516564838195674144739462,0.720451984495891387034377806275003547516564838195674144739463,0.015340582136782606,0.015340582136782605907248055292041555380260775286106648016002,0.015340582136782605907248055292041555380260775286106648016003,18/289,0.013546712802768166,0.013546712802768166089965397923875432525951557093425605536332,0.013546712802768166089965397923875432525951557093425605536333,0 <= lambda <= 1/4; canonical P12,equal_weight_three_axis_cone,True,False
109/500,0.218,1/10,2689/3814,0.70503408495018353,0.705034084950183534347142108023072889355007865757734661772417,0.705034084950183534347142108023072889355007865757734661772418,0.72041454088577980,0.720414540885779796172342074133226244285408824014455648885017,0.720414540885779796172342074133226244285408824014455648885018,0.015380455935596262,0.015380455935596261825199966110153354930400958256720987112599,0.015380455935596261825199966110153354930400958256720987112600,18/289,0.013577854671280277,0.013577854671280276816608996539792387543252595155709342560553,0.013577854671280276816608996539792387543252595155709342560554,0 <= lambda <= 1/4; canonical P12,equal_weight_three_axis_cone,True,False
437/2000,0.2185,1/10,896/1271,0.70495672698662470,0.704956726986624704956726986624704956726986624704956726986624,0.704956726986624704956726986624704956726986624704956726986625,0.72037708027786265,0.720377080277862646820961971390178027128300671492489679200128,0.720377080277862646820961971390178027128300671492489679200129,0.015420353291237942,0.015420353291237941864234984765473070401314046787532952213503,0.015420353291237941864234984765473070401314046787532952213504,18/289,0.013608996539792388,0.013608996539792387543252595155709342560553633217993079584775,0.013608996539792387543252595155709342560553633217993079584776,0 <= lambda <= 1/4; canonical P12,equal_weight_three_axis_cone,True,False
219/1000,0.219,1/10,2687/3812,0.70487932843651626,0.704879328436516264428121720881427072402938090241343126967471,0.704879328436516264428121720881427072402938090241343126967472,0.72033960265861806,0.720339602658618059943539133433317110470734571236929879122980,0.720339602658618059943539133433317110470734571236929879122981,0.015460274222101796,0.015460274222101795515417412551890038067796480995586752155509,0.015460274222101795515417412551890038067796480995586752155510,18/289,0.013640138408304498,0.013640138408304498269896193771626297577854671280276816608996,0.013640138408304498269896193771626297577854671280276816608997,0 <= lambda <= 1/4; canonical P12,equal_weight_three_axis_cone,True,False
439/2000,0.2195,1/10,2686/3811,0.70480188926790869,0.704801889267908685384413539753345578588297034898976646549462,0.704801889267908685384413539753345578588297034898976646549463,0.72030210801450866,0.720302108014508658621430310429151376786789550235445048323400,0.720302108014508658621430310429151376786789550235445048323401,0.015500218746599973,0.015500218746599973237016770675805798198492515336468401773938,0.015500218746599973237016770675805798198492515336468401773939,18/289,0.013671280276816609,0.013671280276816608996539792387543252595155709342560553633217,0.013671280276816608996539792387543252595155709342560553633218,0 <= lambda <= 1/4; canonical P12,equal_weight_three_axis_cone,True,False
11/50,0.22,1/10,179/254,0.70472440944881890,0.704724409448818897637795275590551181102362204724409448818897,0.704724409448818897637795275590551181102362204724409448818898,0.72026459633198154,0.720264596331981544776840169167864800656005680921293636705977,0.720264596331981544776840169167864800656005680921293636705978,0.015540186883162647,0.015540186883162647139044893577313619553643476196884187887079,0.015540186883162647139044893577313619553643476196884187887080,18/289,0.013702422145328720,0.013702422145328719723183391003460207612456747404844290657439,0.013702422145328719723183391003460207612456747404844290657440,0 <= lambda <= 1/4; canonical P12,equal_weight_three_axis_cone,True,False
441/2000,0.2205,1/10,2684/3809,0.70464688894723024,0.704646888947230244158571803622998162247309004988185875557889,0.704646888947230244158571803622998162247309004988185875557890,0.72022706759746828,0.720227067597468275852289632483963931812512569947192747539115,0.720227067597468275852289632483963931812512569947192747539116,0.015580178650238032,0.015580178650238031693717828860965769565203564959006871981226,0.015580178650238031693717828860965769565203564959006871981227,18/289,0.013733564013840830,0.013733564013840830449826989619377162629757785467128027681660,0.013733564013840830449826989619377162629757785467128027681661,0 <= lambda <= 1/4; canonical P12,equal_weight_three_axis_cone,True,False
221/1000,0.221,1/10,2683/3808,0.70456932773109244,0.704569327731092436974789915966386554621848739495798319327731,0.704569327731092436974789915966386554621848739495798319327732,0.72018952179738484,0.720189521797384841446663444999508342196444162674345659019341,0.720189521797384841446663444999508342196444162674345659019342,0.015620194066292404,0.015620194066292404471873529033121787574595423178547339691610,0.015620194066292404471873529033121787574595423178547339691611,18/289,0.013764705882352941,0.013764705882352941176470588235294117647058823529411764705882,0.013764705882352941176470588235294117647058823529411764705883,0 <= lambda <= 1/4; canonical P12,equal_weight_three_axis_cone,True,False
443/2000,0.2215,1/10,298/423,0.70449172576832151,0.704491725768321513002364066193853427895981087470449172576832,0.704491725768321513002364066193853427895981087470449172576833,0.72015195891813164,0.720151958918131639907740404805047851709064069881225949093389,0.720151958918131639907740404805047851709064069881225949093390,0.015660233149810127,0.015660233149810126905376338611194423813082982410776776516557,0.015660233149810126905376338611194423813082982410776776516558,18/289,0.013795847750865052,0.013795847750865051903114186851211072664359861591695501730103,0.013795847750865051903114186851211072664359861591695501730104,0 <= lambda <= 1/4; canonical P12,equal_weight_three_axis_cone,True,False
111/500,0.222,1/10,2681/3806,0.70441408302679979,0.704414083026799789805570152390961639516552811350499211770888,0.704414083026799789805570152390961639516552811350499211770889,0.72011437894609345,0.720114378946093454881109450826514316250310023011852017824193,0.720114378946093454881109450826514316250310023011852017824194,0.015700295919293665,0.015700295919293665075539298435552676733757211661352806053305,0.015700295919293665075539298435552676733757211661352806053306,18/289,0.013826989619377163,0.013826989619377162629757785467128027681660899653979238754325,0.013826989619377162629757785467128027681660899653979238754326,0 <= lambda <= 1/4; canonical P12,equal_weight_three_axis_cone,True,False
89/400,0.2225,1/10,536/761,0.70433639947437582,0.704336399474375821287779237844940867279894875164257555847568,0.704336399474375821287779237844940867279894875164257555847569,0.72007678186763943,0.720076781867639431815374545021566223807028870450151135741992,0.720076781867639431815374545021566223807028870450151135741993,0.015740382393263611,0.015740382393263610527595307176625356527133995285893579894423,0.015740382393263610527595307176625356527133995285893579894424,18/289,0.013858131487889273,0.013858131487889273356401384083044982698961937716262975778546,0.013858131487889273356401384083044982698961937716262975778547,0 <= lambda <= 1/4; canonical P12,equal_weight_three_axis_cone,True,False
223/1000,0.223,1/10,893/1268,0.70425867507886435,0.704258675078864353312302839116719242902208201892744479495268,0.704258675078864353312302839116719242902208201892744479495269,0.72003916766912305,0.720039167669123054423551037203810737613531844545686489212063,0.720039167669123054423551037203810737613531844545686489212064,0.015780492590258701,0.015780492590258701111248198087091494711323642652942009716795,0.015780492590258701111248198087091494711323642652942009716796,18/289,0.013889273356401384,0.013889273356401384083044982698961937716262975778546712802768,0.013889273356401384083044982698961937716262975778546712802769,0 <= lambda <= 1/4; canonical P12,equal_weight_three_axis_cone,True,False
447/2000,0.2235,1/10,2678/3803,0.70418090980804628,0.704180909808046279253221141204312384959242703129108598474888,0.704180909808046279253221141204312384959242703129108598474889,0.72000153633688212,0.720001536336882121100555948205471554621519346956288664956282,0.720001536336882121100555948205471554621519346956288664956283,0.015820626528835842,0.015820626528835841847334807001159169662276643827180066481394,0.015820626528835841847334807001159169662276643827180066481395,18/289,0.013920415224913495,0.013920415224913494809688581314878892733564013840830449826989,0.013920415224913494809688581314878892733564013840830449826990,0 <= lambda <= 1/4; canonical P12,equal_weight_three_axis_cone,True,False
28/125,0.224,1/10,2677/3802,0.70410310362966860,0.704103103629668595476065228826933193056286165176223040504997,0.704103103629668595476065228826933193056286165176223040504998,0.71996388785723872,0.719963887857238721296694354255964348099146033709615634163671,0.719963887857238721296694354255964348099146033709615634163672,0.015860784227570126,0.015860784227570125820629125429031155042859868533392593658674,0.015860784227570125820629125429031155042859868533392593658675,18/289,0.013951557093425606,0.013951557093425605536332179930795847750865051903114186851211,0.013951557093425605536332179930795847750865051903114186851212,0 <= lambda <= 1/4; canonical P12,equal_weight_three_axis_cone,True,False
449/2000,0.2245,1/10,892/1267,0.70402525651144436,0.704025256511444356748224151539068666140489344909234411996842,0.704025256511444356748224151539068666140489344909234411996843,0.71992622221649921,0.719926222216499211847043801873007864239300124225830258772343,0.719926222216499211847043801873007864239300124225830258772344,0.015900965705054855,0.015900965705054855098819650333939198098810779316595846775500,0.015900965705054855098819650333939198098810779316595846775501,18/289,0.013982698961937716,0.013982698961937716262975778546712802768166089965397923875432,0.013982698961937716262975778546712802768166089965397923875433,0 <= lambda <= 1/4; canonical P12,equal_weight_three_axis_cone,True,False
9/40,0.225,1/10,107/152,0.70394736842105263,0.703947368421052631578947368421052631578947368421052631578947,0.703947368421052631578947368421052631578947368421052631578948,0.71988853940095419,0.719888539400954193256638428231852030045496973383684308592709,0.719888539400954193256638428231852030045496973383684308592710,0.015941170979901562,0.015941170979901561677691059810799398466549604962631677013762,0.015941170979901561677691059810799398466549604962631677013763,18/289,0.014013840830449827,0.014013840830449826989619377162629757785467128027681660899653,0.014013840830449826989619377162629757785467128027681660899654,0 <= lambda <= 1/4; canonical P12,equal_weight_three_axis_cone,True,False
451/2000,0.2255,1/10,2674/3799,0.70386943932613846,0.703869439326138457488812845485654119505132929718346933403527,0.703869439326138457488812845485654119505132929718346933403528,0.71985083939687849,0.719850839396878485941354206894449608942139709518976322513369,0.719850839396878485941354206894449608942139709518976322513370,0.015981400070740028,0.015981400070740028452541361408795489437006779800629389109842,0.015981400070740028452541361408795489437006779800629389109843,18/289,0.014044982698961938,0.014044982698961937716262975778546712802768166089965397923875,0.014044982698961937716262975778546712802768166089965397923876,0 <= lambda <= 1/4; canonical P12,equal_weight_three_axis_cone,True,False
113/500,0.226,1/10,297/422,0.70379146919431280,0.703791469194312796208530805687203791469194312796208530805687,0.703791469194312796208530805687203791469194312796208530805688,0.71981312219053111,0.719813122190531106424396482941430699304737410301419147489768,0.719813122190531106424396482941430699304737410301419147489769,0.016021652996218310,0.016021652996218310215865677254226907835543097505210616684081,0.016021652996218310215865677254226907835543097505210616684082,18/289,0.014076124567474048,0.014076124567474048442906574394463667820069204152249134948096,0.014076124567474048442906574394463667820069204152249134948097,0 <= lambda <= 1/4; canonical P12,equal_weight_three_axis_cone,True,False
453/2000,0.2265,1/10,2672/3797,0.70371345799315249,0.703713457993152488806952857519094021595996839610218593626547,0.703713457993152488806952857519094021595996839610218593626548,0.71977538776815524,0.719775387768155243488290704953046142065500791205094873648163,0.719775387768155243488290704953046142065500791205094873648164,0.016061929775002755,0.016061929775002754681337847433952120469503951594876280021615,0.016061929775002754681337847433952120469503951594876280021616,18/289,0.014107266435986159,0.014107266435986159169550173010380622837370242214532871972318,0.014107266435986159169550173010380622837370242214532871972319,0 <= lambda <= 1/4; canonical P12,equal_weight_three_axis_cone,True,False
227/1000,0.227,1/10,2671/3796,0.70363540569020021,0.703635405690200210748155953635405690200210748155953635405690,0.703635405690200210748155953635405690200210748155953635405691,0.71973763611597823,0.719737636115978234282277003928303826596614258796142113889473,0.719737636115978234282277003928303826596614258796142113889474,0.016102230425778024,0.016102230425778023534121050292898136396403510640188478483782,0.016102230425778023534121050292898136396403510640188478483783,18/289,0.014138408304498270,0.014138408304498269896193771626297577854671280276816608996539,0.014138408304498269896193771626297577854671280276816608996540,0 <= lambda <= 1/4; canonical P12,equal_weight_three_axis_cone,True,False
91/400,0.2275,1/10,178/253,0.70355731225296443,0.703557312252964426877470355731225296442687747035573122529644,0.703557312252964426877470355731225296442687747035573122529645,0.71969986722021154,0.719699867220211540385009011111798768527631286035826316411056,0.719699867220211540385009011111798768527631286035826316411057,0.016142554967247114,0.016142554967247113507538655380573472084943539000253193881411,0.016142554967247113507538655380573472084943539000253193881412,18/289,0.014169550173010381,0.014169550173010380622837370242214532871972318339100346020761,0.014169550173010380622837370242214532871972318339100346020762,0 <= lambda <= 1/4; canonical P12,equal_weight_three_axis_cone,True,False
57/250,0.228,1/10,2669/3794,0.70347917764891935,0.703479177648919346336320506062203479177648919346336320506062,0.703479177648919346336320506062203479177648919346336320506063,0.71966208106705072,0.719662081067050723822457047812692119820158801177011880580997,0.719662081067050723822457047812692119820158801177011880580998,0.016182903418131377,0.016182903418131377486136541750488640642509881830675560074935,0.016182903418131377486136541750488640642509881830675560074936,18/289,0.014200692041522491,0.014200692041522491349480968858131487889273356401384083044982,0.014200692041522491349480968858131487889273356401384083044983,0 <= lambda <= 1/4; canonical P12,equal_weight_three_axis_cone,True,False
457/2000,0.2285,1/10,2668/3793,0.70340100184550488,0.703401001845504877405747429475349327708937516477722119694173,0.703401001845504877405747429475349327708937516477722119694174,0.71962427764267542,0.719624277642675423040915560647374994465088997781346235006730,0.719624277642675423040915560647374994465088997781346235006731,0.016223275797170546,0.016223275797170545635168131172025666756151481303624115312556,0.016223275797170545635168131172025666756151481303624115312557,18/289,0.014231833910034602,0.014231833910034602076124567474048442906574394463667820069204,0.014231833910034602076124567474048442906574394463667820069205,0 <= lambda <= 1/4; canonical P12,equal_weight_three_axis_cone,True,False
229/1000,0.229,1/10,889/1264,0.70332278481012658,0.703322784810126582278481012658227848101265822784810126582278,0.703322784810126582278481012658227848101265822784810126582279,0.71958645693324933,0.719586456933249328835014415213999741808519985346477244658521,0.719586456933249328835014415213999741808519985346477244658522,0.016263672123122747,0.016263672123122746556533402555771893707254162561667118076242,0.016263672123122746556533402555771893707254162561667118076243,18/289,0.014262975778546713,0.014262975778546712802768166089965397923875432525951557093425,0.014262975778546712802768166089965397923875432525951557093426,0 <= lambda <= 1/4; canonical P12,equal_weight_three_axis_cone,True,False
459/2000,0.2295,1/10,2666/3791,0.70324452651015563,0.703244526510155631759430229490899498812978106040622527037720,0.703244526510155631759430229490899498812978106040622527037721,0.71954861892492016,0.719548618924920160230633400010704179569196154594209949875680,0.719548618924920160230633400010704179569196154594209949875681,0.016304092414764528,0.016304092414764528471203170519804680756218048553587422837959,0.016304092414764528471203170519804680756218048553587422837960,18/289,0.014294117647058824,0.014294117647058823529411764705882352941176470588235294117647,0.014294117647058823529411764705882352941176470588235294117648,0 <= lambda <= 1/4; canonical P12,equal_weight_three_axis_cone,True,False
23/100,0.23,1/10,533/758,0.70316622691292876,0.703166226912928759894459102902374670184696569920844327176781,0.703166226912928759894459102902374670184696569920844327176782,0.71951076360381964,0.719510763603819640322619030437413893855454757690614765751880,0.719510763603819640322619030437413893855454757690614765751881,0.016344536690890880,0.016344536690890880428159927535039223670758187769770438575099,0.016344536690890880428159927535039223670758187769770438575100,18/289,0.014325259515570934,0.014325259515570934256055363321799307958477508650519031141868,0.014325259515570934256055363321799307958477508650519031141869,0 <= lambda <= 1/4; canonical P12,equal_weight_three_axis_cone,True,False
461/2000,0.2305,1/10,296/421,0.70308788598574822,0.703087885985748218527315914489311163895486935866983372921615,0.703087885985748218527315914489311163895486935866983372921616,0.71947289095606347,0.719472890956063472067202479970995046841867718937379731338884,0.719472890956063472067202479970995046841867718937379731338885,0.016385004970315254,0.016385004970315253539886565481683882946380783070396358417269,0.016385004970315253539886565481683882946380783070396358417270,18/289,0.014356401384083045,0.014356401384083044982698961937716262975778546712802768166089,0.014356401384083044982698961937716262975778546712802768166090,0 <= lambda <= 1/4; canonical P12,equal_weight_three_axis_cone,True,False
231/1000,0.231,1/10,2663/3788,0.70300950369588173,0.703009503695881731784582893347412882787750791974656810982048,0.703009503695881731784582893347412882787750791974656810982049,0.71943500096775131,0.719435000967751314029017202072646627307202366761805362008610,0.719435000967751314029017202072646627307202366761805362008611,0.016425497271869582,0.016425497271869582244434308725233744519451574787148551026561,0.016425497271869582244434308725233744519451574787148551026562,18/289,0.014387543252595156,0.014387543252595155709342560553633217993079584775086505190311,0.014387543252595155709342560553633217993079584775086505190312,0 <= lambda <= 1/4; canonical P12,equal_weight_three_axis_cone,True,False
463/2000,0.2315,1/10,2662/3787,0.70293108001056245,0.702931080010562450488513335093741748085555848956958014259308,0.702931080010562450488513335093741748085555848956958014259309,0.71939709362496676,0.719397093624966756082614542072158519056039371242937995114311,0.719397093624966756082614542072158519056039371242937995114312,0.016466013614404306,0.016466013614404305594101206978416770970483522285979980855003,0.016466013614404305594101206978416770970483522285979980855004,18/289,0.014418685121107266,0.014418685121107266435986159169550173010380622837370242214532,0.014418685121107266435986159169550173010380622837370242214533,0 <= lambda <= 1/4; canonical P12,equal_weight_three_axis_cone,True,False
29/125,0.232,1/10,887/1262,0.70285261489698891,0.702852614896988906497622820919175911251980982567353407290015,0.702852614896988906497622820919175911251980982567353407290016,0.71935916891377730,0.719359168913777295068375373173402253114287120072495339898769,0.719359168913777295068375373173402253114287120072495339898770,0.016506554016788389,0.016506554016788388570752552254226341862306137505141932608753,0.016506554016788388570752552254226341862306137505141932608754,18/289,0.014449826989619377,0.014449826989619377162629757785467128027681660899653979238754,0.014449826989619377162629757785467128027681660899653979238755,0 <= lambda <= 1/4; canonical P12,equal_weight_three_axis_cone,True,False
93/400,0.2325,1/10,532/757,0.70277410832232497,0.702774108322324966974900924702774108322324966974900924702774,0.702774108322324966974900924702774108322324966974900924702775,0.71932122682023431,0.719321226820234310402715524836537239444578183320742875831703,0.719321226820234310402715524836537239444578183320742875831704,0.016547118497909343,0.016547118497909343427814600133763131122253216345841951128929,0.016547118497909343427814600133763131122253216345841951128930,18/289,0.014480968858131488,0.014480968858131487889273356401384083044982698961937716262975,0.014480968858131487889273356401384083044982698961937716262976,0 <= lambda <= 1/4; canonical P12,equal_weight_three_axis_cone,True,False
233/1000,0.233,1/10,2659/3784,0.70269556025369979,0.702695560253699788583509513742071881606765327695560253699788,0.702695560253699788583509513742071881606765327695560253699789,0.71928326733037304,0.719283267330373039642482505112269273203484176646047045519373,0.719283267330373039642482505112269273203484176646047045519374,0.016587707076673251,0.016587707076673251058972991370197391596718848950486791819584,0.016587707076673251058972991370197391596718848950486791819585,18/289,0.014512110726643599,0.014512110726643598615916955017301038062283737024221453287197,0.014512110726643598615916955017301038062283737024221453287198,0 <= lambda <= 1/4; canonical P12,equal_weight_three_axis_cone,True,False
467/2000,0.2335,1/10,886/1261,0.70261697065820777,0.702616970658207771609833465503568596352101506740681998413957,0.702616970658207771609833465503568596352101506740681998413958,0.71924529043021255,0.719245290430212554003440751029443012324849423348431634686561,0.719245290430212554003440751029443012324849423348431634686562,0.016628319772004782,0.016628319772004782393607285525874415972747916607749636272604,0.016628319772004782393607285525874415972747916607749636272605,18/289,0.014543252595155709,0.014543252595155709342560553633217993079584775086505190311418,0.014543252595155709342560553633217993079584775086505190311419,0 <= lambda <= 1/4; canonical P12,equal_weight_three_axis_cone,True,False
117/500,0.234,1/10,2657/3782,0.70253833950290851,0.702538339502908514013749338974087784241142252776308831306187,0.702538339502908514013749338974087784241142252776308831306188,0.71920729610575573,0.719207296105755733832742372866628923126881848719472853732072,0.719207296105755733832742372866628923126881848719472853732073,0.016668956602847220,0.016668956602847219818993033892541138885739595943164022425885,0.016668956602847219818993033892541138885739595943164022425886,18/289,0.014574394463667820,0.014574394463667820069204152249134948096885813148788927335640,0.014574394463667820069204152249134948096885813148788927335641,0 <= lambda <= 1/4; canonical P12,equal_weight_three_axis_cone,True,False
469/2000,0.2345,1/10,2656/3781,0.70245966675482677,0.702459666754826765405977254694525257868288812483469981486379,0.702459666754826765405977254694525257868288812483469981486380,0.71916928434298924,0.719169284342989244035280089068511006753856331230967976371737,0.719169284342989244035280089068511006753856331230967976371738,0.016709617588162479,0.016709617588162478629302834373985748885567518747497994885357,0.016709617588162478629302834373985748885567518747497994885358,18/289,0.014605536332179931,0.014605536332179930795847750865051903114186851211072664359861,0.014605536332179930795847750865051903114186851211072664359862,0 <= lambda <= 1/4; canonical P12,equal_weight_three_axis_cone,True,False
47/200,0.235,1/10,59/84,0.70238095238095238,0.702380952380952380952380952380952380952380952380952380952380,0.702380952380952380952380952380952380952380952380952380952381,0.71913125512788351,0.719131255127883509453818778696117651616252935343106964318515,0.719131255127883509453818778696117651616252935343106964318516,0.016750302746931129,0.016750302746931128501437826315165270663871982962154583366134,0.016750302746931128501437826315165270663871982962154583366135,18/289,0.014636678200692042,0.014636678200692041522491349480968858131487889273356401384083,0.014636678200692041522491349480968858131487889273356401384084,0 <= lambda <= 1/4; canonical P12,equal_weight_three_axis_cone,True,False
471/2000,0.2355,1/10,2654/3779,0.70230219634824028,0.702302196348240275205080709182323365969833289229955014554114,0.702302196348240275205080709182323365969833289229955014554115,0.71909320844639269,0.719093208446392690202801807623577447043093600505688446524005,0.719093208446392690202801807623577447043093600505688446524006,0.016791012098152415,0.016791012098152414997721098441254081073260311275733431969890,0.016791012098152414997721098441254081073260311275733431969891,18/289,0.014667820069204152,0.014667820069204152249134948096885813148788927335640138408304,0.014667820069204152249134948096885813148788927335640138408305,0 <= lambda <= 1/4; canonical P12,equal_weight_three_axis_cone,True,False
59/250,0.236,1/10,2653/3778,0.70222339862361038,0.702223398623610375860243515087347803070407623080995235574377,0.702223398623610375860243515087347803070407623080995235574378,0.71905514428445466,0.719055144284454656955728013210427983227007429185394648188782,0.719055144284454656955728013210427983227007429185394648188783,0.016831745660844281,0.016831745660844281095484498123080180156599806104399412614404,0.016831745660844281095484498123080180156599806104399412614405,18/289,0.014698961937716263,0.014698961937716262975778546712802768166089965397923875432525,0.014698961937716262975778546712802768166089965397923875432526,0 <= lambda <= 1/4; canonical P12,equal_weight_three_axis_cone,True,False
473/2000,0.2365,1/10,884/1259,0.70214455917394758,0.702144559173947577442414614773629864972200158856235107227958,0.702144559173947577442414614773629864972200158856235107227959,0.71901706262799097,0.719017062627990966185994959884851754071917046725923730671598,0.719017062627990966185994959884851754071917046725923730671599,0.016872503454043389,0.016872503454043388743580345111221889099716887869688623443640,0.016872503454043388743580345111221889099716887869688623443641,18/289,0.014730103806228374,0.014730103806228373702422145328719723183391003460207612456747,0.014730103806228373702422145328719723183391003460207612456748,0 <= lambda <= 1/4; canonical P12,equal_weight_three_axis_cone,True,False
237/1000,0.237,1/10,2651/3776,0.70206567796610169,0.702065677966101694915254237288135593220338983050847457627118,0.702065677966101694915254237288135593220338983050847457627119,0.71897896346290684,0.718978963462906835361103804966842393197311023147483858691257,0.718978963462906835361103804966842393197311023147483858691258,0.016913285496805140,0.016913285496805140445849567678706799976972040096636401064138,0.016913285496805140445849567678706799976972040096636401064139,18/289,0.014761245674740484,0.014761245674740484429065743944636678200692041522491349480968,0.014761245674740484429065743944636678200692041522491349480969,0 <= lambda <= 1/4; canonical P12,equal_weight_three_axis_cone,True,False
19/80,0.2375,1/10,106/151,0.70198675496688742,0.701986754966887417218543046357615894039735099337748344370860,0.701986754966887417218543046357615894039735099337748344370861,0.71894084677509112,0.718940846775091118090120840138489606866982794126880253567223,0.718940846775091118090120840138489606866982794126880253567224,0.016954091808203701,0.016954091808203700871577793780873712827247694789131909196362,0.016954091808203700871577793780873712827247694789131909196363,18/289,0.014792387543252595,0.014792387543252595155709342560553633217993079584775086505190,0.014792387543252595155709342560553633217993079584775086505191,0 <= lambda <= 1/4; canonical P12,equal_weight_three_axis_cone,True,False
119/500,0.238,1/10,883/1258,0.70190779014308426,0.701907790143084260731319554848966613672496025437201907790143,0.701907790143084260731319554848966613672496025437201907790144,0.71890271255041628,0.718902712550416279224290499228575154564059363189357229524737,0.718902712550416279224290499228575154564059363189357229524738,0.016994922407332018,0.016994922407332018492970944379608540891563337752155321734594,0.016994922407332018492970944379608540891563337752155321734595,18/289,0.014823529411764706,0.014823529411764705882352941176470588235294117647058823529411,0.014823529411764705882352941176470588235294117647058823529412,0 <= lambda <= 1/4; canonical P12,equal_weight_three_axis_cone,True,False
477/2000,0.2385,1/10,2648/3773,0.70182878346143652,0.701828783461436522661012456930824277763053273257354890007951,0.701828783461436522661012456930824277763053273257354890007952,0.71886456077473837,0.718864560774738369910694347417747696039847589645194151953234,0.718864560774738369910694347417747696039847589645194151953235,0.017035777313301847,0.017035777313301847249681890486923418276794316387839261945282,0.017035777313301847249681890486923418276794316387839261945283,18/289,0.014854671280276817,0.014854671280276816608996539792387543252595155709342560553633,0.014854671280276816608996539792387543252595155709342560553634,0 <= lambda <= 1/4; canonical P12,equal_weight_three_axis_cone,True,False
239/1000,0.239,1/10,2647/3772,0.70174973488865323,0.701749734888653234358430540827147401908801696712619300106044,0.701749734888653234358430540827147401908801696712619300106045,0.71882639143389700,0.718826391433897002598850290585933652914839760670891421821383,0.718826391433897002598850290585933652914839760670891421821384,0.017076656545243768,0.017076656545243768240419749758786251006038063958272121715338,0.017076656545243768240419749758786251006038063958272121715339,18/289,0.014885813148788927,0.014885813148788927335640138408304498269896193771626297577854,0.014885813148788927335640138408304498269896193771626297577855,0 <= lambda <= 1/4; canonical P12,equal_weight_three_axis_cone,True,False
479/2000,0.2395,1/10,294/419,0.70167064439140811,0.701670644391408114558472553699284009546539379474940334128878,0.701670644391408114558472553699284009546539379474940334128879,0.71878820451371533,0.718788204513715326000145966312576513533829775302905689206233,0.718788204513715326000145966312576513533829775302905689206234,0.017117560122307211,0.017117560122307211441673412613292503987290395827965355077355,0.017117560122307211441673412613292503987290395827965355077356,18/289,0.014916955017301038,0.014916955017301038062283737024221453287197231833910034602076,0.014916955017301038062283737024221453287197231833910034602077,0 <= lambda <= 1/4; canonical P12,equal_weight_three_axis_cone,True,False
6/25,0.24,1/10,529/754,0.70159151193633952,0.701591511936339522546419098143236074270557029177718832891246,0.701591511936339522546419098143236074270557029177718832891247,0.71875,0.718749999999999999999999999999999999999999999999999999999999,0.718750000000000000000000000000000000000000000000000000000001,0.017158488063660477,0.017158488063660477453580901856763925729442970822281167108753,0.017158488063660477453580901856763925729442970822281167108754,18/289,0.014948096885813149,0.014948096885813148788927335640138408304498269896193771626297,0.014948096885813148788927335640138408304498269896193771626298,0 <= lambda <= 1/4; canonical P12,equal_weight_three_axis_cone,True,False
481/2000,0.2405,1/10,2644/3769,0.70151233749005041,0.701512337490050411249668347041655611568055187052268506235075,0.701512337490050411249668347041655611568055187052268506235076,0.71871177787854117,0.718711777878541170522644530717872599935685140095749295535429,0.718711777878541170522644530717872599935685140095749295535430,0.017199440388490759,0.017199440388490759272976183676216988367629953043480789300353,0.017199440388490759272976183676216988367629953043480789300354,18/289,0.014979238754325260,0.014979238754325259515570934256055363321799307958477508650519,0.014979238754325259515570934256055363321799307958477508650520,0 <= lambda <= 1/4; canonical P12,equal_weight_three_axis_cone,True,False
241/1000,0.241,1/10,881/1256,0.70143312101910828,0.701433121019108280254777070063694267515923566878980891719745,0.701433121019108280254777070063694267515923566878980891719746,0.71867353813511244,0.718673538135112444348422131659613109300316569026956064247369,0.718673538135112444348422131659613109300316569026956064247370,0.017240417116004164,0.017240417116004164093645061595918841784393002147975172527624,0.017240417116004164093645061595918841784393002147975172527625,18/289,0.015010380622837370,0.015010380622837370242214532871972318339100346020761245674740,0.015010380622837370242214532871972318339100346020761245674741,0 <= lambda <= 1/4; canonical P12,equal_weight_three_axis_cone,True,False
483/2000,0.2415,1/10,2642/3767,0.70135386249004513,0.701353862490045128749668170958322272365277409078842580302628,0.701353862490045128749668170958322272365277409078842580302629,0.71863528075547086,0.718635280755470863883489969556809543452425007994897263455831,0.718635280755470863883489969556809543452425007994897263455832,0.017281418265425735,0.017281418265425735133821798598487271087147598916054683153203,0.017281418265425735133821798598487271087147598916054683153204,18/289,0.015041522491349481,0.015041522491349480968858131487889273356401384083044982698961,0.015041522491349480968858131487889273356401384083044982698962,0 <= lambda <= 1/4; canonical P12,equal_weight_three_axis_cone,True,False
121/500,0.242,1/10,2641/3766,0.70127456186935741,0.701274561869357408390865639936271906532129580456718003186404,0.701274561869357408390865639936271906532129580456718003186405,0.71859700572535688,0.718597005725356881881823766012507055642080556844259776378140,0.718597005725356881881823766012507055642080556844259776378141,0.017322443855999473,0.017322443855999473490958126076235149109950976387541773191736,0.017322443855999473490958126076235149109950976387541773191737,18/289,0.015072664359861592,0.015072664359861591695501730103806228373702422145328719723183,0.015072664359861591695501730103806228373702422145328719723184,0 <= lambda <= 1/4; canonical P12,equal_weight_three_axis_cone,True,False
97/400,0.2425,1/10,176/251,0.70119521912350598,0.701195219123505976095617529880478087649402390438247011952191,0.701195219123505976095617529880478087649402390438247011952192,0.71855871303049434,0.718558713030494336119413841485723813297696822175882493876519,0.718558713030494336119413841485723813297696822175882493876520,0.017363493906988360,0.017363493906988360023796311605245725648294431737635481924328,0.017363493906988360023796311605245725648294431737635481924329,18/289,0.015103806228373702,0.015103806228373702422145328719723183391003460207612456747404,0.015103806228373702422145328719723183391003460207612456747405,0 <= lambda <= 1/4; canonical P12,equal_weight_three_axis_cone,True,False
243/1000,0.243,1/10,2639/3764,0.70111583421891605,0.701115834218916046758767268862911795961742826780021253985122,0.701115834218916046758767268862911795961742826780021253985123,0.71852040265659042,0.718520402656590424020545239584935991442659798911620746410895,0.718520402656590424020545239584935991442659798911620746410896,0.017404568437674377,0.017404568437674377261777970722024195480916972131599492425772,0.017404568437674377261777970722024195480916972131599492425773,18/289,0.015134948096885813,0.015134948096885813148788927335640138408304498269896193771626,0.015134948096885813148788927335640138408304498269896193771627,0 <= lambda <= 1/4; canonical P12,equal_weight_three_axis_cone,True,False
487/2000,0.2435,1/10,2638/3763,0.70103640712197715,0.701036407121977145894233324475152803614137656125431836300823,0.701036407121977145894233324475152803614137656125431836300824,0.71848207458933568,0.718482074589335677236053645404682384960628769157376736390296,0.718482074589335677236053645404682384960628769157376736390297,0.017445667467358531,0.017445667467358531341820320929529581346491113031944900089472,0.017445667467358531341820320929529581346491113031944900089473,18/289,0.015166089965397924,0.015166089965397923875432525951557093425605536332179930795847,0.015166089965397923875432525951557093425605536332179930795848,0 <= lambda <= 1/4; canonical P12,equal_weight_three_axis_cone,True,False
61/250,0.244,1/10,293/418,0.70095693779904306,0.700956937799043062200956937799043062200956937799043062200956,0.700956937799043062200956937799043062200956937799043062200957,0.71844372881440394,0.718443728814403936173448526864013176068608050827855513393473,0.718443728814403936173448526864013176068608050827855513393474,0.017486791015360874,0.017486791015360873972491589064970113867651113028812451192516,0.017486791015360873972491589064970113867651113028812451192517,18/289,0.015197231833910035,0.015197231833910034602076124567474048442906574394463667820069,0.015197231833910034602076124567474048442906574394463667820070,0 <= lambda <= 1/4; canonical P12,equal_weight_three_axis_cone,True,False
489/2000,0.2445,1/10,2636/3761,0.70087742621643180,0.700877426216431800053177346450412124434990693964371177878223,0.700877426216431800053177346450412124434990693964371177878224,0.71840536531745232,0.718405365317452324478794642375372958354740670689194184472162,0.718405365317452324478794642375372958354740670689194184472163,0.017527939101020524,0.017527939101020524425617295924960833919749976724823006593938,0.017527939101020524425617295924960833919749976724823006593939,18/289,0.015228373702422145,0.015228373702422145328719723183391003460207612456747404844290,0.015228373702422145328719723183391003460207612456747404844291,0 <= lambda <= 1/4; canonical P12,equal_weight_three_axis_cone,True,False
49/200,0.245,1/10,527/752,0.70079787234042553,0.700797872340425531914893617021276595744680851063829787234042,0.700797872340425531914893617021276595744680851063829787234043,0.71836698408412122,0.718366984084121223470242771684781287280666551806162847683612,0.718366984084121223470242771684781287280666551806162847683613,0.017569111743695692,0.017569111743695691555349154663504691535985700742333060449569,0.017569111743695691555349154663504691535985700742333060449570,18/289,0.015259515570934256,0.015259515570934256055363321799307958477508650519031141868512,0.015259515570934256055363321799307958477508650519031141868513,0 <= lambda <= 1/4; canonical P12,equal_weight_three_axis_cone,True,False
491/2000,0.2455,1/10,878/1253,0.70071827613727055,0.700718276137270550678371907422186751795690343176376695929768,0.700718276137270550678371907422186751795690343176376695929769,0.71832858510003425,0.718328585100034246523100239375960063042778946313214551794494,0.718328585100034246523100239375960063042778946313214551794495,0.017610308962763696,0.017610308962763695844728331953773311247088603136837855864726,0.017610308962763695844728331953773311247088603136837855864727,18/289,0.015290657439446367,0.015290657439446366782006920415224913494809688581314878892733,0.015290657439446366782006920415224913494809688581314878892734,0 <= lambda <= 1/4; canonical P12,equal_weight_three_axis_cone,True,False
123/500,0.246,1/10,2633/3758,0.70063863757317722,0.700638637573177221926556679084619478445981905268759978712080,0.700638637573177221926556679084619478445981905268759978712081,0.71829016835079821,0.718290168350798213406331512319450365191376669178393166284330,0.718290168350798213406331512319450365191376669178393166284331,0.017651530777620991,0.017651530777620991479774833234830886745394763909633187572249,0.017651530777620991479774833234830886745394763909633187572250,18/289,0.015321799307958478,0.015321799307958477508650519031141868512110726643598615916955,0.015321799307958477508650519031141868512110726643598615916956,0 <= lambda <= 1/4; canonical P12,equal_weight_three_axis_cone,True,False
493/2000,0.2465,1/10,2632/3757,0.70055895661431994,0.700558956614319936119244077721586372105403247271759382486026,0.700558956614319936119244077721586372105403247271759382486027,0.71825173382200312,0.718251733822003124570378863269845460864522582538203149740655,0.718251733822003124570378863269845460864522582538203149740656,0.017692777207683188,0.017692777207683188451134785548259088759119335266443767254629,0.017692777207683188451134785548259088759119335266443767254630,18/289,0.015352941176470588,0.015352941176470588235294117647058823529411764705882352941176,0.015352941176470588235294117647058823529411764705882352941177,0 <= lambda <= 1/4; canonical P12,equal_weight_three_axis_cone,True,False
247/1000,0.247,1/10,877/1252,0.70047923322683706,0.700479233226837060702875399361022364217252396166134185303514,0.700479233226837060702875399361022364217252396166134185303515,0.71821328149922214,0.718213281499222135386192802867114167762673221294291134539334,0.718213281499222135386192802867114167762673221294291134539335,0.017734048272385075,0.017734048272385074683317403506091803545420825128156949235820,0.017734048272385074683317403506091803545420825128156949235821,18/289,0.015384083044982699,0.015384083044982698961937716262975778546712802768166089965397,0.015384083044982698961937716262975778546712802768166089965398,0 <= lambda <= 1/4; canonical P12,equal_weight_three_axis_cone,True,False
99/400,0.2475,1/10,526/751,0.70039946737683089,0.700399467376830892143808255659121171770972037283621837549933,0.700399467376830892143808255659121171770972037283621837549934,0.71817481136801153,0.718174811368011530335361691478661148172901260506274936194267,0.718174811368011530335361691478661148172901260506274936194268,0.017775343991180638,0.017775343991180638191553435819539976401929223222653098644334,0.017775343991180638191553435819539976401929223222653098644335,18/289,0.015415224913494810,0.015415224913494809688581314878892733564013840830449826989619,0.015415224913494809688581314878892733564013840830449826989620,0 <= lambda <= 1/4; canonical P12,equal_weight_three_axis_cone,True,False
31/125,0.248,1/10,2629/3754,0.70031965903036761,0.700319659030367607884922749067661161427810335641981885988279,0.700319659030367607884922749067661161427810335641981885988280,0.71813632341391070,0.718136323413910697151229650624318586418624782114669653903945,0.718136323413910697151229650624318586418624782114669653903946,0.017816664383543089,0.017816664383543089266306901556657424990814446472687767915666,0.017816664383543089266306901556657424990814446472687767915667,18/289,0.015446366782006920,0.015446366782006920415224913494809688581314878892733564013840,0.015446366782006920415224913494809688581314878892733564013841,0 <= lambda <= 1/4; canonical P12,equal_weight_three_axis_cone,True,False
497/2000,0.2485,1/10,292/417,0.70023980815347722,0.700239808153477218225419664268585131894484412470023980815347,0.700239808153477218225419664268585131894484412470023980815348,0.71809781762244210,0.718097817622442100910891601153926524322352898823449456714378,0.718097817622442100910891601153926524322352898823449456714379,0.017858009468964883,0.017858009468964882685471936885341392427868486353425475899030,0.017858009468964882685471936885341392427868486353425475899031,18/289,0.015477508650519031,0.015477508650519031141868512110726643598615916955017301038062,0.015477508650519031141868512110726643598615916955017301038063,0 <= lambda <= 1/4; canonical P12,equal_weight_three_axis_cone,True,False
249/1000,0.249,1/10,2627/3752,0.70015991471215352,0.700159914712153518123667377398720682302771855010660980810234,0.700159914712153518123667377398720682302771855010660980810235,0.71805929397911126,0.718059293979111258077953961893565237389681921476939719149468,0.718059293979111258077953961893565237389681921476939719149469,0.017899379266957740,0.017899379266957739954286584494844555086910066466278738339233,0.017899379266957739954286584494844555086910066466278738339234,18/289,0.015508650519031142,0.015508650519031141868512110726643598615916955017301038062283,0.015508650519031141868512110726643598615916955017301038062284,0 <= lambda <= 1/4; canonical P12,equal_weight_three_axis_cone,True,False
499/2000,0.2495,1/10,2626/3751,0.70007997867235404,0.700079978672354038922953878965609170887763263129832044788056,0.700079978672354038922953878965609170887763263129832044788057,0.71802075246940671,0.718020752469406710495949248138869596730393279453033027811429,0.718020752469406710495949248138869596730393279453033027811430,0.017940773797052672,0.017940773797052671572995369173260425842630016323200983023373,0.017940773797052671572995369173260425842630016323200983023374,18/289,0.015539792387543253,0.015539792387543252595155709342560553633217993079584775086505,0.015539792387543252595155709342560553633217993079584775086506,0 <= lambda <= 1/4; canonical P12,equal_weight_three_axis_cone,True,False
1/4,0.25,1/10,7/10,0.70000000000000000,0.699999999999999999999999999999999999999999999999999999999999,0.700000000000000000000000000000000000000000000000000000000001,0.71798219307880000,0.717982193078799999332292514149188328819142914516759604465482,0.717982193078799999332292514149188328819142914516759604465483,0.017982193078799999,0.017982193078799999332292514149188328819142914516759604465482,0.017982193078799999332292514149188328819142914516759604465483,18/289,0.015570934256055363,0.015570934256055363321799307958477508650519031141868512110726,0.015570934256055363321799307958477508650519031141868512110727,0 <= lambda <= 1/4; canonical P12,equal_weight_three_axis_cone,True,False
