epsilon_exact,epsilon,a_exact,c_exact,lambda_min_exact,loss_L,p_cert,p_cert_lower,p_cert_upper,p_rep,p_rep_lower,p_rep_upper,certified_width,certified_width_lower,certified_width_upper,theorem_applies,endpoint_kind,lower_p_endpoint_included,upper_p_endpoint_included,ensemble,exact_capacity_boundary
0,0,1,0,1/3,0,1,1.000000000000000000000000000000000000000000000000000000000000,1.000000000000000000000000000000000000000000000000000000000000,1,1.000000000000000000000000000000000000000000000000000000000000,1.000000000000000000000000000000000000000000000000000000000000,0,0.000000000000000000000000000000000000000000000000000000000000,0.000000000000000000000000000000000000000000000000000000000000,False,perfect_record_limit,False,False,equally_weighted_Pauli_axes,False
1/2000,0.0005,998001/1000000,1999/1000000,1/3,0.0024470423938973162,0.99750221205902610,0.997502212059026095192245570015556894138106191513548914128176,0.997502212059026095192245570015556894138106191513548914128177,0.99755893100541885,0.997558931005418852157663193226250338891211488726263971579180,0.997558931005418852157663193226250338891211488726263971579181,0.000056718946392756965,0.000056718946392756965417623210693444753105297212715057451003,0.000056718946392756965417623210693444753105297212715057451004,True,interior,True,False,equally_weighted_Pauli_axes,False
1/1000,0.001,249001/250000,999/250000,1/3,0.0048891986339238293,0.99502199071803319,0.995021990718033190867666739212761742229425170748786160941397,0.995021990718033190867666739212761742229425170748786160941398,0.99513458932530039,0.995134589325300390441898819076764473368981515165836116025419,0.995134589325300390441898819076764473368981515165836116025420,0.00011259860726719957,0.000112598607267199574232079864002731139556344417049955084021,0.000112598607267199574232079864002731139556344417049955084022,True,interior,True,False,equally_weighted_Pauli_axes,False
3/2000,0.0015,994009/1000000,5991/1000000,1/3,0.0073264814921505992,0.99255915381891015,0.992559153818910154114820238983650716049070230811184720877806,0.992559153818910154114820238983650716049070230811184720877807,0.99272680543323164,0.992726805433231639466357682017872766256582916456441883944564,0.992726805433231639466357682017872766256582916456441883944565,0.00016765161432148535,0.000167651614321485351537443034222050207512685645257163066757,0.000167651614321485351537443034222050207512685645257163066758,True,interior,True,False,equally_weighted_Pauli_axes,False
1/500,0.002,62001/62500,499/62500,1/3,0.0097589036825489579,0.99011352172646307,0.990113521726463070816557251713779769094356433355949843152831,0.990113521726463070816557251713779769094356433355949843152832,0.99033541209989965,0.990335412099899649509099913975650418608901363097643823367674,0.990335412099899649509099913975650418608901363097643823367675,0.00022189037343657869,0.000221890373436578692542662261870649514544929741693980214843,0.000221890373436578692542662261870649514544929741693980214844,True,interior,True,False,equally_weighted_Pauli_axes,False
1/400,0.0025,39601/40000,399/40000,1/3,0.012186477861330966,0.98768491728487046,0.987684917284870457749545625944642751190873784201623797703462,0.987684917284870457749545625944642751190873784201623797703463,0.98796024435430118,0.987960244354301177009806865222521794008940473894634405017098,0.987960244354301177009806865222521794008940473894634405017099,0.00027532706943071926,0.000275327069430719260261239277879042818066689693010607313635,0.000275327069430719260261239277879042818066689693010607313636,True,interior,True,False,equally_weighted_Pauli_axes,False
3/1000,0.003,247009/250000,2991/250000,1/3,0.014609216627287388,0.98527316577503746,0.985273165775037464340228748238046018937677304731459523150361,0.985273165775037464340228748238046018937677304731459523150362,0.98560113944573596,0.985601139445735959115415347610968760949411521571058093101794,0.985601139445735959115415347610968760949411521571058093101795,0.00032797367069849478,0.000327973670698494775186599372922742011734216839598569951433,0.000327973670698494775186599372922742011734216839598569951434,True,interior,True,False,equally_weighted_Pauli_axes,False
7/2000,0.0035,986049/1000000,13951/1000000,1/3,0.017027132522123200,0.98287809487282748,0.982878094872827484178915266280827839645136298742724554335643,0.982878094872827484178915266280827839645136298742724554335644,0.98325793680656518,0.983257936806565175870996807141434441504516302817603354187804,0.983257936806565175870996807141434441504516302817603354187805,0.00037984193373769169,0.000379841933737691692081540860606601859380004074878799852160,0.000379841933737691692081540860606601859380004074878799852161,True,interior,True,False,equally_weighted_Pauli_axes,False
1/250,0.004,15376/15625,249/15625,1/3,0.019440238030790667,0.98049953460815019,0.980499534608150186400067133645905053607096860116609238100488,0.980499534608150186400067133645905053607096860116609238100489,0.98093047801571719,0.980930478015717186136552710710966811828106134597624717358415,0.980930478015717186136552710710966811828106134597624717358416,0.00043094340756699974,0.000430943407566999736485577065061758221009274481015479257926,0.000430943407566999736485577065061758221009274481015479257927,True,interior,True,False,equally_weighted_Pauli_axes,False
9/2000,0.0045,982081/1000000,17919/1000000,1/3,0.021848545581819991,0.97813731732488555,0.978137317324885548957455262969592682133884401716811856051506,0.978137317324885548957455262969592682133884401716811856051507,0.97861860676292310,0.978618606762923101019501236453365409482914968666642605261121,0.978618606762923101019501236453365409482914968666642605261122,0.00048128943803755206,0.000481289438037552062045973483772727349030566949830749209614,0.000481289438037552062045973483772727349030566949830749209615,True,interior,True,False,equally_weighted_Pauli_axes,False
1/200,0.005,9801/10000,199/10000,1/3,0.024252067547647565,0.97579127764162403,0.975791277641624030271584257698587167277900927742025348784301,0.975791277641624030271584257698587167277900927742025348784302,0.97632216881366522,0.976322168813665222037853125566634878186211547286934737558734,0.976322168813665222037853125566634878186211547286934737558735,0.00053089117204119177,0.000530891172041191766268867868047710908310619544909388774433,0.000530891172041191766268867868047710908310619544909388774434,True,interior,True,False,equally_weighted_Pauli_axes,False
11/2000,0.0055,978121/1000000,21879/1000000,1/3,0.026650816244941849,0.97346125241320355,0.973461252413203553294707547895947707099693089352999190252117,0.973461252413203553294707547895947707099693089352999190252118,0.97404101197482182,0.974041011974821820843400683358025785277481232459481375681766,0.974041011974821820843400683358025785277481232459481375681767,0.00057975956161826755,0.000579759561618267548693135462078078177788143106482185429648,0.000579759561618267548693135462078078177788143106482185429649,True,interior,True,False,equally_weighted_Pauli_axes,False
3/500,0.006,61009/62500,1491/62500,1/3,0.029044803934926887,0.97114708069302450,0.971147080693024497294998811175563729717841789558401882808400,0.971147080693024497294998811175563729717841789558401882808401,0.97177498606099217,0.971774986060992173593486446759589021712229762967181069486829,0.971774986060992173593486446759589021712229762967181069486830,0.00062790536796767630,0.000627905367967676298487635584025291994387973408779186678429,0.000627905367967676298487635584025291994387973408779186678430,True,interior,True,False,equally_weighted_Pauli_axes,False
13/2000,0.0065,974169/1000000,25831/1000000,1/3,0.031434042823703491,0.96884860369612440,0.968848603696124398154115439320126195483792205900094706909597,0.968848603696124398154115439320126195483792205900094706909598,0.96952394286148619,0.969523942861486186403396473123234835681671978512638953089070,0.969523942861486186403396473123234835681671978512638953089071,0.00067533916536178825,0.000675339165361788249281033803108640197879772612544246179472,0.000675339165361788249281033803108640197879772612544246179473,True,interior,True,False,equally_weighted_Pauli_axes,False
7/1000,0.007,243049/250000,6951/250000,1/3,0.033818545062568101,0.96656566476299455,0.966565664762994548229394625244183651732709729645179529361845,0.966565664762994548229394625244183651732709729645179529361846,0.96728773610796336,0.967287736107963359162612466541186274943192317308553867989910,0.967287736107963359162612466541186274943192317308553867989911,0.00072207134496881093,0.000722071344968810933217841297002623210482587663374338628065,0.000722071344968810933217841297002623210482587663374338628066,True,interior,True,False,equally_weighted_Pauli_axes,False
3/400,0.0075,38809/40000,1191/40000,1/3,0.036198322748329353,0.96429810932412116,0.964298109324121162361789701023321069210391167869910425631731,0.964298109324121162361789701023321069210391167869910425631732,0.96506622144270623,0.965066221442706233765308734361829838391869144675400073621307,0.965066221442706233765308734361829838391869144675400073621308,0.00076811211858507140,0.000768112118585071403519033338508769181477976805489647989575,0.000768112118585071403519033338508769181477976805489647989576,True,interior,True,False,equally_weighted_Pauli_axes,False
1/125,0.008,15129/15625,496/15625,1/3,0.038573387923622368,0.96204578486523424,0.962045784865234237903302395496047825702945227865562599741967,0.962045784865234237903302395496047825702945227865562599741968,0.96285925638751386,0.962859256387513859882217779640236885521578240271523598322921,0.962859256387513859882217779640236885521578240271523598322922,0.00081347152227962198,0.000813471522279621978915384144189059818633012405960998580954,0.000813471522279621978915384144189059818633012405960998580955,True,interior,True,False,equally_weighted_Pauli_axes,False
17/2000,0.0085,966289/1000000,33711/1000000,1/3,0.040943752577220779,0.95980854089324768,0.959808540893247684165146257190734378539532233652922995186298,0.959808540893247684165146257190734378539532233652922995186299,0.96066670031320119,0.960666700313201187166877476057595995892683679400518380386752,0.960666700313201187166877476057595995892683679400518380386753,0.00085815941995350300,0.000858159419953503001731218866861617353151445747595385200454,0.000858159419953503001731218866861617353151445747595385200455,True,interior,True,False,equally_weighted_Pauli_axes,False
9/1000,0.009,241081/250000,8919/250000,1/3,0.043309428644346528,0.95758622890287473,0.957586228902874730905078558902765099397754776033100956510034,0.957586228902874730905078558902765099397754776033100956510035,0.95848841440969066,0.958488414409690657610366261298328144825164609208480428587249,0.958488414409690657610366261298328144825164609208480428587250,0.00090218550681592671,0.000902185506815926705287702395563045427409833175379472077214,0.000902185506815926705287702395563045427409833175379472077215,True,interior,True,False,equally_weighted_Pauli_axes,False
19/2000,0.0095,962361/1000000,37639/1000000,1/3,0.045670428006977434,0.95537870234390305,0.955378702343903046817672151696279474658869920511824829345502,0.955378702343903046817672151696279474658869920511824829345503,0.95632426165668263,0.956324261656682625987994438682069389175433439684510299784780,0.956324261656682625987994438682069389175433439684510299784781,0.00094555931277957917,0.000945559312779579170322286985789914516563519172685470439278,0.000945559312779579170322286985789914516563519172685470439279,True,interior,True,False,equally_weighted_Pauli_axes,False
1/100,0.01,2401/2500,99/2500,1/3,0.048026762494152561,0.95318581658911441,0.953185816589114407887342481087310144153314151154294991587121,0.953185816589114407887342481087310144153314151154294991587122,0.95417410679489158,0.954174106794891580319625305533294176629397244189805625624171,0.954174106794891580319625305533294176629397244189805625624172,0.00098829020577717243,0.000988290205777172432282824445984032476083093035510634037049,0.000988290205777172432282824445984032476083093035510634037050,True,interior,True,False,equally_weighted_Pauli_axes,False
21/2000,0.0105,958441/1000000,41559/1000000,1/3,0.050378443882275412,0.95100742890283415,0.951007428902834152318065425796936860342504653255388012188355,0.951007428902834152318065425796936860342504653255388012188356,0.95203781629783547,0.952037816297835468320917552048324795001955302581254539664379,0.952037816297835468320917552048324795001955302581254539664380,0.0010303873950013160,0.001030387395001316002852126251387934659450649325866527476023,0.001030387395001316002852126251387934659450649325866527476024,True,interior,True,False,equally_weighted_Pauli_axes,False
11/1000,0.011,239121/250000,10879/250000,1/3,0.052725483895414946,0.94884339841009604,0.948843398410096043958670787774627980464461773462360914227234,0.948843398410096043958670787774627980464461773462360914227235,0.94991525834416576,0.949915258344165760272830995960341680036678533178760103675853,0.949915258344165760272830995960341680036678533178760103675854,0.0010718599340697163,0.001071859934069716314160208185713699572216759716399189448619,0.001071859934069716314160208185713699572216759716399189448620,True,interior,True,False,equally_weighted_Pauli_axes,False
23/2000,0.0115,954529/1000000,45471/1000000,1/3,0.055067894205604463,0.94669358606640854,0.946693586066408540077081231362422585749639581152888685623474,0.946693586066408540077081231362422585749639581152888685623475,0.94780630279052619,0.947806302790526193887136020399512668343388991262075512848936,0.947806302790526193887136020399512668343388991262075512848937,0.0011127167241176538,0.001112716724117653810054789037090082593749410109186827225461,0.001112716724117653810054789037090082593749410109186827225462,True,interior,True,False,equally_weighted_Pauli_axes,False
3/250,0.012,14884/15625,741/15625,1/3,0.057405686433138349,0.94455785462810882,0.944557854628108822366095517207167737434313564649468612589377,0.944557854628108822366095517207167737434313564649468612589378,0.94571082114492845,0.945710821144928452891644927593662222309897562380940459454843,0.945710821144928452891644927593662222309897562380940459454844,0.0011529665168196305,0.001152966516819630525549410386494484875583997731471846865465,0.001152966516819630525549410386494484875583997731471846865466,True,interior,True,False,equally_weighted_Pauli_axes,False
1/80,0.0125,1521/1600,79/1600,1/3,0.059738872146866724,0.94243606862329130,0.942436068623291302539520681656287740329193961749351208030497,0.942436068623291302539520681656287740329193961749351208030498,0.94362868654063333,0.943628686540633328485395437983229194713215476207893512030531,0.943628686540633328485395437983229194713215476207893512030532,0.0011926179173420259,0.001192617917342025945874756326941454384021514458542304000033,0.001192617917342025945874756326941454384021514458542304000034,True,interior,True,False,equally_weighted_Pauli_axes,False
13/1000,0.013,237169/250000,12831/250000,1/3,0.062067462864487988,0.94032809432329766,0.940328094323297656140398760255765792621535119812910279588338,0.940328094323297656140398760255765792621535119812910279588339,0.94155977371052620,0.941559773710526201796129197698187982399442286895820756295343,0.941559773710526201796129197698187982399442286895820756295344,0.0012316793872285457,0.001231679387228545655730437442422189777907167082910476707005,0.001231679387228545655730437442422189777907167082910476707006,True,interior,True,False,equally_weighted_Pauli_axes,False
27/2000,0.0135,946729/1000000,53271/1000000,1/3,0.064391470052839295,0.93823379971475577,0.938233799714755770560514227616708942543085079388309169554872,0.938233799714755770560514227616708942543085079388309169554873,0.93950395896197597,0.939503958961975966275672813623504947375056772067284876723133,0.939503958961975966275672813623504947375056772067284876723134,0.0012701592472201957,0.001270159247220195715158586006796004831971692678975707168261,0.001270159247220195715158586006796004831971692678975707168262,True,interior,True,False,equally_weighted_Pauli_axes,False
7/500,0.014,59049/62500,3451/62500,1/3,0.066710905128184979,0.93615305447215532,0.936153054472155316078539519434311657600321775735337368392454,0.936153054472155316078539519434311657600321775735337368392455,0.93746112015216678,0.937461120152166781849639921254922293924464957491691752566492,0.937461120152166781849639921254922293924464957491691752566493,0.0013080656800114658,0.001308065680011465771100401820610636324143181756354384174037,0.001308065680011465771100401820610636324143181756354384174038,True,interior,True,False,equally_weighted_Pauli_axes,False
29/2000,0.0145,942841/1000000,57159/1000000,1/3,0.069025779456502929,0.93408572993094796,0.934085729930947962268216648671484052590556818709331247299724,0.934085729930947962268216648671484052590556818709331247299725,0.93543113666389232,0.935431136663892317843810710471478933256952747741162606075419,0.935431136663892317843810710471478933256952747741162606075420,0.0013454067329443556,0.001345406732944355575594061799994880666395929031831358775694,0.001345406732944355575594061799994880666395929031831358775695,True,interior,True,False,equally_weighted_Pauli_axes,False
3/200,0.015,9409/10000,591/10000,1/3,0.071336104353768947,0.93203169906116057,0.932031699061160566702352789594749352159002612275207340088284,0.932031699061160566702352789594749352159002612275207340088285,0.93341388938180240,0.933413889381802399479706579781328572926549306335746660421064,0.933413889381802399479706579781328572926549306335746660421065,0.0013821903206418328,0.001382190320641832777353790186579220767546694060539320332779,0.001382190320641832777353790186579220767546694060539320332780,True,interior,True,False,equally_weighted_Pauli_axes,False
31/2000,0.0155,938961/1000000,61039/1000000,1/3,0.073641891086239104,0.92999083644150996,0.929990836441509958767333136740458737648901177040167913925927,0.929990836441509958767333136740458737648901177040167913925928,0.93140926066909222,0.931409260669092223297190526620361931183026380417016545421859,0.931409260669092223297190526620361931183026380417016545421860,0.0014184242275822645,0.001418424227582264529857389879903193534125203376848631495931,0.001418424227582264529857389879903193534125203376848631495932,True,interior,True,False,equally_weighted_Pauli_axes,False
2/125,0.016,14641/15625,984/15625,1/3,0.075943150870730101,0.92796301823400823,0.927963018234008228880657307546081103716653262630923554501705,0.927963018234008228880657307546081103716653262630923554501706,0.92941713434462455,0.929417134344624550445452311725808771084732016070288864247162,0.929417134344624550445452311725808771084732016070288864247163,0.0014541161106163216,0.001454116110616321564795004179727667368078753439365309745457,0.001454116110616321564795004179727667368078753439365309745458,True,interior,True,False,equally_weighted_Pauli_axes,False
33/2000,0.0165,935089/1000000,64911/1000000,1/3,0.078239894874897665,0.92594812215904771,0.925948122159047712735516688239705040698758223467017498069060,0.925948122159047712735516688239705040698758223467017498069061,0.92743739566047552,0.927437395660475523600971882124126133264345245202208560139704,0.927437395660475523600971882124126133264345245202208560139705,0.0014892735014278109,0.001489273501427810865455193884421092565587021735191062070643,0.001489273501427810865455193884421092565587021735191062070644,True,interior,True,False,equally_weighted_Pauli_axes,False
17/1000,0.017,233289/250000,16711/250000,1/3,0.080532134217512979,0.92394602747095513,0.923946027470955131637336609082108161342102392924055667909275,0.923946027470955131637336609082108161342102392924055667909276,0.92546993127989498,0.925469931279894983530191876833133291785265185739118546726067,0.925469931279894983530191876833133291785265185739118546726068,0.0015239038089398519,0.001523903808939851892855267751025130443162792815062878816791,0.001523903808939851892855267751025130443162792815062878816792,True,interior,True,False,equally_weighted_Pauli_axes,False
7/400,0.0175,37249/40000,2751/40000,1/3,0.082819879968737191,0.92195661493400461,0.921956614934004613794396114120291625311331564461618906801019,0.921956614934004613794396114120291625311331564461618906801020,0.92351462925567239,0.923514629255672385216841985534818131943152222932629407879228,0.923514629255672385216841985534818131943152222932629407879229,0.0015580143216677714,0.001558014321667771422445871414526506631820658471010501078209,0.001558014321667771422445871414526506631820658471010501078210,True,interior,True,False,equally_weighted_Pauli_axes,False
9/500,0.018,58081/62500,4419/62500,1/3,0.085103143150393977,0.91997976679887958,0.919979766798879577816525634097551202438497691921481716410702,0.919979766798879577816525634097551202438497691921481716410703,0.92157137900889963,0.921571379008899631213548841844574671269817502855927224926592,0.921571379008899631213548841844574671269817502855927224926593,0.0015916122100200534,0.001591612210020053397023207747023468831319810934445508515890,0.001591612210020053397023207747023468831319810934445508515891,True,interior,True,False,equally_weighted_Pauli_axes,False
37/2000,0.0185,927369/1000000,72631/1000000,1/3,0.087381934736240219,0.91801536677957371,0.918015366779573708892730655798689930165644109099080709342374,0.918015366779573708892730655798689930165644109099080709342375,0.91964007130812235,0.919640071308122351642419603357049054186460659377884950289635,0.919640071308122351642419603357049054186460659377884950289636,0.0016247045285486427,0.001624704528548642749688947558359124020816550278804240947261,0.001624704528548642749688947558359124020816550278804240947262,True,interior,True,False,equally_weighted_Pauli_axes,False
19/1000,0.019,231361/250000,18639/250000,1/3,0.089656265652234774,0.91606330003072150,0.916063300030721500382807721693527072905257751197064558830129,0.916063300030721500382807721693527072905257751197064558830130,0.91772059824887137,0.917720598248871366241308036638807002682647468165405549118633,0.917720598248871366241308036638807002682647468165405549118634,0.0016572982181498659,0.001657298218149865858500314945279929777389716968340990288503,0.001657298218149865858500314945279929777389716968340990288504,True,interior,True,False,equally_weighted_Pauli_axes,False
39/2000,0.0195,923521/1000000,76479/1000000,1/3,0.091926146776805380,0.91412345312534907,0.914123453125349069084457790676960376907630805381249781762114,0.914123453125349069084457790676960376907630805381249781762115,0.91581285323356626,0.915812853233566264207007903907428119513930603666277961745497,0.915812853233566264207007903907428119513930603666277961745498,0.0016894001082171951,0.001689400108217195122550113230467742606299798285028179983383,0.001689400108217195122550113230467742606299798285028179983384,True,interior,True,False,equally_weighted_Pauli_axes,False
1/50,0.02,576/625,49/625,1/3,0.094191588941113697,0.91219571403303618,0.912195714033036181433630417373804604737385586228939123371898,0.912195714033036181433630417373804604737385586228939123371899,0.91391673095178323,0.913916730951783232493384803878189098133349556682936757971925,0.913916730951783232493384803878189098133349556682936757971926,0.0017210169187470511,0.001721016918747051059754386504384493395963970453997634600026,0.001721016918747051059754386504384493395963970453997634600027,True,interior,True,False,equally_weighted_Pauli_axes,False
41/2000,0.0205,919681/1000000,80319/1000000,1/3,0.096452602929318503,0.91027997209848065,0.910279972098480650562407238862038486084432646154621478091484,0.910279972098480650562407238862038486084432646154621478091485,0.91203212736087945,0.912032127360879452845546237058097690014270660297637713389860,0.912032127360879452845546237058097690014270660297637713389861,0.0017521552623988023,0.001752155262398802283138998196059203929838014143016235298375,0.001752155262398802283138998196059203929838014143016235298376,True,interior,True,False,equally_weighted_Pauli_axes,False
21/1000,0.021,229441/250000,20559/250000,1/3,0.098709199478837060,0.90837611802045648,0.908376118020456480669457018505839512676326527912685902668274,0.908376118020456480669457018505839512676326527912685902668275,0.91015893966696657,0.910158939666966572349231891233020218452806762102652673169186,0.910158939666966572349231891233020218452806762102652673169187,0.0017828216465100917,0.001782821646510091679774872727180705776480234189966770500911,0.001782821646510091679774872727180705776480234189966770500912,True,interior,True,False,equally_weighted_Pauli_axes,False
43/2000,0.0215,915849/1000000,84151/1000000,1/3,0.10096138928060467,0.90648404383115735,0.906484043831157345740261785506490327725130671764300946031512,0.906484043831157345740261785506490327725130671764300946031513,0.90829706630622593,0.908297066306225931801127535463362006270074359813221769802114,0.908297066306225931801127535463362006270074359813221769802115,0.0018130224750685861,0.001813022475068586060865749956871678544943688048920823770601,0.001813022475068586060865749956871678544943688048920823770602,True,interior,True,False,equally_weighted_Pauli_axes,False
11/500,0.022,57121/62500,5379/62500,1/3,0.10320918297933243,0.90460364287591719,0.904603642875917194468949533988064837066909032713353759763615,0.904603642875917194468949533988064837066909032713353759763616,0.90644640692655841,0.906446406926558410909173439232639880994348490695302970481230,0.906446406926558410909173439232639880994348490695302970481231,0.0018427640506412164,0.001842764050641216440223905244575043927439457981949210717614,0.001842764050641216440223905244575043927439457981949210717615,True,interior,True,False,equally_weighted_Pauli_axes,False
9/400,0.0225,36481/40000,3519/40000,1/3,0.10545259117376319,0.90273480979329997,0.902734809793299972455657187762364313874078042415000008263486,0.902734809793299972455657187762364313874078042415000008263487,0.90460686236956192,0.904606862369561919355700227951055472431746383244329726628422,0.904606862369561919355700227951055472431746383244329726628423,0.0018720525762619469,0.001872052576261946900043040188691158557668340829329718364935,0.001872052576261946900043040188691158557668340829329718364936,True,interior,True,False,equally_weighted_Pauli_axes,False
23/1000,0.023,227529/250000,22471/250000,1/3,0.10769162441692578,0.90087744049555065,0.900877440495550646552049637063632515228690956275407586348830,0.900877440495550646552049637063632515228690956275407586348831,0.90277833465282973,0.902778334652829728239244249776946505009764168144316750117133,0.902778334652829728239244249776946505009764168144316750117134,0.0019008941572790817,0.001900894157279081687194612713313989781073211868909163768303,0.001900894157279081687194612713313989781073211868909163768304,True,interior,True,False,equally_weighted_Pauli_axes,False
47/2000,0.0235,908209/1000000,91791/1000000,1/3,0.10992629321638742,0.89903143214939990,0.899031432149399904766486702522384331879573281111572060105352,0.899031432149399904766486702522384331879573281111572060105353,0.90096072695256300,0.900960726952562997487514293485437600476192252178522527939366,0.900960726952562997487514293485437600476192252178522527939367,0.0019292948031630927,0.001929294803163092721027590963053268596618971066950467834013,0.001929294803163092721027590963053268596618971066950467834014,True,interior,True,False,equally_weighted_Pauli_axes,False
3/125,0.024,14161/15625,1464/15625,1/3,0.11215660803450444,0.89719668315721509,0.897196683157215088577500976269754072240371207295335204068822,0.897196683157215088577500976269754072240371207295335204068823,0.89915394358649101,0.899153943586491011634186000291323335787527019882560459466211,0.899153943586491011634186000291323335787527019882560459466212,0.0019572604292759231,0.001957260429275923056685024021569263547155812587225255397389,0.001957260429275923056685024021569263547155812587225255397390,True,interior,True,False,equally_weighted_Pauli_axes,False
49/2000,0.0245,904401/1000000,95599/1000000,1/3,0.11438257928867126,0.89537309313849009,0.895373093138490092992652299046402816505381683473641944932546,0.895373093138490092992652299046402816505381683473641944932547,0.89735788999709279,0.897357889997092789001768257046831994476871108176598537140402,0.897357889997092789001768257046831994476871108176598537140403,0.0019847968586026960,0.001984796858602696009115958000429177971489424702956592207855,0.001984796858602696009115958000429177971489424702956592207856,True,interior,True,False,equally_weighted_Pauli_axes,False
1/40,0.025,361/400,39/400,1/3,0.11660421735156766,0.89356056291166714,0.893560562911667143377358402992385282441363787455188012773827,0.893560562911667143377358402992385282441363787455188012773828,0.89557247273511388,0.895572472735113877953438506722127001075171307689878310985773,0.895572472735113877953438506722127001075171307689878310985774,0.0020119098234467346,0.002011909823446734576080103729741718633807520234690298211945,0.002011909823446734576080103729741718633807520234690298211946,True,interior,True,False,equally_weighted_Pauli_axes,False
51/2000,0.0255,900601/1000000,99399/1000000,1/3,0.11882153255140432,0.89175899447628353,0.891758994476283527108017571519202282593251841388898917594503,0.891758994476283527108017571519202282593251841388898917594504,0.89379759944337230,0.893797599443372298586287455480987323579379643246600938218985,0.893797599443372298586287455480987323579379643246600938218986,0.0020386049670887715,0.002038604967088771478269883961785040986127801857702020624481,0.002038604967088771478269883961785040986127801857702020624482,True,interior,True,False,equally_weighted_Pauli_axes,False
13/500,0.026,56169/62500,6331/62500,1/3,0.12103453517216672,0.88996829099543652,0.889968290995436522614014791316658274670188092480955015461019,0.889968290995436522614014791316658274670188092480955015461020,0.89203317884084773,0.892033178840847729150876185848100133679434328411382744945073,0.892033178840847729150876185848100133679434328411382744945074,0.0020648878454112065,0.002064887845411206536861394531441859009246235930427729484053,0.002064887845411206536861394531441859009246235930427729484054,True,interior,True,False,equally_weighted_Pauli_axes,False
53/2000,0.0265,896809/1000000,103191/1000000,1/3,0.12324323545385735,0.88818835677855993,0.888188356778559928497905875547408220583323471087502626613775,0.888188356778559928497905875547408220583323471087502626613776,0.89027912070704817,0.890279120707048173707771991446752450288563557894178322736512,0.890279120707048173707771991446752450288563557894178322736513,0.0020907639284882452,0.002090763928488245209866115899344229705240086806675696122736,0.002090763928488245209866115899344229705240086806675696122737,True,interior,True,False,equally_weighted_Pauli_axes,False
27/1000,0.027,223729/250000,26271/250000,1/3,0.12544764359273625,0.88641909726450575,0.886419097264505751291723613396546263791570599552503425146269,0.886419097264505751291723613396546263791570599552503425146270,0.88853533586664848,0.888535335866648481177655646666595157642532690102299931194054,0.888535335866648481177655646666595157642532690102299931194055,0.0021162386021427299,0.002116238602142729885932033270048893850962090549796506047784,0.002116238602142729885932033270048893850962090549796506047785,True,interior,True,False,equally_weighted_Pauli_axes,False
11/400,0.0275,35721/40000,4279/40000,1/3,0.12764776974155994,0.88466041900492476,0.884660419004924762145270123809298809498482980898918209304877,0.884660419004924762145270123809298809498482980898918209304878,0.88680173617439522,0.886801736174395216111147222144233511992288381888946277800685,0.886801736174395216111147222144233511992288381888946277800686,0.0021413171694704540,0.002141317169470453965877098334934702493805400990028068495808,0.002141317169470453965877098334934702493805400990028068495809,True,interior,True,False,equally_weighted_Pauli_axes,False
7/250,0.028,13924/15625,1701/15625,1/3,0.12984362400981866,0.88291222964793978,0.882912229647939780470726821721757515321595059305819411460265,0.882912229647939780470726821721757515321595059305819411460266,0.88507823450027251,0.885078234500272508297864944957579601067993973397649987107770,0.885078234500272508297864944957579601067993973397649987107771,0.0021660048523327278,0.002166004852332727827138123235822085746398914091830575647504,0.002166004852332727827138123235822085746398914091830575647505,True,interior,True,False,equally_weighted_Pauli_axes,False
57/2000,0.0285,889249/1000000,110751/1000000,1/3,0.13203521646397207,0.88117443792210569,0.881174437922105686404299070778038544935888409621287806671948,0.881174437922105686404299070778038544935888409621287806671949,0.88336474471492363,0.883364744714923631848430157257651569954451442032526197228078,0.883364744714923631848430157257651569954451442032526197228079,0.0021903067928179454,0.002190306792817945444131086479613025018563032411238390556129,0.002190306792817945444131086479613025018563032411238390556130,True,interior,True,False,equally_weighted_Pauli_axes,False
29/1000,0.029,221841/250000,28159/250000,1/3,0.13422255712768328,0.87944695362065030,0.879446953620650304003519575377023553684259418193789558302586,0.879446953620650304003519575377023553684259418193789558302587,0.88166118167532318,0.881661181675323184712121399754303295859911378558864482279698,0.881661181675323184712121399754303295859911378558864482279699,0.0022142280546728807,0.002214228054672880708601824377279742175651960365074923977112,0.002214228054672880708601824377279742175651960365074923977113,True,interior,True,False,equally_weighted_Pauli_axes,False
59/2000,0.0295,885481/1000000,114519/1000000,1/3,0.13640565598205133,0.87772968758599043,0.877729687585990433488228894617740104382414150940335445475849,0.877729687585990433488228894617740104382414150940335445475850,0.87996746121069486,0.879967461210694856827669207632882303168084409240016445406724,0.879967461210694856827669207632882303168084409240016445406725,0.0022377736247044233,0.002237773624704423339440313015142198785670258299680999930875,0.002237773624704423339440313015142198785670258299680999930876,True,interior,True,False,equally_weighted_Pauli_axes,False
3/100,0.03,2209/2500,291/2500,1/3,0.13858452296584206,0.87602255169451744,0.876022551694517443660588983139525311081755534746517942661594,0.876022551694517443660588983139525311081755534746517942661595,0.87828350010866989,0.878283500108669889333425407812339344249491620866274965028706,0.878283500108669889333425407812339344249491620866274965028707,0.0022609484141524457,0.002260948414152445672836424672814033167736086119757022367112,0.002260948414152445672836424672814033167736086119757022367113,True,interior,True,False,equally_weighted_Pauli_axes,False
61/2000,0.0305,881721/1000000,118279/1000000,1/3,0.14075916797571743,0.87432545884164697,0.874325458841646965007833905483505537543952971952087580045731,0.874325458841646965007833905483505537543952971952087580045732,0.87660921610168144,0.876609216101681438571236713597410200388239205412019457373080,0.876609216101681438571236713597410200388239205412019457373081,0.0022837572600344736,0.002283757260034473563402808113904662844286233459931877327348,0.002283757260034473563402808113904662844286233459931877327349,True,interior,True,False,equally_weighted_Pauli_axes,False
31/1000,0.031,219961/250000,30039/250000,1/3,0.14292960086646331,0.87263832292712735,0.872638322927127350000617351826572474603402449017886861514490,0.872638322927127350000617351826572474603402449017886861514491,0.87494452785359017,0.874944527853590167088541157248667421982464865179621194741820,0.874944527853590167088541157248667421982464865179621194741821,0.0023062049264628171,0.002306204926462817087923805422094947379062416161734333227329,0.002306204926462817087923805422094947379062416161734333227330,True,interior,True,False,equally_weighted_Pauli_axes,False
63/2000,0.0315,877969/1000000,122031/1000000,1/3,0.14509583145121567,0.87096105884060169,0.870961058840601689846417740009349017260640394875965050160403,0.870961058840601689846417740009349017260640394875965050160404,0.87328935494653649,0.873289354946536489555655292905149741921598191330655361919066,0.873289354946536489555655292905149741921598191330655361919067,0.0023282961059347997,0.002328296105934799709237552895800724660957796454690311758663,0.002328296105934799709237552895800724660957796454690311758664,True,interior,True,False,equally_weighted_Pauli_axes,False
4/125,0.032,13689/15625,1936/15625,1/3,0.14725786950168529,0.86929358244741830,0.869293582447418296535097584731597870830841022836761921251986,0.869293582447418296535097584731597870830841022836761921251987,0.87164361786801500,0.871643617868015004547613939435910426046523080754420794373145,0.871643617868015004547613939435910426046523080754420794373146,0.0023500354205967080,0.002350035420596708012516354704312555215682057917658873121158,0.002350035420596708012516354704312555215682057917658873121159,True,interior,True,False,equally_weighted_Pauli_axes,False
13/400,0.0325,34969/40000,5031/40000,1/3,0.14941572474838097,0.86763581057468468,0.867635810574684675513028807952295144362055266587100475496009,0.867635810574684675513028807952295144362055266587100475496010,0.87000723799816674,0.870007237998166743567545936035164672158130915474590963475026,0.870007237998166743567545936035164672158130915474590963475027,0.0023714274234820681,0.002371427423482068054517128082869527796075648887490487979016,0.002371427423482068054517128082869527796075648887490487979017,True,interior,True,False,equally_weighted_Pauli_axes,False
33/1000,0.033,218089/250000,31911/250000,1/3,0.15156940688083116,0.86598766099756013,0.865987660997560127830990196044902351244666740240137965485075,0.865987660997560127830990196044902351244666740240137965485076,0.86838013759728497,0.868380137597284966584382682811422429346336778173744937350844,0.868380137597284966584382682811422429346336778173744937350845,0.0023924765997248388,0.002392476599724838753392486766520078101670037933606971865769,0.002392476599724838753392486766520078101670037933606971865770,True,interior,True,False,equally_weighted_Pauli_axes,False
67/2000,0.0335,870489/1000000,129511/1000000,1/3,0.15371892554780417,0.86434905242578223,0.864349052425782231214370864115597988542921056099998932856131,0.864349052425782231214370864115597988542921056099998932856132,0.86676223979353033,0.866762239793530328792422929759800916827631841444540983326527,0.866762239793530328792422929759800916827631841444540983326528,0.0024131873677480976,0.002413187367748097578052065644202928284710785344542050470395,0.002413187367748097578052065644202928284710785344542050470396,True,interior,True,False,equally_weighted_Pauli_axes,False
17/500,0.034,54289/62500,8211/62500,1/3,0.15586429035752686,0.86271990449042256,0.862719904490422557284474577487167377418804891167540397378652,0.862719904490422557284474577487167377418804891167540397378653,0.86515346857085134,0.865153468570851336342472161703702013057734046903819788861769,0.865153468570851336342472161703702013057734046903819788861770,0.0024335640804287791,0.002433564080428779057997584216534635638929155736279391483117,0.002433564080428779057997584216534635638929155736279391483118,True,interior,True,False,equally_weighted_Pauli_axes,False
69/2000,0.0345,866761/1000000,133239/1000000,1/3,0.15800551087790191,0.86110013773086709,0.861100137730867087196750988195159815398499351495699708973942,0.861100137730867087196750988195159815398499351495699708973943,0.86355374875710610,0.863553748757106099510398045471941367856858879409997999565845,0.863553748757106099510398045471941367856858879409997999565846,0.0024536110262390123,0.002453611026239012313647057276781552458359527914298290591902,0.002453611026239012313647057276781552458359527914298290591903,True,interior,True,False,equally_weighted_Pauli_axes,False
7/200,0.035,8649/10000,1351/10000,1/3,0.16014259663672355,0.85948967358201689,0.859489673582016890332941570646199109697153872727300507700408,0.859489673582016890332941570646199109697153872727300507700409,0.86196300601238148,0.861963006012381480223429673183047579957500484507862717947761,0.861963006012381480223429673183047579957500484507862717947762,0.0024733324303645899,0.002473332430364589890488102536848470260346611780562210247352,0.002473332430364589890488102536848470260346611780562210247353,True,interior,True,False,equally_weighted_Pauli_axes,False
71/2000,0.0355,863041/1000000,136959/1000000,1/3,0.16227555712189192,0.85788843436170473,0.857888434361704730464387575670523764186849046598915926728930,0.857888434361704730464387575670523764186849046598915926728931,0.86038116681750582,0.860381166817505817119854671780521036617718217830232098259702,0.860381166817505817119854671780521036617718217830232098259703,0.0024927324558010867,0.002492732455801086655467096109997272430869171231316171530771,0.002492732455801086655467096109997272430869171231316171530772,True,interior,True,False,equally_weighted_Pauli_axes,False
9/250,0.036,13456/15625,2169/15625,1/3,0.16440440178162597,0.85629634325832336,0.856296343258323361065759473226994103413011973635615704425127,0.856296343258323361065759473226994103413011973635615704425128,0.85880815846275150,0.858808158462751495434518306997097374460094481440017628378011,0.858808158462751495434518306997097374460094481440017628378012,0.0025118152044281344,0.002511815204428134368758833770103271047082507804401923952883,0.002511815204428134368758833770103271047082507804401923952884,True,interior,True,False,equally_weighted_Pauli_axes,False
73/2000,0.0365,859329/1000000,140671/1000000,1/3,0.16652914002467496,0.85471332431866137,0.854713324318661366272652044337992984506740808912708507431681,0.854713324318661366272652044337992984506740808912708507431682,0.85724390903672371,0.857243909036723711039455292479271510079080146970600360196358,0.857243909036723711039455292479271510079080146970600360196359,0.0025305847180623448,0.002530584718062344766803248141278525572339338057891852764677,0.002530584718062344766803248141278525572339338057891852764678,True,interior,True,False,equally_weighted_Pauli_axes,False
37/1000,0.037,214369/250000,35631/250000,1/3,0.16864978122052847,0.85313930243594250,0.853139302435942496411106338204155498583897454595697621053752,0.853139302435942496411106338204155498583897454595697621053753,0.85568834741543186,0.855688347415431857983070267519394703618175545708465993672101,0.855688347415431857983070267519394703618175545708465993672102,0.0025490449794893616,0.002549044979489361571963929315239205034278091112768372618348,0.002549044979489361571963929315239205034278091112768372618349,True,interior,True,False,equally_weighted_Pauli_axes,False
3/80,0.0375,1369/1600,231/1600,1/3,0.17076633469962512,0.85157420333806454,0.851574203338064537148340941681614094116414449113954743827081,0.851574203338064537148340941681614094116414449113954743827082,0.85414140325154005,0.854141403251540046917796373435883540869162165021741664048920,0.854141403251540046917796373435883540869162165021741664048921,0.0025671999134755098,0.002567199913475509769455431754269446752747715907786920221838,0.002567199913475509769455431754269446752747715907786920221839,True,interior,True,False,equally_weighted_Pauli_axes,False
19/500,0.038,53361/62500,9139/62500,1/3,0.17287880975355981,0.85001795357603384,0.850017953576033839185953695258303670562940650178036944695262,0.850017953576033839185953695258303670562940650178036944695263,0.85260300696379334,0.852603006963793337938715979599218064415114198680698862498037,0.852603006963793337938715979599218064415114198680698862498038,0.0025850533877594988,0.002585053387759498752762284340914393852173548502661917802775,0.002585053387759498752762284340914393852173548502661917802776,True,interior,True,False,equally_weighted_Pauli_axes,False
77/2000,0.0385,851929/1000000,148071/1000000,1/3,0.17498721563528968,0.84847048051259172,0.848470480512591721101792867244514835564649639373755233801100,0.848470480512591721101792867244514835564649639373755233801101,0.85107308972661635,0.851073089726616345626233743139143188213933060940089748174384,0.851073089726616345626233743139143188213933060940089748174385,0.0026026092140246245,0.002602609214024624524440875894628352649283421566334514373284,0.002602609214024624524440875894628352649283421566334514373285,True,interior,True,False,equally_weighted_Pauli_axes,False
39/1000,0.039,212521/250000,37479/250000,1/3,0.17709156155933856,0.84693171231102904,0.846931712311029041504908640460917518498979415134118856070935,0.846931712311029041504908640460917518498979415134118856070936,0.84955158345988095,0.849551583459880946545009723702993288425495012568605261408528,0.849551583459880946545009723702993288425495012568605261408529,0.0026198711488519050,0.002619871148851905040101083242075769926515597434486405337592,0.002619871148851905040101083242075769926515597434486405337593,True,interior,True,False,equally_weighted_Pauli_axes,False
79/2000,0.0395,848241/1000000,151759/1000000,1/3,0.17919185670200021,0.84540157792418532,0.845401577924185318157971662406438342810595133817584849308860,0.845401577924185318157971662406438342810595133817584849308861,0.84803842081883989,0.848038420818839890147948929077132383614632694624931075696945,0.848038420818839890147948929077132383614632694624931075696946,0.0026368428946545720,0.002636842894654571989977266670694040804037560807346226388084,0.002636842894654571989977266670694040804037560807346226388085,True,interior,True,False,equally_weighted_Pauli_axes,False
1/25,0.04,529/625,96/625,1/3,0.18128811020154015,0.84388000708362885,0.843880007083628851200010819516459578097533199696941047695560,0.843880007083628851200010819516459578097533199696941047695561,0.84653353518422318,0.846533535184223183015611496461264594705804655459688698021076,0.846533535184223183015611496461264594705804655459688698021077,0.0026535281005943318,0.002653528100594331815600676944805016608271455762747650325515,0.002653528100594331815600676944805016608271455762747650325516,True,interior,True,False,equally_weighted_Pauli_axes,False
81/2000,0.0405,844561/1000000,155439/1000000,1/3,0.18338033115839612,0.84236693028901439,0.842366930289014385124296066601209301395131172705649071537992,0.842366930289014385124296066601209301395131172705649071537993,0.84503686065249418,0.845036860652494183674057948010058921740993882072845021461581,0.845036860652494183674057948010058921740993882072845021461582,0.0026699303634797985,0.002669930363479798549761881408849620345862709367195949923588,0.002669930363479798549761881408849620345862709367195949923589,True,interior,True,False,equally_weighted_Pauli_axes,False
41/1000,0.041,210681/250000,39319/250000,1/3,0.18546852863537728,0.84086227879761492,0.840862278797614919785041976537992352580892916017355926696650,0.840862278797614919785041976537992352580892916017355926696651,0.84354833202626241,0.843548332026262410922620197280035339969335049828631925473273,0.843548332026262410922620197280035339969335049828631925473274,0.0026860532286474911,0.002686053228647491137578220742042987388442133811275998776622,0.002686053228647491137578220742042987388442133811275998776623,True,interior,True,False,equally_weighted_Pauli_axes,False
83/2000,0.0415,840889/1000000,159111/1000000,1/3,0.18755271165786207,0.83936598461402435,0.839365984614024354474104620126762136497337428093921100152368,0.839365984614024354474104620126762136497337428093921100152369,0.84206788480485013,0.842067884804850132710818818979654835484132585180577253863930,0.842067884804850132710818818979654835484132585180577253863931,0.0027019001908257782,0.002701900190825778236714198852892698986795157086656153711562,0.002701900190825778236714198852892698986795157086656153711563,True,interior,True,False,equally_weighted_Pauli_axes,False
21/500,0.042,52441/62500,10059/62500,1/3,0.18963288921399475,0.83787798048002772,0.837877980480027721075214423107896345850013736200928046287460,0.837877980480027721075214423107896345850013736200928046287461,0.84059545517500987,0.840595455175009865172784228425259410691478830871015897523183,0.840595455175009865172784228425259410691478830871015897523184,0.0027174746949821441,0.002717474694982144097569805317363064841465094670087851235722,0.002717474694982144097569805317363064841465094670087851235723,True,interior,True,False,equally_weighted_Pauli_axes,False
17/400,0.0425,33489/40000,6511/40000,1/3,0.19170907025488068,0.83639819986463583,0.836398199864635832517261952885319331877789168986701297305064,0.836398199864635832517261952885319331877789168986701297305065,0.83913098000178997,0.839130980001789972499004313570132021408114054595289468585449,0.839130980001789972499004313570132021408114054595289468585450,0.0027327801371541400,0.002732780137154139981742360684812689530324885608588171280385,0.002732780137154139981742360684812689530324885608588171280386,True,interior,True,False,equally_weighted_Pauli_axes,False
43/1000,0.043,208849/250000,41151/250000,1/3,0.19378126369478028,0.83492657695428124,0.834926576954281241257016933710083903908714884814463514777066,0.834926576954281241257016933710083903908714884814463514777067,0.83767439681954562,0.837674396819545617938740204080429921862054890742512497511679,0.837674396819545617938740204080429921862054890742512497511680,0.0027478198652643767,0.002747819865264376681723270370346017953340005928048982734613,0.002747819865264376681723270370346017953340005928048982734614,True,interior,True,False,equally_weighted_Pauli_axes,False
87/2000,0.0435,833569/1000000,166431/1000000,1/3,0.19584947841130174,0.83346304664317247,0.833463046643172469371298252149653182588523791514890368985600,0.833463046643172469371298252149653182588523791514890368985601,0.83622564382309237,0.836225643823092374420595654537570962305914704517661496104380,0.836225643823092374420595654537570962305914704517661496104381,0.0027625971799199050,0.002762597179919905049297402387917779717390913002771127118779,0.002762597179919905049297402387917779717390913002771127118780,True,interior,True,False,equally_weighted_Pauli_axes,False
11/250,0.044,12996/15625,2629/15625,1/3,0.19791372324559247,0.83200754452380354,0.832007544523803537073554753106887020846785188431487625186083,0.832007544523803537073554753106887020846785188431487625186084,0.83478465985899986,0.834784659858999860090944896013434180701574210666965262562786,0.834784659858999860090944896013434180701574210666965262562787,0.0027771153351963230,0.002777115335196323017390142906547159854789022235477637376703,0.002777115335196323017390142906547159854789022235477637376704,True,interior,True,False,equally_weighted_Pauli_axes,False
89/2000,0.0445,829921/1000000,170079/1000000,1/3,0.19997400700252927,0.83056000687761588,0.830560006877615880133282591075658044334211523366770464534014,0.830560006877615880133282591075658044334211523366770464534015,0.83335138441702282,0.833351384417022819536585585508643682417276081471966604119171,0.833351384417022819536585585508643682417276081471966604119172,0.0027913775394069394,0.002791377539406939403302994432985638083064558105196139585157,0.002791377539406939403302994432985638083064558105196139585158,True,interior,True,False,equally_weighted_Pauli_axes,False
9/200,0.045,8281/10000,1719/10000,1/3,0.20203033845090729,0.82912037066580981,0.829120370665809808810645034296874219875539865156556582266172,0.829120370665809808810645034296874219875539865156556582266173,0.83192575762166713,0.831925757621667125614404495524368602009044940065889713138017,0.831925757621667125614404495524368602009044940065889713138018,0.0028053869558573168,0.002805386955857316803759461227494382133505074909333130871845,0.002805386955857316803759461227494382133505074909333130871846,True,interior,True,False,equally_weighted_Pauli_axes,False
91/2000,0.0455,826281/1000000,173719/1000000,1/3,0.20408272632362773,0.82768857352030272,0.827688573520302721563796601727263125076146694749316851012360,0.827688573520302721563796601727263125076146694749316851012361,0.83050772022388823,0.830507720223888229691323685692155510310147531527924954986555,0.830507720223888229691323685692155510310147531527924954986556,0.0028191467035855081,0.002819146703585508127527083964892385234000836778608103974194,0.002819146703585508127527083964892385234000836778608103974195,True,interior,True,False,equally_weighted_Pauli_axes,False
23/500,0.046,51529/62500,10971/62500,1/3,0.20613117931788433,0.82626455373483135,0.826264553734831345982277509696458317040729683963693787835856,0.826264553734831345982277509696458317040729683963693787835857,0.82909721359291964,0.829097213592919639735648808490990957227835534973884508570185,0.829097213592919639735648808490990957227835534973884508570186,0.0028326598580882938,0.002832659858088293753371298794532640187105851010190720734328,0.002832659858088293753371298794532640187105851010190720734329,True,interior,True,False,equally_weighted_Pauli_axes,False
93/2000,0.0465,822649/1000000,177351/1000000,1/3,0.20817570609534861,0.82484825025619534,0.824848250256195337184817265826147369929479183363643383833889,0.824848250256195337184817265826147369929479183363643383833890,0.82769417970822906,0.827694179708229056128529305055579565120842489112025997590618,0.827694179708229056128529305055579565120842489112025997590619,0.0028459294520337189,0.002845929452033718943712039229432195191363305748382613756728,0.002845929452033718943712039229432195191363305748382613756729,True,interior,True,False,equally_weighted_Pauli_axes,False
47/1000,0.047,205209/250000,44791/250000,1/3,0.21021631528235397,0.82343960267563962,0.823439602675639620331233405780293520400341569313981220310835,0.823439602675639620331233405780293520400341569313981220310836,0.82629856115159984,0.826298561151599844312998334262284202345735304468263140290144,0.826298561151599844312998334262284202345735304468263140290145,0.0028589584759602240,0.002858958475960223981764928481990681945393735154281919979309,0.002858958475960223981764928481990681945393735154281919979310,True,interior,True,False,equally_weighted_Pauli_axes,False
19/400,0.0475,32761/40000,7239/40000,1/3,0.21225301547007855,0.82203855122037292,0.822038551220372918972018492753787114014923447123883741073252,0.822038551220372918972018492753787114014923447123883741073253,0.82491030109933557,0.824910301099335571498528288175220963376898699452017876872106,0.824910301099335571498528288175220963376898699452017876872107,0.0028717498789626525,0.002871749878962652526509795421433849361975252328134135798854,0.002871749878962652526509795421433849361975252328134135798855,True,interior,True,False,equally_weighted_Pauli_axes,False
6/125,0.048,12769/15625,2856/15625,1/3,0.21428581521472688,0.82064503674521996,0.820645036745219964730815441719795137560786108510847766715050,0.820645036745219964730815441719795137560786108510847766715051,0.82352934331458538,0.823529343314585381620887547886478993952667469382852046946046,0.823529343314585381620887547886478993952667469382852046946047,0.0028843065693654169,0.002884306569365416890072106166683856391881360872004280230995,0.002884306569365416890072106166683856391881360872004280230996,True,interior,True,False,equally_weighted_Pauli_axes,False
97/2000,0.0485,815409/1000000,184591/1000000,1/3,0.21631472303771041,0.81925900072440494,0.819259000724404936318414911193698190812346611959083255861467,0.819259000724404936318414911193698190812346611959083255861468,0.82215563213978803,0.822155632139788028649146370895123914489566796962962446267909,0.822155632139788028649146370895123914489566796962962446267910,0.0028966314153830923,0.002896631415383092330731459701425723677220185003879190406441,0.002896631415383092330731459701425723677220185003879190406442,True,interior,True,False,equally_weighted_Pauli_axes,False
49/1000,0.049,203401/250000,46599/250000,1/3,0.21833974742582682,0.81788038524346373,0.817880385243463727145314684508990989004156170850656481884677,0.817880385243463727145314684508990989004156170850656481884678,0.82078911248923243,0.820789112489232433161969846987268893278148889663091751146773,0.820789112489232433161969846987268893278148889663091751146774,0.0029087272457687060,0.002908727245768706016655162478277904273992718812435269262095,0.002908727245768706016655162478277904273992718812435269262096,True,interior,True,False,equally_weighted_Pauli_axes,False
99/2000,0.0495,811801/1000000,188199/1000000,1/3,0.22036089683143820,0.81650913299128269,0.816509132991282690865454932199138470434713077231778064255468,0.816509132991282690865454932199138470434713077231778064255469,0.81942972984173267,0.819429729841732670911078899742963677050665433954839443664773,0.819429729841732670911078899742963677050665433954839443664774,0.0029205968504499800,0.002920596850449980045623967543825206615952356723061379409305,0.002920596850449980045623967543825206615952356723061379409306,True,interior,True,False,equally_weighted_Pauli_axes,False
1/20,0.05,81/100,19/100,1/3,0.22237817967264807,0.81514518725226156,0.815145187252261563077759486393432657398881001417912896121013,0.815145187252261563077759486393432657398881001417912896121014,0.81807743023341534,0.818077430233415344877415595621048534000151821211799448629104,0.818077430233415344877415595621048534000151821211799448629105,0.0029322429811537818,0.002932242981153781799656109227615876601270819793886552508090,0.002932242981153781799656109227615876601270819793886552508091,True,interior,True,False,equally_weighted_Pauli_axes,False
101/2000,0.0505,808201/1000000,191799/1000000,1/3,0.22439160433347726,0.81378849189859831,0.813788491898598305164954089731089465460895053491646945299878,0.813788491898598305164954089731089465460895053491646945299879,0.81673216025061733,0.816732160250617334130833314366817919603247667428400903897990,0.816732160250617334130833314366817919603247667428400903897991,0.0029436683520190290,0.002943668352019028965879224635728454142352613936753958598112,0.002943668352019028965879224635728454142352613936753958598113,True,interior,True,False,equally_weighted_Pauli_axes,False
51/1000,0.051,201601/250000,48399/250000,1/3,0.22640117916403862,0.81243899138269366,0.812438991382693662890315863092151911945370685903980865880091,0.812438991382693662890315863092151911945370685903980865880092,0.81539386702289195,0.815393867022891953652042579237520878967998747661106173578748,0.815393867022891953652042579237520878967998747661106173578749,0.0029548756401982908,0.002954875640198290761726716145368967022628061757125307698657,0.002954875640198290761726716145368967022628061757125307698658,True,interior,True,False,equally_weighted_Pauli_axes,False
103/2000,0.0515,804609/1000000,195391/1000000,1/3,0.22840691248071071,0.81109663072967328,0.811096630729673277931214125059951417844398258178088450143636,0.811096630729673277931214125059951417844398258178088450143637,0.81406249821612160,0.814062498216121599190378596547894413615937664565003022837432,0.814062498216121599190378596547894413615937664565003022837433,0.0029658674864483213,0.002965867486448321259164471487942995771539406386914572693795,0.002965867486448321259164471487942995771539406386914572693796,True,interior,True,False,equally_weighted_Pauli_axes,False
13/250,0.052,12544/15625,3081/15625,1/3,0.23040881256631020,0.80976135553002524,0.809761355530025235031399514839960209732651120300301522251164,0.809761355530025235031399514839960209732651120300301522251165,0.81273800202573499,0.812738002025734990236339173998312051537058980826059764659159,0.812738002025734990236339173998312051537058980826059764659160,0.0029766464957097552,0.002976646495709755204939659158351841804407860525758242407995,0.002976646495709755204939659158351841804407860525758242407996,True,interior,True,False,equally_weighted_Pauli_axes,False
21/400,0.0525,32041/40000,7959/40000,1/3,0.23240688767026335,0.80843311193235097,0.808433111932350970929067614379243045976555776269428301609869,0.808433111932350970929067614379243045976555776269428301609870,0.81142032717002716,0.811420327170027162306737854299592397015124779689824683520604,0.811420327170027162306737854299592397015124779689824683520605,0.0029872152376761914,0.002987215237676191377670239920349351038569003420396381910734,0.002987215237676191377670239920349351038569003420396381910735,True,interior,True,False,equally_weighted_Pauli_axes,False
53/1000,0.053,199809/250000,50191/250000,1/3,0.23440114600877626,0.80711184663622751,0.807111846636227513691083774004498750942708901795631252676148,0.807111846636227513691083774004498750942708901795631252676149,0.81010942288358040,0.810109422883580396995056642884682020254122173532550387154411,0.810109422883580396995056642884682020254122173532550387154412,0.0029975762473528833,0.002997576247352883303972868880183269311413271736919134478262,0.002997576247352883303972868880183269311413271736919134478263,True,interior,True,False,equally_weighted_Pauli_axes,False
107/2000,0.0535,797449/1000000,202551/1000000,1/3,0.23639159576500409,0.80579750688517906,0.805797506885179062580987172929201166768604788825681953811292,0.805797506885179062580987172929201166768604788825681953811293,0.80880523891078431,0.808805238910784314651878290810723003478601490095492230520442,0.808805238910784314651878290810723003478601490095492230520443,0.0030077320256052521,0.003007732025605252070891117881521836709996701269810276709149,0.003007732025605252070891117881521836709996701269810276709150,True,interior,True,False,equally_weighted_Pauli_axes,False
27/500,0.054,49729/62500,12771/62500,1/3,0.23837824508921916,0.80449004045975596,0.804490040459755959134357156322922242337597437452054692663136,0.804490040459755959134357156322922242337597437452054692663137,0.80750772549945339,0.807507725499453390151243779341174016656169742167847047855966,0.807507725499453390151243779341174016656169742167847047855967,0.0030176850396974310,0.003017685039697431016886623018251774318572304715792355192829,0.003017685039697431016886623018251774318572304715792355192830,True,interior,True,False,equally_weighted_Pauli_axes,False
109/2000,0.0545,793881/1000000,206119/1000000,1/3,0.24036110209897800,0.80318939567071914,0.803189395670719139733991610157508767118876937659492067207843,0.803189395670719139733991610157508767118876937659492067207844,0.80621683339454019,0.806216833394540186988949860701913632054896143302945515231716,0.806216833394540186988949860701913632054896143302945515231717,0.0030274377238210473,0.003027437723821047254958250544404864936019205643453448023872,0.003027437723821047254958250544404864936019205643453448023873,True,interior,True,False,equally_weighted_Pauli_axes,False
11/200,0.055,7921/10000,2079/10000,1/3,0.24234017487928735,0.80189552135232820,0.801895521352328198692609880863867289756552962938932054617832,0.801895521352328198692609880863867289756552962938932054617833,0.80493251383194264,0.804932513831942638968144392271876585995771937443157659246354,0.804932513831942638968144392271876585995771937443157659246355,0.0030369924796144403,0.003036992479614440275534511408009296239218974504225604628522,0.003036992479614440275534511408009296239218974504225604628523,True,interior,True,False,equally_weighted_Pauli_axes,False
111/2000,0.0555,790321/1000000,209679/1000000,1/3,0.24431547148276903,0.80060836685573123,0.800608366855731228685292563185127685423933020437349181303381,0.800608366855731228685292563185127685423933020437349181303382,0.80365471853240374,0.803654718532403741975517457909677369268893643381519094490819,0.803654718532403741975517457909677369268893643381519094490820,0.0030463516766725133,0.003046351676672513290224894724549683844960622944169913187437,0.003046351676672513290224894724549683844960622944169913187438,True,interior,True,False,equally_weighted_Pauli_axes,False
7/125,0.056,12321/15625,3304/15625,1/3,0.24628699992982387,0.79932788204245464,0.799327882042454642349814903863203790719169245917772528941465,0.799327882042454642349814903863203790719169245917772528941466,0.80238339969550205,0.802383399695502050856817417681282512180506509178557364136766,0.802383399695502050856817417681282512180506509178557364136767,0.0030555176530474085,0.003055517653047408507002513818078721461337263260784835195300,0.003055517653047408507002513818078721461337263260784835195301,True,interior,True,False,equally_weighted_Pauli_axes,False
113/2000,0.0565,786769/1000000,213231/1000000,1/3,0.24825476820879448,0.79805401727799122,0.798054017277991215012012751189954509548021936303618104913472,0.798054017277991215012012751189954509548021936303618104913473,0.80111850999373141,0.801118509993731408181722150090365098933026136895139284630563,0.801118509993731408181722150090365098933026136895139284630564,0.0030644927157401932,0.003064492715740193169709398900410589385004200591521179717091,0.003064492715740193169709398900410589385004200591521179717092,True,interior,True,False,equally_weighted_Pauli_axes,False
57/1000,0.057,196249/250000,53751/250000,1/3,0.25021878427612707,0.79678672342548462,0.796786723425484623816337180290178764305383013623535878800784,0.796786723425484623816337180290178764305383013623535878800785,0.79986000256666836,0.799860002566668362763146742536566470625454338439009605022421,0.799860002566668362763146742536566470625454338439009605022422,0.0030732791411837389,0.003073279141183738946809562246387706320071324815473726221637,0.003073279141183738946809562246387706320071324815473726221638,True,interior,True,False,equally_weighted_Pauli_axes,False
23/400,0.0575,31329/40000,8671/40000,1/3,0.25217905605653223,0.79552595183950879,0.795525951839508793069225404091276610702796139276760742216195,0.795525951839508793069225404091276610702796139276760742216196,0.79860783101522577,0.798607831015225766182265203605299377983662025272386536627243,0.798607831015225766182265203605299377983662025272386536627244,0.0030818791757169731,0.003081879175716973113039799514022767280865885995625794411048,0.003081879175716973113039799514022767280865885995625794411049,True,interior,True,False,equally_weighted_Pauli_axes,False
29/500,0.058,48841/62500,13659/62500,1/3,0.25413559144314461,0.79427165435994039,0.794271654359940389354699920356097919666064100032444495410086,0.794271654359940389354699920356097919666064100032444495410087,0.79736194939599107,0.797361949395991065284790719654393359757115844880274384759315,0.797361949395991065284790719654393359757115844880274384759316,0.0030902950360506759,0.003090295036050675930090799298295440091051744847829889349228,0.003090295036050675930090799298295440091051744847829889349229,True,interior,True,False,equally_weighted_Pauli_axes,False
117/2000,0.0585,779689/1000000,220311/1000000,1/3,0.25608839829768174,0.79302378330592284,0.793023783305922842977019696578076628904447913890526573821958,0.793023783305922842977019696578076628904447913890526573821959,0.79612231221564784,0.796122312215647837672865538192421386946192161343395032152385,0.796122312215647837672865538192421386946192161343395032152386,0.0030985289097249947,0.003098528909724994695845841614344758041744247452868458330426,0.003098528909724994695845841614344758041744247452868458330427,True,interior,True,False,equally_weighted_Pauli_axes,False
59/1000,0.059,194481/250000,55519/250000,1/3,0.25803748445060169,0.79178229146992030,0.791782291469920304543033490562184389574020935323717771743710,0.791782291469920304543033490562184389574020935323717771743711,0.79488887442547915,0.794888874425479145636283776044511945541901948717117062944432,0.794888874425479145636283776044511945541901948717117062944433,0.0031065829555588411,0.003106582955558841093250285482327555967881013393399291200722,0.003106582955558841093250285482327555967881013393399291200723,True,interior,True,False,equally_weighted_Pauli_axes,False
119/2000,0.0595,776161/1000000,223839/1000000,1/3,0.25998285770125983,0.79054713211185998,0.790547132111859977035401051829607429689652316190449665510003,0.790547132111859977035401051829607429689652316190449665510004,0.79366159141595131,0.793661591415951311762304393834971104002790335063251005780211,0.793661591415951311762304393834971104002790335063251005780212,0.0031144593040913347,0.003114459304091334726903342005363674313138018872801340270207,0.003114459304091334726903342005363674313138018872801340270208,True,interior,True,False,equally_weighted_Pauli_axes,False
3/50,0.06,484/625,141/625,1/3,0.26192452581806457,0.78931825895336129,0.789318258953361294564831013388437337001714274772026673724703,0.789318258953361294564831013388437337001714274772026673724704,0.79244041901137675,0.792440419011376746650185904776184901472729441740316194597308,0.792440419011376746650185904776184901472729441740316194597309,0.0031221600580154521,0.003122160058015452085354891387747564471015166968289520872604,0.003122160058015452085354891387747564471015166968289520872605,True,interior,True,False,equally_weighted_Pauli_axes,False
121/2000,0.0605,772641/1000000,227359/1000000,1/3,0.26386249653863213,0.78809562617205045,0.788095626172050449142230689116761114907395817443341568908279,0.788095626172050449142230689116761114907395817443341568908280,0.79122531346465449,0.791225313464654485749562490313533606108219639307530580892424,0.791225313464654485749562490313533606108219639307530580892425,0.0031296872926040366,0.003129687292604036607331801196772491200823821864189011984145,0.003129687292604036607331801196772491200823821864189011984146,True,interior,True,False,equally_weighted_Pauli_axes,False
61/1000,0.061,192721/250000,57279/250000,1/3,0.26579677756994031,0.78687918839595880,0.786879188395958796297000750956724240083652695038219321102588,0.786879188395958796297000750956724240083652695038219321102589,0.79001623145208712,0.790016231452087118355262988535199173264659056345884742028646,0.790016231452087118355262988535199173264659056345884742028647,0.0031370430561283221,0.003137043056128322058262237578474933181006361307665420926057,0.003137043056128322058262237578474933181006361307665420926058,True,interior,True,False,equally_weighted_Pauli_axes,False
123/2000,0.0615,769129/1000000,230871/1000000,1/3,0.26772737658848133,0.78566890069800370,0.785668900698003699202010747508136075063498728777867302360218,0.785668900698003699202010747508136075063498728777867302360219,0.78881313006827282,0.788813130068272817239147535124828018364596861205774858746501,0.788813130068272817239147535124828018364596861205774858746502,0.0031442293702691180,0.003144229370269118037136787616691943301098132427907556386283,0.003144229370269118037136787616691943301098132427907556386284,True,interior,True,False,equally_weighted_Pauli_axes,False
31/500,0.062,47961/62500,14539/62500,1/3,0.26965430124041368,0.78446471859055040,0.784464718590550399164992717094686545690932436725544901431985,0.784464718590550399164992717094686545690932436725544901431986,0.78761596682107120,0.787615966821071202295628271939401470004239150248255394160366,0.787615966821071202295628271939401470004239150248255394160367,0.0031512482305208031,0.003151248230520803130635554844714924313306713522710492728381,0.003151248230520803130635554844714924313306713522710492728382,True,interior,True,False,equally_weighted_Pauli_axes,False
1/16,0.0625,49/64,15/64,1/3,0.27157755914171301,0.78326659802005353,0.783266598020053527925694934007248363107784933345480686352374,0.783266598020053527925694934007248363107784933345480686352375,0.78642469962664180,0.786424699626641795935016968115397395372518402857613728553970,0.786424699626641795935016968115397395372518402857613728553971,0.0031581016065882680,0.003158101606588268009322034108149032264733469512133042201596,0.003158101606588268009322034108149032264733469512133042201597,True,interior,True,False,equally_weighted_Pauli_axes,False
63/1000,0.063,190969/250000,59031/250000,1/3,0.27349715787832215,0.78207449536177690,0.782074495361776904173235915919744243274952979472519081426669,0.782074495361776904173235915919744243274952979472519081426670,0.78523928680455385,0.785239286804553851790620137452289794881898947710938158124752,0.785239286804553851790620137452289794881898947710938158124753,0.0031647914427769476,0.003164791442776947617384221532545551606945968238419076698083,0.003164791442776947617384221532545551606945968238419076698084,True,interior,True,False,equally_weighted_Pauli_axes,False
127/2000,0.0635,762129/1000000,237871/1000000,1/3,0.27541310500630004,0.78088836741459028,0.780888367414590283083376752503927613443608367377213081577223,0.780888367414590283083376752503927613443608367377213081577224,0.78405968707296636,0.784059687072966361624157886409143200723027641214114610828580,0.784059687072966361624157886409143200723027641214114610828581,0.0031713196583760785,0.003171319658376078540781133905215587279419273836901529251356,0.003171319658376078540781133905215587279419273836901529251357,True,interior,True,False,equally_weighted_Pauli_axes,False
8/125,0.064,11881/15625,3744/15625,1/3,0.27732540805196994,0.77970817139584175,0.779708171395841753485182587239211497750790567764977630317769,0.779708171395841753485182587239211497750790567764977630317770,0.78288585954387707,0.782885859543877068131862715360550682129636823876971561203799,0.782885859543877068131862715360550682129636823876971561203800,0.0031776881480353146,0.003177688148035314646680128121339184378846256111993930886029,0.003177688148035314646680128121339184378846256111993930886030,True,interior,True,False,equally_weighted_Pauli_axes,False
129/2000,0.0645,758641/1000000,241359/1000000,1/3,0.27923407451206648,0.77853386493630450,0.778533864936304502514686511550618647893066797432644723658302,0.778533864936304502514686511550618647893066797432644723658303,0.78171776371843933,0.781717763718439333682444504776755926920173837657780761336799,0.781717763718439333682444504776755926920173837657780761336800,0.0031838987821348312,0.003183898782134831167757993226137279027107040225136037678497,0.003183898782134831167757993226137279027107040225136037678498,True,interior,True,False,equally_weighted_Pauli_axes,False
13/200,0.065,7569/10000,2431/10000,1/3,0.28113911185388199,0.77736540607519669,0.777365406075196692313246849686968911240059503639867713604461,0.777365406075196692313246849686968911240059503639867713604462,0.78055535948234574,0.780555359482345736869602030132227652048823021884538121241855,0.780555359482345736869602030132227652048823021884538121241856,0.0031899534071490446,0.003189953407149044556355180445258740808763518244670407637394,0.003189953407149044556355180445258740808763518244670407637395,True,interior,True,False,equally_weighted_Pauli_axes,False
131/2000,0.0655,755161/1000000,244839/1000000,1/3,0.28304052751541181,0.77620275325527322,0.776202753255273217493488942417612534328283897124881970630586,0.776202753255273217493488942417612534328283897124881970630587,0.77939860710127729,0.779398607101277290147230907233209500382822229755073059649646,0.779398607101277290147230907233209500382822229755073059649647,0.0031958538460040727,0.003195853846004072653741964815596966054538332630191089019060,0.003195853846004072653741964815596966054538332630191089019061,True,interior,True,False,equally_weighted_Pauli_axes,False
33/500,0.066,47089/62500,15411/62500,1/3,0.28493832890549871,0.77504586531798814,0.775045865317988135738884004090391846451048398678420446260910,0.775045865317988135738884004090391846451048398678420446260911,0.77824746721641719,0.778247467216417192745940064591246659773924927835200073900745,0.778247467216417192745940064591246659773924927835200073900746,0.0032016018984290570,0.003201601898429057007056060500854813322876529156779627639835,0.003201601898429057007056060500854813322876529156779627639836,True,interior,True,False,equally_weighted_Pauli_axes,False
133/2000,0.0665,751689/1000000,248311/1000000,1/3,0.28683252340397647,0.77389470149872659,0.773894701498726587036641170852708355727699270411573068621854,0.773894701498726587036641170852708355727699270411573068621855,0.77710190084002805,0.777101900840028053555675036572494055012330403941940173760496,0.777101900840028053555675036572494055012330403941940173760497,0.0032071993413014665,0.003207199341301466519033865719785699284631133530367105138642,0.003207199341301466519033865719785699284631133530367105138643,True,interior,True,False,equally_weighted_Pauli_axes,False
67/1000,0.067,187489/250000,62511/250000,1/3,0.28872311836181246,0.77274922142210504,0.772749221422105039679846726168813211772286216373061759074455,0.772749221422105039679846726168813211772286216373061759074456,0.77596186935109154,0.775961869351091538711610179731474080254569717744638345530047,0.775961869351091538711610179731474080254569717744638345530048,0.0032126479289864990,0.003212647928986499031763453562660868482283501371576586455592,0.003212647928986499031763453562660868482283501371576586455593,True,interior,True,False,equally_weighted_Pauli_axes,False
27/400,0.0675,29929/40000,10071/40000,1/3,0.29061012110124948,0.77160938509733872,0.771609385097338723325529834065145056576933756513647748276836,0.771609385097338723325529834065145056576933756513647748276837,0.77482733449100942,0.774827334491009418249197012891819458270352216777550345983436,0.774827334491009418249197012891819458270352216777550345983437,0.0032179493936706949,0.003217949393670694923667178826674401693418460263902597706599,0.003217949393670694923667178826674401693418460263902597706600,True,interior,True,False,equally_weighted_Pauli_axes,False
17/250,0.068,11664/15625,3961/15625,1/3,0.29249353891594655,0.77047515291367513,0.770475152913675131072110088293107893154249238239779039317113,0.770475152913675131072110088293107893154249238239779039317114,0.77369825835936501,0.773698258359365005409263601538830793645235667187253074280484,0.773698258359365005409263601538830793645235667187253074280485,0.0032231054456898743,0.003223105445689874337153513245722900490986428947474034963370,0.003223105445689874337153513245722900490986428947474034963371,True,interior,True,False,equally_weighted_Pauli_axes,False
137/2000,0.0685,744769/1000000,255231/1000000,1/3,0.29437337907111900,0.76934648563589249,0.769346485635892493733730784162301490420791094817572162234819,0.769346485635892493733730784162301490420791094817572162234820,0.77257460340974400,0.772574603409744000985016591354274847440243219863418765050292,0.772574603409744000985016591354274847440243219863418765050293,0.0032281177738515073,0.003228117773851507251285807191973357019452125045846602815473,0.003228117773851507251285807191973357019452125045846602815474,True,interior,True,False,equally_weighted_Pauli_axes,False
69/1000,0.069,185761/250000,64239/250000,1/3,0.29624964880367759,0.76822334439986215,0.768223344399862150251252408211327806224986695327268885728481,0.768223344399862150251252408211327806224986695327268885728482,0.77145633244561377,0.771456332445613773519121629377341079179531697962938745052788,0.771456332445613773519121629377341079179531697962938745052789,0.0032329880457516233,0.003232988045751623267869221166013272954545002635669859324306,0.003232988045751623267869221166013272954545002635669859324307,True,interior,True,False,equally_weighted_Pauli_axes,False
139/2000,0.0695,741321/1000000,258679/1000000,1/3,0.29812235532236677,0.76710569070817376,0.767105690708173758500838459283011924074923140290115107084174,0.767105690708173758500838459283011924074923140290115107084175,0.77034340861626012,0.770343408616260124189907039178175818771066878473095204743501,0.770343408616260124189907039178175818771066878473095204743502,0.0032377179080863657,0.003237717908086365689068579895163894696143738182980097659327,0.003237717908086365689068579895163894696143738182980097659328,True,interior,True,False,equally_weighted_Pauli_axes,False
7/100,0.07,1849/2500,651/2500,1/3,0.29999150580790214,0.76599348642582231,0.765993486425822310651499109780786188869794835252529033479110,0.765993486425822310651499109780786188869794835252529033479111,0.76923579541278060,0.769235795412780602880093051569596788336510701215703484214414,0.769235795412780602880093051569596788336510701215703484214415,0.0032423089869582922,0.003242308986958292228593941788810599466715865963174450735303,0.003242308986958292228593941788810599466715865963174450735304,True,interior,True,False,equally_weighted_Pauli_axes,False
141/2000,0.0705,737881/1000000,262119/1000000,1/3,0.30185710741310705,0.76488669377595594,0.764886693775955936692787631569787281705085955793505291443660,0.764886693775955936692787631569787281705085955793505291443661,0.76813345666413346,0.768133456664133459208010222387405196483681884223778108929093,0.768133456664133459208010222387405196483681884223778108929094,0.0032467628881775225,0.003246762888177522515222590817617914778595928430272817485432,0.003246762888177522515222590817617914778595928430272817485433,True,interior,True,False,equally_weighted_Pauli_axes,False
71/1000,0.071,184041/250000,65959/250000,1/3,0.30371916726304830,0.76378527533568350,0.763785275335683498812929240420051314374475272536760212900206,0.763785275335683498812929240420051314374475272536760212900207,0.76703635653324133,0.767036356533241329228530067177025749472478412455622225222690,0.767036356533241329228530067177025749472478412455622225222691,0.0032510811975578304,0.003251081197557830415600826756974435098003139918862012322483,0.003251081197557830415600826756974435098003139918862012322484,True,interior,True,False,equally_weighted_Pauli_axes,False
143/2000,0.0715,734449/1000000,265551/1000000,1/3,0.30557769245517110,0.76268919403194100,0.762689194031940997965607722086048501463063362819757288087231,0.762689194031940997965607722086048501463063362819757288087232,0.76594445951314878,0.765944459513148775087167290598988490756160364747360466238599,0.765944459513148775087167290598988490756160364747360466238600,0.0032552654812077771,0.003255265481207777121559568512939989293097001927603178151367,0.003255265481207777121559568512939989293097001927603178151368,True,interior,True,False,equally_weighted_Pauli_axes,False
9/125,0.072,11449/15625,4176/15625,1/3,0.30743269005943313,0.76159841313741583,0.761598413137415832229801031862279429598604705459026230868624,0.761598413137415832229801031862279429598604705459026230868625,0.76485773042323281,0.764857730423232811144095814459159528898686391402461406387566,0.764857730423232811144095814459159528898686391402461406387567,0.0032593172858169789,0.003259317285816978914294782596880099300081685943435175518942,0.003259317285816978914294782596880099300081685943435175518943,True,interior,True,False,equally_weighted_Pauli_axes,False
29/400,0.0725,29241/40000,10759/40000,1/3,0.30928416711843781,0.76051289626652796,0.760512896266527964450562507447571271799280303980740299674360,0.760512896266527964450562507447571271799280303980740299674361,0.76377613440546557,0.763776134405465565983016050089879929294237815727768879606382,0.763776134405465565983016050089879929294237815727768879606383,0.0032632381389376015,0.003263238138937601532453542642308657494957511747028579932022,0.003263238138937601532453542642308657494957511747028579932023,True,interior,True,False,equally_weighted_Pauli_axes,False
73/1000,0.073,182329/250000,67671/250000,1/3,0.31113213064756676,0.75943260737146707,0.759432607371467074158375940052792527693223475036687751894044,0.759432607371467074158375940052792527693223475036687751894045,0.76269963692072825,0.762699636920728245290586455777808184897850268079817530814221,0.762699636920728245290586455777808184897850268079817530814222,0.0032670295492611711,0.003267029549261171132210515725015657204626793043129778920176,0.003267029549261171132210515725015657204626793043129778920177,True,interior,True,False,equally_weighted_Pauli_axes,False
147/2000,0.0735,727609/1000000,272391/1000000,1/3,0.31297658763511140,0.75835751073828479,0.758357510738284785909330564021905494874268166211959608900049,0.758357510738284785909330564021905494874268166211959608900050,0.76162820374517558,0.761628203745175575842963730012515920682470174567314868134045,0.761628203745175575842963730012515920682470174567314868134046,0.0032706930068907899,0.003270693006890789933633165990610425808202008355355259233996,0.003270693006890789933633165990610425808202008355355259233997,True,interior,True,False,equally_weighted_Pauli_axes,False
37/500,0.074,45369/62500,17131/62500,1/3,0.31481754504240381,0.75728757098304108,0.757287570983041082976305901649367807602519502984499473204471,0.757287570983041082976305901649367807602519502984499473204472,0.76056180096664993,0.760561800966649925774171067092238613955081215297399723946715,0.760561800966649925774171067092238613955081215297399723946716,0.0032742299836088428,0.003274229983608842797865165442870806352561712312900250742244,0.003274229983608842797865165442870806352561712312900250742245,True,interior,True,False,equally_weighted_Pauli_axes,False
149/2000,0.0745,724201/1000000,275799/1000000,1/3,0.31665500980394676,0.75622275304800403,0.756222753048004031760852080035798217521087290902740884216568,0.756222753048004031760852080035798217521087290902740884216569,0.75950039498114431,0.759500394981144310933638590809424936388875227962475114122110,0.759500394981144310933638590809424936388875227962475114122111,0.0032776419331402792,0.003277641933140279172786510773626718867787937059734229905542,0.003277641933140279172786510773626718867787937059734229905543,True,interior,True,False,equally_weighted_Pauli_axes,False
3/40,0.075,289/400,111/400,1/3,0.31848898882754295,0.75516302219790196,0.755163022197901958394516267033260012466592310727183596857743,0.755163022197901958394516267033260012466592310727183596857744,0.75844395248931351,0.758443952489313511474262987407127705067132867841400730207155,0.758443952489313511474262987407127705067132867841400730207156,0.0032809302914115531,0.003280930291411553079746720373867692600540557114217133349412,0.003280930291411553079746720373867692600540557114217133349413,True,interior,True,False,equally_weighted_Pauli_axes,False
151/2000,0.0755,720801/1000000,279199/1000000,1/3,0.32031948899442346,0.75410834401622723,0.754108344016227234764815338916619460209665061810176713515649,0.754108344016227234764815338916619460209665061810176713515650,0.75739244049303254,0.757392440493032536854470650854842866390242815936396858634929,0.757392440493032536854470650854842866390242815936396858634930,0.0032840964768053021,0.003284096476805302089655311938223406180577754126220145119279,0.003284096476805302089655311938223406180577754126220145119280,True,interior,True,False,equally_weighted_Pauli_axes,False
19/250,0.076,11236/15625,4389/15625,1/3,0.32214651715937543,0.75305868440159085,0.753058684401590846642506982334659601783906894512868111476347,0.753058684401590846642506982334659601783906894512868111476348,0.75634582629200169,0.756345826292001691194628740009723173359856143040696783894530,0.756345826292001691194628740009723173359856143040696783894531,0.0032871418904108446,0.003287141890410844552121757675063571575949248527828672418182,0.003287141890410844552121757675063571575949248527828672418183,True,interior,True,False,equally_weighted_Pauli_axes,False
153/2000,0.0765,717409/1000000,282591/1000000,1/3,0.32397008015086893,0.75201400956412693,0.752014009564126931710692839233399922979575566912697234173511,0.752014009564126931710692839233399922979575566912697234173512,0.75530407748039750,0.755304077480397504406156608992574331169188142202970356424515,0.755304077480397504406156608992574331169188142202970356424516,0.0032900679162705727,0.003290067916270572695463769759174408189612575290273122251004,0.003290067916270572695463769759174408189612575290273122251005,True,interior,True,False,equally_weighted_Pauli_axes,False
77/1000,0.077,178929/250000,71071/250000,1/3,0.32579018477118313,0.75097428602194649,0.750974286021946490109838459895773950130946815285822140604010,0.750974286021946490109838459895773950130946815285822140604011,0.75426716194356881,0.754267161943568807717112463712197815526055301373355705511682,0.754267161943568807717112463712197815526055301373355705511683,0.0032928759216223176,0.003292875921622317607274003816423865395108486087533564907672,0.003292875921622317607274003816423865395108486087533564907673,True,interior,True,False,equally_weighted_Pauli_axes,False
31/400,0.0775,28561/40000,11439/40000,1/3,0.32760683779653164,0.74993948059763948,0.749939480597639484623074996632638302996881626073088242234603,0.749939480597639484623074996632638302996881626073088242234604,0.75323504785477725,0.753235047854777245156978620909459246472878814807904737082238,0.753235047854777245156978620909459246472878814807904737082239,0.0032955672571377605,0.003295567257137760533903624276820943475997188734816494847634,0.003295567257137760533903624276820943475997188734816494847635,True,interior,True,False,equally_weighted_Pauli_axes,False
39/500,0.078,44521/62500,17979/62500,1/3,0.32942004597718709,0.74890956041482456,0.748909560414824561840039770470771928731777205769549342594337,0.748909560414824561840039770470771928731777205769549342594338,0.75220770367198153,0.752207703671981525241804799862256558114965043832889065315590,0.752207703671981525241804799862256558114965043832889065315591,0.0032981432571569634,0.003298143257156963401765029391484629383187838063339722721253,0.003298143257156963401765029391484629383187838063339722721254,True,interior,True,False,equally_weighted_Pauli_axes,False
157/2000,0.0785,710649/1000000,289351/1000000,1/3,0.33122981603760502,0.74788449289474564,0.747884492894745639561728646811836026213728983069362254803552,0.747884492894745639561728646811836026213728983069362254803553,0.75118509813466473,0.751185098134664729524607484705289698698303224297698163894984,0.751185098134664729524607484705289698698303224297698163894985,0.0033006052399190900,0.003300605239919089962878837893453672484574241228335909091431,0.003300605239919089962878837893453672484574241228335909091432,True,interior,True,False,equally_weighted_Pauli_axes,False
79/1000,0.079,177241/250000,72759/250000,1/3,0.33303615467654695,0.74686424575291462,0.746864245752914619349917333196798995234308674838688542664211,0.746864245752914619349917333196798995234308674838688542664212,0.75016720026070401,0.750167200260704006850637118159633992940117383876597095174645,0.750167200260704006850637118159633992940117383876597095174646,0.0033029545077893875,0.003302954507789387500719784962834997705808709037908552510434,0.003302954507789387500719784962834997705808709037908552510435,True,interior,True,False,equally_weighted_Pauli_axes,False
159/2000,0.0795,707281/1000000,292719/1000000,1/3,0.33483906856720277,0.74584878699579950,0.745848786995799496489043743210950131433568230377191447703300,0.745848786995799496489043743210950131433568230377191447703301,0.74915397934328199,0.749153979343281994088347622641966007246869648273503341748205,0.749153979343281994088347622641966007246869648273503341748206,0.0033051923474824976,0.003305192347482497599303879431015875813301417896311894044904,0.003305192347482497599303879431015875813301417896311894044905,True,interior,True,False,equally_weighted_Pauli_axes,False
2/25,0.08,441/625,184/625,1/3,0.33663856435731231,0.74483808491755715,0.744838084917557152722254026149020884922221443306111361615804,0.744838084917557152722254026149020884922221443306111361615805,0.74814540494783932,0.748145404947839315800033415394528177739982215665984945591183,0.748145404947839315800033415394528177739982215665984945591184,0.0033073200302821631,0.003307320030282163077779389245507292817760772359873583975378,0.003307320030282163077779389245507292817760772359873583975379,True,interior,True,False,equally_weighted_Pauli_axes,False
161/2000,0.0805,703921/1000000,296079/1000000,1/3,0.33843464866928628,0.74383210809681013,0.743832108096810129952671656461408483374183344655065960263364,0.743832108096810129952671656461408483374183344655065960263365,0.74714144690906753,0.747141446909067526776405222885579632828440409879304805483576,0.747141446909067526776405222885579632828440409879304805483577,0.0033093388122573968,0.003309338812257396823733566424171149454257065224238845220211,0.003309338812257396823733566424171149454257065224238845220212,True,interior,True,False,equally_weighted_Pauli_axes,False
81/1000,0.081,175561/250000,74439/250000,1/3,0.34022732810032639,0.74283082539346670,0.742830825393466695671773496214877792144145528716888035691837,0.742830825393466695671773496214877792144145528716888035691838,0.74614207532794187,0.746142075327941872591997228580053078418448243955670652386505,0.746142075327941872591997228580053078418448243955670652386506,0.0033112499344751769,0.003311249934475176920223732365175286274302715238782616694667,0.003311249934475176920223732365175286274302715238782616694668,True,interior,True,False,equally_weighted_Pauli_axes,False
163/2000,0.0815,700569/1000000,299431/1000000,1/3,0.34201660922254482,0.74183420594558352,0.741834205945583523194824854438407581631776389161728038016306,0.741834205945583523194824854438407581631776389161728038016307,0.74514726056879325,0.745147260568793254348249500357189070634056236120295132382930,0.745147260568793254348249500357189070634056236120295132382931,0.0033130546232097312,0.003313054623209731153424645918781489002279846958567094366623,0.003313054623209731153424645918781489002279846958567094366624,True,interior,True,False,equally_weighted_Pauli_axes,False
41/500,0.082,43681/62500,18819/62500,1/3,0.34380249858308293,0.74084221916627032,0.740842219166270321854271509111833606434294139941366401112983,0.740842219166270321854271509111833606434294139941366401112984,0.74415697325641879,0.744156973256418794563285087543948269757814729067261440754881,0.744156973256418794563285087543948269757814729067261440754882,0.0033147540901484727,0.003314754090148472709013578432114663323520589125895039641898,0.003314754090148472709013578432114663323520589125895039641899,True,interior,True,False,equally_weighted_Pauli_axes,False
33/400,0.0825,27889/40000,12111/40000,1/3,0.34558500270422925,0.73985483474063576,0.739854834740635764131306823766072050931745272542116521694721,0.739854834740635764131306823766072050931745272542116521694722,0.74317118427323041,0.743171184273230411746576446717301708924449940530913145144971,0.743171184273230411746576446717301708924449940530913145144972,0.0033163495325946476,0.003316349532594647615269622951229657992704667988796623450250,0.003316349532594647615269622951229657992704667988796623450251,True,interior,True,False,equally_weighted_Pauli_axes,False
83/1000,0.083,173889/250000,76111/250000,1/3,0.34736412808353682,0.73887202262277407,0.738872022622774068298888698507169917511833810550706946839705,0.738872022622774068298888698507169917511833810550706946839706,0.74218986475644082,0.742189864756440821567531789794469180410709751035180522376924,0.742189864756440821567531789794469180410709751035180522376925,0.0033178421336667533,0.003317842133666753268643091287299262898875940484473575537218,0.003317842133666753268643091287299262898875940484473575537219,True,interior,True,False,equally_weighted_Pauli_axes,False
167/2000,0.0835,693889/1000000,306111/1000000,1/3,0.34913988119393975,0.73789375303279161,0.737893753032791606511505751604189347437334536779655023548624,0.737893753032791606511505751604189347437334536779655023548625,0.74121298609528639,0.741212986095286392694077444811986222609227843712645230350228,0.741212986095286392694077444811986222609227843712645230350229,0.0033192330624947862,0.003319233062494786182571693207796875171893306932990206801604,0.003319233062494786182571693207796875171893306932990206801605,True,interior,True,False,equally_weighted_Pauli_axes,False
21/250,0.084,10816/15625,4809/15625,1/3,0.35091226848386917,0.73691999645387292,0.736919996453872919413089291893465025808312378163895885428128,0.736919996453872919413089291893465025808312378163895885428129,0.74024051992828630,0.740240519928286295345007260797501254977347463915501975992738,0.740240519928286295345007260797501254977347463915501975992739,0.0033205234744133759,0.003320523474413375931917968904036229169035085751606090564610,0.003320523474413375931917968904036229169035085751606090564611,True,interior,True,False,equally_weighted_Pauli_axes,False
169/2000,0.0845,690561/1000000,309439/1000000,1/3,0.35268129637736839,0.73595072362938553,0.735950723629385529249617989558113748056764103554885556361039,0.735950723629385529249617989558113748056764103554885556361040,0.73927243814053739,0.739272438140537390372548183055515758523372537271248421573979,0.739272438140537390372548183055515758523372537271248421573980,0.0033217145111518611,0.003321714511151861122930193497402010466608433716362865212940,0.003321714511151861122930193497402010466608433716362865212941,True,interior,True,False,equally_weighted_Pauli_axes,False
17/200,0.085,6889/10000,3111/10000,1/3,0.35444697127420749,0.73498590556002295,0.734985905560022954172025842331141280791982530648822925564136,0.734985905560022954172025842331141280791982530648822925564137,0.73830871286104432,0.738308712861044316273482675719083670274315815183904945782882,0.738308712861044316273482675719083670274315815183904945782883,0.0033228073010213621,0.003322807301021362101456833387942389482333284535082020218746,0.003322807301021362101456833387942389482333284535082020218747,True,interior,True,False,equally_weighted_Pauli_axes,False
171/2000,0.0855,687241/1000000,312759/1000000,1/3,0.35620929954999711,0.73402551350098534,0.734025513500985336902743882651793220418352999622271957935608,0.734025513500985336902743882651793220418352999622271957935609,0.73734931646008424,0.737349316460084240922403254119695490829899242953985100164802,0.737349316460084240922403254119695490829899242953985100164803,0.0033238029590989040,0.003323802959098904019659371467902270411546243331713142229193,0.003323802959098904019659371467902270411546243331713142229194,True,interior,True,False,equally_weighted_Pauli_axes,False
43/500,0.086,42849/62500,19651/62500,1/3,0.35796828755630161,0.73306951895919711,0.733069518959197111220210637271151698056487106712333364883749,0.733069518959197111220210637271151698056487106712333364883750,0.73639422154660575,0.736394221546605754033283478344120695647294213520203479855825,0.736394221546605754033283478344120695647294213520203479855826,0.0033247025874086428,0.003324702587408642813072841072968997590807106807870114972075,0.003324702587408642813072841072968997590807106807870114972076,True,interior,True,False,equally_weighted_Pauli_axes,False
173/2000,0.0865,683929/1000000,316071/1000000,1/3,0.35972394162075164,0.73211789369056114,0.732117893690561139794492930688158772029876279738978796434378,0.732117893690561139794492930688158772029876279738978796434379,0.73544340096566139,0.735443400965661385389469245011359277061386747426719680285625,0.735443400965661385389469245011359277061386747426719680285626,0.0033255072751002456,0.003325507275100245594976314323200505031510467687740883851247,0.003325507275100245594976314323200505031510467687740883851248,True,interior,True,False,equally_weighted_Pauli_axes,False
87/1000,0.087,170569/250000,79431/250000,1/3,0.36147626804715586,0.73117060969724877,0.731170609697248766788176163297024126380009592435182687246647,0.731170609697248766788176163297024126380009592435182687246648,0.73449682779587324,0.734496827795873242741266882785992705231460210934942236200993,0.734496827795873242741266882785992705231460210934942236200994,0.0033262180986244760,0.003326218098624475953090719488968578851450618499759548954346,0.003326218098624475953090719488968578851450618499759548954347,True,interior,True,False,equally_weighted_Pauli_axes,False
7/80,0.0875,1089/1600,511/1600,1/3,0.36322527311561220,0.73022763922502524,0.730227639225025238324215118173181625822490630406198357579236,0.730227639225025238324215118173181625822490630406198357579237,0.73355447534693127,0.733554475346931271958282484303961503819920634350108571746439,0.733554475346931271958282484303961503819920634350108571746440,0.0033268361219060336,0.003326836121906033634067366130779877997430003943910214167203,0.003326836121906033634067366130779877997430003943910214167204,True,interior,True,False,equally_weighted_Pauli_axes,False
11/125,0.088,10609/15625,5016/15625,1/3,0.36497096308261829,0.72928895476060995,0.729288954760609953420683308315086134938063132654873315880626,0.729288954760609953420683308315086134938063132654873315880627,0.73261631715712365,0.732616317157123650544213789670675094977505605351947979481031,0.732616317157123650544213789670675094977505605351947979481032,0.0033273623965136971,0.003327362396513697123530481355588960039442472697074663600404,0.003327362396513697123530481355588960039442472697074663600405,True,interior,True,False,equally_weighted_Pauli_axes,False
177/2000,0.0885,677329/1000000,322671/1000000,1/3,0.36671334418118136,0.72835452902907102,0.728354529029071017305421419263085884875029950311224955996118,0.728354529029071017305421419263085884875029950311224955996119,0.73168232699089883,0.731682326990898833978489358091444183371634600431522975929066,0.731682326990898833978489358091444183371634600431522975929067,0.0033277979618278167,0.003327797961827816673067938828358298496604650120298019932947,0.003327797961827816673067938828358298496604650120298019932948,True,interior,True,False,equally_weighted_Pauli_axes,False
89/1000,0.089,168921/250000,81079/250000,1/3,0.36845242262092740,0.72742433499125358,0.727424334991253578155466576403657584270926115136081189166953,0.727424334991253578155466576403657584270926115136081189166954,0.73075247883645878,0.730752478836458782545483398386716174155937153474157465229443,0.730752478836458782545483398386716174155937153474157465229444,0.0033281438452052044,0.003328143845205204390016821983058589885011038338076276062490,0.003328143845205204390016821983058589885011038338076276062491,True,interior,True,False,equally_weighted_Pauli_axes,False
179/2000,0.0895,674041/1000000,325959/1000000,1/3,0.37018820458820976,0.72649834584124144,0.726498345841241437260752037520634296717782423953833103019309,0.726498345841241437260752037520634296717782423953833103019310,0.72982674690338290,0.729826746903382904351420382685353438074966964190851373377019,0.729826746903382904351420382685353438074966964190851373377020,0.0033284010621414671,0.003328401062141467090668345164719141357184540237018270357710,0.003328401062141467090668345164719141357184540237018270357711,True,interior,True,False,equally_weighted_Pauli_axes,False
9/100,0.09,1681/2500,819/2500,1/3,0.37192069624621703,0.72557653500385143,0.725576535003851431392717017567848150765933695123776872319998,0.725576535003851431392717017567848150765933695123776872319999,0.72890510562028226,0.728905105620282258114853662976716033047871761633556643533324,0.728905105620282258114853662976716033047871761633556643533325,0.0033285706164308267,0.003328570616430826722136645408867882281938066509779771213326,0.003328570616430826722136645408867882281938066509779771213327,True,interior,True,False,equally_weighted_Pauli_axes,False
181/2000,0.0905,670761/1000000,329239/1000000,1/3,0.37364990373508034,0.72465887613216009,0.724658876132160094769884089914043648598394051005017261125750,0.724658876132160094769884089914043648598394051005017261125751,0.72798752963248357,0.727987529632483567052011311762072258980399884906895406094870,0.727987529632483567052011311762072258980399884906895406094871,0.0033286535003234723,0.003328653500323472282127221848028610382005833901878144969119,0.003328653500323472282127221848028610382005833901878144969120,True,interior,True,False,equally_weighted_Pauli_axes,False
91/1000,0.091,167281/250000,82719/250000,1/3,0.37537583317198000,0.72374534310506212,0.723745343105062116457784547827381520017323777476069897042968,0.723745343105062116457784547827381520017323777476069897042969,0.72707399379974260,0.727073993799742602766529192134395165600618701267520125142417,0.727073993799742602766529192134395165600618701267520125142418,0.0033286506946804863,0.003328650694680486308744644307013645583294923791450228099449,0.003328650694680486308744644307013645583294923791450228099450,True,interior,True,False,equally_weighted_Pauli_axes,False
183/2000,0.0915,667489/1000000,332511/1000000,1/3,0.37709849065125151,0.72283591002486012,0.722835910024860117323392252582401816871226102052489003291359,0.722835910024860117323392252582401816871226102052489003291360,0.72616447319398651,0.726164473193986505497240933788871624922052979799828761919924,0.726164473193986505497240933788871624922052979799828761919925,0.0033285631691263882,0.003328563169126388173848681206469808050826877747339758628565,0.003328563169126388173848681206469808050826877747339758628566,True,interior,True,False,equally_weighted_Pauli_axes,False
23/250,0.092,10404/15625,5221/15625,1/3,0.37881788224449098,0.72193055121488528,0.721930551214885278787932461913971788247575086508644313702894,0.721930551214885278787932461913971788247575086508644313702895,0.72525894309708461,0.725258943097084614380800246205163321502073124153172875645706,0.725258943097084614380800246205163321502073124153172875645707,0.0033283918821993356,0.003328391882199335592867784291191533254498037644528561942812,0.003328391882199335592867784291191533254498037644528561942813,True,interior,True,False,equally_weighted_Pauli_axes,False
37/400,0.0925,26569/40000,13431/40000,1/3,0.38053401400065992,0.72102924121714836,0.721029241217148363589951297629665209481164160224551001418928,0.721029241217148363589951297629665209481164160224551001418929,0.72435737899864739,0.724357378998647388550935939776807654145925304873874106428313,0.724357378998647388550935939776807654145925304873874106428314,0.0033281377814990250,0.003328137781499024960984642147142444664761144649323105009384,0.003328137781499024960984642147142444664761144649323105009385,True,interior,True,False,equally_weighted_Pauli_axes,False
93/1000,0.093,165649/250000,84351/250000,1/3,0.38224689194618937,0.72013195479002068,0.720131954790020676586172070203126290391663303147636105690860,0.720131954790020676586172070203126290391663303147636105690861,0.72345975659385301,0.723459756593853006925978919390898945289478631777442722204286,0.723459756593853006925978919390898945289478631777442722204287,0.0033278018038323303,0.003327801803832330339806849187772654897815328629806616513426,0.003327801803832330339806849187772654897815328629806616513427,True,interior,True,False,equally_weighted_Pauli_axes,False
187/2000,0.0935,660969/1000000,339031/1000000,1/3,0.38395652208508347,0.71923866690594452,0.719238666905944521284157665103261877735209951947541308676892,0.719238666905944521284157665103261877735209951947541308676893,0.72256605178130124,0.722566051781301241433781415906221552810035282778102966653791,0.722566051781301241433781415906221552810035282778102966653792,0.0033273848753567201,0.003327384875356720149623750802959675074825330830561657976898,0.003327384875356720149623750802959675074825330830561657976899,True,interior,True,False,equally_weighted_Pauli_axes,False
47/500,0.094,41209/62500,21291/62500,1/3,0.38566291039902244,0.71834935274917272,0.718349352749172715321299441523407618811649490217019549435228,0.718349352749172715321299441523407618811649490217019549435229,0.72167624066089421,0.721676240660894205191035034691021843179348767794501359299297,0.721676240660894205191035034691021843179348767794501359299298,0.0033268879117214899,0.003326887911721489869735593167614224367699277577481809864069,0.003326887911721489869735593167614224367699277577481809864070,True,interior,True,False,equally_weighted_Pauli_axes,False
189/2000,0.0945,657721/1000000,342279/1000000,1/3,0.38736606284746487,0.71746398771353674,0.717463987713536735482245132636946482166062212365263248179302,0.717463987713536735482245132636946482166062212365263248179303,0.72079029953174358,0.720790299531743583794985708641007532693515535119499462313339,0.720790299531743583794985708641007532693515535119499462313340,0.0033263118182068483,0.003326311818206848312740576004061050527453322754236214134037,0.003326311818206848312740576004061050527453322754236214134038,True,interior,True,False,equally_weighted_Pauli_axes,False
19/200,0.095,6561/10000,3439/10000,1/3,0.38906598536774955,0.71658254740024307,0.716582547400243070084572156885810489858717053085193159070957,0.716582547400243070084572156885810489858717053085193159070958,0.71990820489010396,0.719908204890103964402278483726661480452420854192260819923212,0.719908204890103964402278483726661480452420854192260819923213,0.0033256574898608943,0.003325657489860894317706326840850990593703801107067660852254,0.003325657489860894317706326840850990593703801107067660852255,True,interior,True,False,equally_weighted_Pauli_axes,False
191/2000,0.0955,654481/1000000,345519/1000000,1/3,0.39076268387519656,0.71570500761569736,0.715705007615697363663249999870785230566580291442567153442859,0.715705007615697363663249999870785230566580291442567153442860,0.71902993342733188,0.719029933427331883664721169190590608213828992294354717368945,0.719029933427331883664721169190590608213828992294354717368946,0.0033249258116345200,0.003324925811634520001471169319805377647248700851787563926085,0.003324925811634520001471169319805377647248700851787563926086,True,interior,True,False,equally_weighted_Pauli_axes,False
12/125,0.096,10201/15625,5424/15625,1/3,0.39245616426320787,0.71483134436935595,0.714831344369355945851089465765958017102655853677521823019000,0.714831344369355945851089465765958017102655853677521823019001,0.71815546202787022,0.718155462027870221867652472188262900045236372885985086141834,0.718155462027870221867652472188262900045236372885985086141835,0.0033241176585142760,0.003324117658514276016563006422304882942580519208463263122834,0.003324117658514276016563006422304882942580519208463263122835,True,interior,True,False,equally_weighted_Pauli_axes,False
193/2000,0.0965,651249/1000000,348751/1000000,1/3,0.39414643240336733,0.71396153387160434,0.713961533871604343187755002991706703580300000083920184530966,0.713961533871604343187755002991706703580300000083920184530967,0.71728476776725758,0.717284767767257576775799272835581120867675590469202943161806,0.717284767767257576775799272835581120867675590469202943161807,0.0033232338956532336,0.003323233895653233588044269843874417287375590385282758630840,0.003323233895653233588044269843874417287375590385282758630841,True,interior,True,False,equally_weighted_Pauli_axes,False
97/1000,0.097,162409/250000,87591/250000,1/3,0.39583349414554007,0.71309555253166238,0.713095552531662379296761835262933850676038267378741100375538,0.713095552531662379296761835262933850676038267378741100375539,0.71641782791016226,0.716417827910162256736415306566200784302745892769771270675359,0.716417827910162256736415306566200784302745892769771270675360,0.0033222753784998774,0.003322275378499877439653471303266933626707625391030170299820,0.003322275378499877439653471303266933626707625391030170299821,True,interior,True,False,equally_weighted_Pauli_axes,False
39/400,0.0975,25921/40000,14079/40000,1/3,0.39751735531797131,0.71223337695551548,0.712233376955515475450872221543175765002003436689599615672981,0.712233376955515475450872221543175765002003436689599615672982,0.71555461990844054,0.715554619908440538522461372800535263356340584558895685537858,0.715554619908440538522461372800535263356340584558895685537859,0.0033212429529250631,0.003321242952925063071589151257359498354337147869296069864877,0.003321242952925063071589151257359498354337147869296069864878,True,interior,True,False,equally_weighted_Pauli_axes,False
49/500,0.098,40401/62500,22099/62500,1/3,0.39919802172738463,0.71137498394387177,0.711374983943871770004063434429166401424363130031772074251075,0.711374983943871770004063434429166401424363130031772074251076,0.71469512139921884,0.714695121399218841221913830633817917667650022078688068291847,0.714695121399218841221913830633817917667650022078688068291848,0.0033201374553470712,0.003320137455347071217850396204651516243286892046915994040772,0.003320137455347071217850396204651516243286892046915994040773,True,interior,True,False,equally_weighted_Pauli_axes,False
197/2000,0.0985,644809/1000000,355191/1000000,1/3,0.40087549915907967,0.71052035049014468,0.710520350490144681505322784038041203307881442294961404108591,0.710520350490144681505322784038041203307881442294961404108592,0.71383931020299947,0.713839310202999473195220310255405827580438823263145902494109,0.713839310202999473195220310255405827580438823263145902494110,0.0033189597128547917,0.003318959712854791689897526217364624272557380968184498385518,0.003318959712854791689897526217364624272557380968184498385519,True,interior,True,False,equally_weighted_Pauli_axes,False
99/1000,0.099,160801/250000,89199/250000,1/3,0.40254979337702921,0.70966945377846055,0.709669453778460546528432699138505917396374228667871517513953,0.709669453778460546528432699138505917396374228667871517513954,0.71298716432178961,0.712987164321789614733655459519250391630571961949887481074957,0.712987164321789614733655459519250391630571961949887481074958,0.0033177105433290682,0.003317710543329068205222760380744474234197733282015963561003,0.003317710543329068205222760380744474234197733282015963561004,True,interior,True,False,equally_weighted_Pauli_axes,False
199/2000,0.0995,641601/1000000,358399/1000000,1/3,0.40422091012397577,0.70882227118169097,0.708822271181690969355085109411804469534930686622505228317504,0.708822271181690969355085109411804469534930686622505228317505,0.71213866193725320,0.712138661937253204559012052341509738969826944245966864404765,0.712138661937253204559012052341509738969826944245966864404766,0.0033163907555622352,0.003316390755562235203926942929705269434896257623461636087260,0.003316390755562235203926942929705269434896257623461636087261,True,interior,True,False,equally_weighted_Pauli_axes,False
1/10,0.1,16/25,9/25,1/3,0.40588885512152758,0.70797878025950953,0.707978780259509526638497285857289443755025574361284796230011,0.707978780259509526638497285857289443755025574361284796230012,0.71129378140888540,0.711293781408885403711792705652957915728486673938210401923061,0.711293781408885403711792705652957915728486673938210401923062,0.0033150011493758771,0.003315001149375877073295419795668471973461099576925605693050,0.003315001149375877073295419795668471973461099576925605693051,True,interior,True,False,equally_weighted_Pauli_axes,False
201/2000,0.1005,638401/1000000,361599/1000000,1/3,0.40755363407025403,0.70713895875647248,0.707138958756472476053524927801333994499121248932810031325501,0.707138958756472476053524927801333994499121248932810031325502,0.71045250127220932,0.710452501272209315682896656251823457050680788822329344249218,0.710452501272209315682896656251823457050680788822329344249219,0.0033135425157368396,0.003313542515736839629371728450489462551559539889519312923716,0.003313542515736839629371728450489462551559539889519312923717,True,interior,True,False,equally_weighted_Pauli_axes,False
101/1000,0.101,159201/250000,90799/250000,1/3,0.40921525264978060,0.70630278460012312,0.706302784600123123709363909926906916332730146162554806578963,0.706302784600123123709363909926906916332730146162554806578964,0.70961480023699465,0.709614800236994646854730627567851669090508758795074021868591,0.709614800236994646854730627567851669090508758795074021868592,0.0033120156368715231,0.003312015636871523145366717640944752757778612632519215289628,0.003312015636871523145366717640944752757778612632519215289629,True,interior,True,False,equally_weighted_Pauli_axes,False
203/2000,0.1015,635209/1000000,364791/1000000,1/3,0.41087371651888315,0.70547023589911951,0.705470235899119510764529532763970241178104179150276464595098,0.705470235899119510764529532763970241178104179150276464595099,0.70878065718549800,0.708780657185497996433674188380870855715553977204342459513049,0.708780657185497996433674188380870855715553977204342459513050,0.0033104212863784857,0.003310421286378485669144655616900614537449798054065994917950,0.003310421286378485669144655616900614537449798054065994917951,True,interior,True,False,equally_weighted_Pauli_axes,False
51/500,0.102,39601/62500,22899/62500,1/3,0.41252903131558180,0.70464129094138509,0.704641290941385085243080967000323807608759922747890327034382,0.704641290941385085243080967000323807608759922747890327034383,0.70795005117072447,0.707950051170724470078816003017672516923983205518157060211809,0.707950051170724470078816003017672516923983205518157060211810,0.0033087602293393848,0.003308760229339384835735036017348709315223282770266733177426,0.003308760229339384835735036017348709315223282770266733177427,True,interior,True,False,equally_weighted_Pauli_axes,False
41/400,0.1025,25281/40000,14719/40000,1/3,0.41418120265723413,0.70381592819228203,0.703815928192282030508149488276565328034256208769181142392918,0.703815928192282030508149488276565328034256208769181142392919,0.70712296141471032,0.707122961414710316363723294858925182797183014879177969115937,0.707122961414710316363723294858925182797183014879177969115938,0.0033070332224282859,0.003307033222428285855573806582359854762926806109996826723018,0.003307033222428285855573806582359854762926806109996826723019,True,interior,True,False,equally_weighted_Pauli_axes,False
103/1000,0.103,157609/250000,92391/250000,1/3,0.41583023614062797,0.70299412629280693,0.702994126292806927205814935731452576706442375846915190054401,0.702994126292806927205814935731452576706442375846915190054402,0.70629936730682629,0.706299367306826290050546485755368491625611857502985397014095,0.706299367306826290050546485755368491625611857502985397014096,0.0033052410140193628,0.003305241014019362844731550023915914919169481656070206959694,0.003305241014019362844731550023915914919169481656070206959695,True,interior,True,False,equally_weighted_Pauli_axes,False
207/2000,0.1035,628849/1000000,371151/1000000,1/3,0.41747613734207358,0.70217586405780843,0.702175864057808430751291859901757489212750138925975773812716,0.702175864057808430751291859901757489212750138925975773812717,0.70547924840210145,0.705479248402101450910787621210805909788594163633427591287851,0.705479248402101450910787621210805909788594163633427591287852,0.0033033843442930202,0.003303384344293020159495761309048420575844024707451817475135,0.003303384344293020159495761309048420575844024707451817475136,True,interior,True,False,equally_weighted_Pauli_axes,False
13/125,0.104,9801/15625,5824/15625,1/3,0.41911891181749530,0.70136112047422665,0.701361120474226651592225848935782989946302043742165579588072,0.701361120474226651592225848935782989946302043742165579588073,0.70466258441956711,0.704662584419567111496328601458284999489116880300774319154730,0.704662584419567111496328601458284999489116880300774319154731,0.0033014639453404599,0.003301463945340459904102752522502009542814836558608739566657,0.003301463945340459904102752522502009542814836558608739566658,True,interior,True,False,equally_weighted_Pauli_axes,False
209/2000,0.1045,625681/1000000,374319/1000000,1/3,0.42075856510252275,0.70054987469935393,0.700549874699353930552607967001635009538857047636803901328067,0.700549874699353930552607967001635009538857047636803901328068,0.70384935524062065,0.703849355240620651849538585607167316865142004815595569033590,0.703849355240620651849538585607167316865142004815595569033591,0.0032994805412667213,0.003299480541266721296930618605532307326284957178791667705523,0.003299480541266721296930618605532307326284957178791667705524,True,interior,True,False,equally_weighted_Pauli_axes,False
21/200,0.105,6241/10000,3759/10000,1/3,0.42239510271258142,0.69974210605911671,0.699742106059116706537294247444606855414527961711127433330661,0.699742106059116706537294247444606855414527961711127433330662,0.70303954090740892,0.703039540907408923644136735040806921944660610615952742302494,0.703039540907408923644136735040806921944660610615952742302495,0.0032974348482922171,0.003297434848292217106842487596200066530132648904825308971833,0.003297434848292217106842487596200066530132648904825308971834,True,interior,True,False,equally_weighted_Pauli_axes,False
211/2000,0.1055,622521/1000000,377479/1000000,1/3,0.42402853014298278,0.69893779404637818,0.698937794046378178763228657625777023597897527881948818142704,0.698937794046378178763228657625777023597897527881948818142705,0.70223312162123097,0.702233121621230970670617469974133720029657026423853716747589,0.702233121621230970670617469974133720029657026423853716747590,0.0032953275748527919,0.003295327574852791907388812348356696431759498541904898604885,0.003295327574852791907388812348356696431759498541904898604886,True,interior,True,False,equally_weighted_Pauli_axes,False
53/500,0.106,38809/62500,23691/62500,1/3,0.42565885286901392,0.69813691831926147,0.698136918319261470481031574873785215700141593257932568161159,0.698136918319261470481031574873785215700141593257932568161160,0.70143007774095980,0.701430077740959796923055504869070597807282740935803058677408,0.701430077740959796923055504869070597807282740935803058677409,0.0032931594216983264,0.003293159421698326442023929995285382107141147677870490516249,0.003293159421698326442023929995285382107141147677870490516250,True,interior,True,False,equally_weighted_Pauli_axes,False
213/2000,0.1065,619369/1000000,380631/1000000,1/3,0.42728607634602660,0.69733945869949301,0.697339458699493005861411040515885480646719166965390940142171,0.697339458699493005861411040515885480646719166965390940142172,0.70063038978148292,0.700630389781482917809566952465730907297023554496788325724555,0.700630389781482917809566952465730907297023554496788325724556,0.0032909310819899119,0.003290931081989911948155911949845426650304387531397385582383,0.003290931081989911948155911949845426650304387531397385582384,True,interior,True,False,equally_weighted_Pauli_axes,False
107/1000,0.107,154449/250000,95551/250000,1/3,0.42891020600952582,0.69654539517076582,0.696545395170765816346621091042317054350958118955819313383611,0.696545395170765816346621091042317054350958118955819313383612,0.69983403841216143,0.699834038412161434198146395945348287127842253965171437114417,0.699834038412161434198146395945348287127842253965171437114418,0.0032886432413956179,0.003288643241395617851525304903031232776884135009352123730805,0.003288643241395617851525304903031232776884135009352123730806,True,interior,True,False,equally_weighted_Pauli_axes,False
43/400,0.1075,24649/40000,15351/40000,1/3,0.43053124727525794,0.69575470787712250,0.695754707877122497309632187148707413934055448903316999540319,0.695754707877122497309632187148707413934055448903316999540320,0.69904100445530737,0.699041004455307373124530293786945469603910100915438318034554,0.699041004455307373124530293786945469603910100915438318034555,0.0032862965781848758,0.003286296578184875814898106638238055669854652012121318494234,0.003286296578184875814898106638238055669854652012121318494235,True,interior,True,False,equally_weighted_Pauli_axes,False
27/250,0.108,9604/15625,6021/15625,1/3,0.43214920553929823,0.69496737712135754,0.694967377121357540324457661708561511615505323679724886897468,0.694967377121357540324457661708561511615505323679724886897469,0.69825126888467904,0.698251268884679043030624078122800479843402864888380904649904,0.698251268884679043030624078122800479843402864888380904649905,0.0032838917633215027,0.003283891763321502706166416414238968227897541208656017752436,0.003283891763321502706166416414238968227897541208656017752437,True,interior,True,False,equally_weighted_Pauli_axes,False
217/2000,0.1085,613089/1000000,386911/1000000,1/3,0.43376408617813793,0.69418338336343877,0.694183383363438770731825174263504082633982454746133896398722,0.694183383363438770731825174263504082633982454746133896398723,0.69746481282399416,0.697464812823994155372311687000385427127259828958932786854495,0.697464812823994155372311687000385427127259828958932786854496,0.0032814294605553846,0.003281429460555384640486512736881344493277374212798890455773,0.003281429460555384640486512736881344493277374212798890455774,True,interior,True,False,equally_weighted_Pauli_axes,False
109/1000,0.109,152881/250000,97119/250000,1/3,0.43537589454877089,0.69340270721894762,0.693402707218947624486685750084853024278016491029443655633034,0.693402707218947624486685750084853024278016491029443655633035,0.69668161754546047,0.696681617545460468335548812607035883875893942178941779801188,0.696681617545460468335548812607035883875893942178941779801189,0.0032789103265128438,0.003278910326512843848863062522182859597877451149498124168153,0.003278910326512843848863062522182859597877451149498124168154,True,interior,True,False,equally_weighted_Pauli_axes,False
219/2000,0.1095,609961/1000000,390039/1000000,1/3,0.43698463598877962,0.69262532945753800,0.692625329457538002499472673044851473672615605847849869680448,0.692625329457538002499472673044851473672615605847849869680449,0.69590166446832371,0.695901664468323712230901287563899754253916828327865987852539,0.695901664468323712230901287563899754253916828327865987852540,0.0032763350107857097,0.003276335010785709731428614519048280581301222480016118172091,0.003276335010785709731428614519048280581301222480016118172092,True,interior,True,False,equally_weighted_Pauli_axes,False
11/100,0.11,1521/2500,979/2500,1/3,0.43859031581642089,0.69185123100141344,0.691851231001413444833081916438145307342374230300719934925750,0.691851231001413444833081916438145307342374230300719934925751,0.69512493515743256,0.695124935157432559900474576417569785602602590541884195117714,0.695124935157432559900474576417569785602602590541884195117715,0.0032737041560191151,0.003273704156019115067392659979424478260228360241164260191964,0.003273704156019115067392659979424478260228360241164260191965,True,interior,True,False,equally_weighted_Pauli_axes,False
221/2000,0.1105,606841/1000000,393159/1000000,1/3,0.44019293933071091,0.69108039292382237,0.691080392923822371193735409579435508532297652980257666755293,0.691080392923822371193735409579435508532297652980257666755294,0.69435141132182041,0.694351411321820409168807160687850549424616781920732250263659,0.694351411321820409168807160687850549424616781920732250263660,0.0032710183979980380,0.003271018397998037975071751108415040892319128940474583508366,0.003271018397998037975071751108415040892319128940474583508367,True,interior,True,False,equally_weighted_Pauli_axes,False
111/1000,0.111,151321/250000,98679/250000,1/3,0.44179251181150994,0.69031279644757114,0.690312796447571138157666362781778282932152341251590313671397,0.690312796447571138157666362781778282932152341251590313671398,0.69358107481330375,0.693581074813303748002059316026034027659590779373678538820192,0.693581074813303748002059316026034027659590779373678538820193,0.0032682783657326098,0.003268278365732609844392953244255744727438438122088225148795,0.003268278365732609844392953244255744727438438122088225148796,True,interior,True,False,equally_weighted_Pauli_axes,False
223/2000,0.1115,603729/1000000,396271/1000000,1/3,0.44338903851960642,0.68954842294355467,0.689548422943554667508358623815258859297831449676063964245114,0.689548422943554667508358623815258859297831449676063964245115,0.69281390762509688,0.692813907625096876608981393213856819478364867232215576288910,0.692813907625096876608981393213856819478364867232215576288911,0.0032654846815422091,0.003265484681542209100622769398597960180533417556151612043796,0.003265484681542209100622769398597960180533417556151612043797,True,interior,True,False,equally_weighted_Pauli_axes,False
14/125,0.112,9409/15625,6216/15625,1/3,0.44498252469680075,0.68878725392930440,0.688787253929304403922275277608207766748449852436947207537384,0.688787253929304403922275277608207766748449852436947207537385,0.69204989189044276,0.692049891890442764223927289240899260650606052214790116751192,0.692049891890442764223927289240899260650606052214790116751193,0.0032626379611383603,0.003262637961138360301652011632691493902156199777842909213807,0.003262637961138360301652011632691493902156199777842909213808,True,interior,True,False,equally_weighted_Pauli_axes,False
9/80,0.1125,961/1600,639/1600,1/3,0.44657297556598843,0.68802927106755336,0.688029271067553364035990964555751093407526299375927849280400,0.688029271067553364035990964555751093407526299375927849280401,0.69128900988125982,0.691289009881259821757798060107181663112440128811278929424947,0.691289009881259821757798060107181663112440128811278929424948,0.0032597388137064577,0.003259738813706457721807095551430569704913829435351080144547,0.003259738813706457721807095551430569704913829435351080144548,True,interior,True,False,equally_weighted_Pauli_axes,False
113/1000,0.113,149769/250000,100231/250000,1/3,0.44816039633124287,0.68727445616481804,0.687274456164818042655733800437732983744801492543055901870437,0.687274456164818042655733800437732983744801492543055901870438,0.69053124400680437,0.690531244006804374888440595212163899353217876412848007134027,0.690531244006804374888440595212163899353217876412848007134028,0.0032567878419863322,0.003256787841986332232706794774430915608416383869792105263589,0.003256787841986332232706794774430915608416383869792105263590,True,interior,True,False,equally_weighted_Pauli_axes,False
227/2000,0.1135,597529/1000000,402471/1000000,1/3,0.44974479217789763,0.68652279116999695,0.686522791169996945532853724044325484780809710311327498337562,0.686522791169996945532853724044325484780809710311327498337563,0.68977657681234863,0.689776576812348625488844834229425484640308412684678266725086,0.689776576812348625488844834229425484640308412684678266725087,0.0032537856423516800,0.003253785642351679955991110185099999859498702373350768387523,0.003253785642351679955991110185099999859498702373350768387524,True,interior,True,False,equally_weighted_Pauli_axes,False
57/500,0.114,37249/62500,25251/62500,1/3,0.45132616827262830,0.68577425817298552,0.685774258172985521726943913426733501414839573539734985960464,0.685774258172985521726943913426733501414839573539734985960465,0.68902499097787389,0.689024990977873892560613510216642568853004258960576108618619,0.689024990977873892560613510216642568853004258960576108618620,0.0032507328048883708,0.003250732804888370833669596789909067438164685420841122658155,0.003250732804888370833669596789909067438164685420841122658156,True,interior,True,False,equally_weighted_Pauli_axes,False
229/2000,0.1145,594441/1000000,405559/1000000,1/3,0.45290452976353382,0.68502883940330727,0.685028839403307272113502534822800688861568758964428577161257,0.685028839403307272113502534822800688861568758964428577161258,0.68827646931677893,0.688276469316778927052730221667056733485911904103603523769889,0.688276469316778927052730221667056733485911904103603523769890,0.0032476299134716549,0.003247629913471654939227686844256044624343145139174946608632,0.003247629913471654939227686844256044624343145139174946608633,True,interior,True,False,equally_weighted_Pauli_axes,False
23/200,0.115,5929/10000,4071/10000,1/3,0.45447988178021743,0.68428651722876081,0.684286517228760814066358695598542671976988404368845787115937,0.684286517228760814066358695598542671976988404368845787115938,0.68753099477460310,0.687530994774603098102710723074265672988118644817624742130361,0.687530994774603098102710723074265672988118644817624742130362,0.0032444775458422840,0.003244477545842284036352027475723001011130240448778955014423,0.003244477545842284036352027475723001011130240448778955014424,True,interior,True,False,equally_weighted_Pauli_axes,False
231/2000,0.1155,591361/1000000,408639/1000000,1/3,0.45605222943386710,0.68354727415408269,0.683547274154082685757798101916164721749983083118716223007554,0.683547274154082685757798101916164721749983083118716223007555,0.68678855042776425,0.686788550427764251339851746119736488580755038384044655113678,0.686788550427764251339851746119736488580755038384044655113679,0.0032412762736815656,0.003241276273681565582053644203571766830771955265328432106123,0.003241276273681565582053644203571766830771955265328432106124,True,interior,True,False,equally_weighted_Pauli_axes,False
29/250,0.116,9216/15625,6409/15625,1/3,0.45762157781733558,0.68281109281962568,0.682811092819625676872584080426548287452431439589716680556922,0.682811092819625676872584080426548287452431439589716680556923,0.68604911948231104,0.686049119482311042939532130591927963382364221814801340230949,0.686049119482311042939532130591927963382364221814801340230950,0.0032380266626853661,0.003238026662685366066948050165379675929932782225084659674027,0.003238026662685366066948050165379675929932782225084659674028,True,interior,True,False,equally_weighted_Pauli_axes,False
233/2000,0.1165,588289/1000000,411711/1000000,1/3,0.45918793200521991,0.68207795600005248,0.682077956000052475827026879346426305018256121570400448659312,0.682077956000052475827026879346426305018256121570400448659313,0.68531268527268956,0.685312685272689556114391417464849192220668398429818665119290,0.685312685272689556114391417464849192220668398429818665119291,0.0032347292726370803,0.003234729272637080287364538118422887202412276859418216459977,0.003234729272637080287364538118422887202412276859418216459978,True,interior,True,False,equally_weighted_Pauli_axes,False
117/1000,0.117,146689/250000,103311/250000,1/3,0.46075129705394059,0.68134784660304443,0.681347846603044426822032724251725996617192384449357647370980,0.681347846603044426822032724251725996617192384449357647370981,0.68457923126052401,0.684579231260524009673708850488638954744669817925173783810065,0.684579231260524009673708850488638954744669817925173783810066,0.0032313846574795829,0.003231384657479582851676126236912958127477433475816136439084,0.003231384657479582851676126236912958127477433475816136439085,True,interior,True,False,equally_weighted_Pauli_axes,False
47/400,0.1175,23409/40000,16591/40000,1/3,0.46231167800182023,0.68062074766802519,0.680620747668025193240764375032856266800244673080869179550442,0.680620747668025193240764375032856266800244673080869179550443,0.68384874103341137,0.683848741033411371177407600910035332848187962772046395904607,0.683848741033411371177407600910035332848187962772046395904608,0.0032279933653861779,0.003227993365386177936643225877179066047943289691177216354164,0.003227993365386177936643225877179066047943289691177216354165,True,interior,True,False,equally_weighted_Pauli_axes,False
59/500,0.118,36481/62500,26019/62500,1/3,0.46386907986916181,0.67989664236489913,0.679896642364899127028244069322140998099885156775088578903953,0.679896642364899127028244069322140998099885156775088578903954,0.68312119830372969,0.683121198303729690056771240735151530679389598733964162930022,0.683121198303729690056771240735151530679389598733964162930023,0.0032245559388305630,0.003224555938830563028527171413010532579504441958875584026069,0.003224555938830563028527171413010532579504441958875584026070,True,interior,True,False,equally_weighted_Pauli_axes,False
237/2000,0.1185,582169/1000000,417831/1000000,1/3,0.46542350765832646,0.67917551399280415,0.679175513992804146762982185199430174594224569085156276956669,0.679175513992804146762982185199430174594224569085156276956670,0.68239658690745997,0.682396586907459968871118389223896674329137391281786509288449,0.682396586907459968871118389223896674329137391281786509288450,0.0032210729146558221,0.003221072914655822108136204024466499734912822196630232331780,0.003221072914655822108136204024466499734912822196630232331781,True,interior,True,False,equally_weighted_Pauli_axes,False
119/1000,0.119,145161/250000,104839/250000,1/3,0.46697496635381086,0.67845734597887893,0.678457345978878930150552958859875410672370783639794159238135,0.678457345978878930150552958859875410672370783639794159238136,0.68167489080302139,0.681674890803021393619253920706747393565101513977980149589529,0.681674890803021393619253920706747393565101513977980149589530,0.0032175448241424635,0.003217544824142463468700961846871982892730730338185990351393,0.003217544824142463468700961846871982892730730338185990351394,True,interior,True,False,equally_weighted_Pauli_axes,False
239/2000,0.1195,579121/1000000,420879/1000000,1/3,0.46852346092232417,0.67774212187704423,0.677742121877044229636972712453219871066681057005015127416814,0.677742121877044229636972712453219871066681057005015127416815,0.68095609407011975,0.680956094070119746727398995510948894534353400108066580184571,0.680956094070119746727398995510948894534353400108066580184572,0.0032139721930755171,0.003213972193075517090426283057729023467672343103051452767756,0.003213972193075517090426283057729023467672343103051452767757,True,interior,True,False,equally_weighted_Pauli_axes,False
3/25,0.12,361/625,264/625,1/3,0.47006899631286457,0.67702982536679812,0.677029825366798122756755655297191426735735799165381772789339,0.677029825366798122756755655297191426735735799165381772789340,0.68024018090860883,0.680240180908608828992376706520432845590931471467800877541588,0.680240180908608828992376706520432845590931471467800877541589,0.0032103555418107062,0.003210355541810706235621051223241418855195672302419104752248,0.003210355541810706235621051223241418855195672302419104752249,True,interior,True,False,equally_weighted_Pauli_axes,False
241/2000,0.1205,576081/1000000,423919/1000000,1/3,0.47161157745679531,0.67632044025202501,0.676320440252025011697596084276184472778755611002328304940952,0.676320440252025011697596084276184472778755611002328304940953,0.67952713563736472,0.679527135637364719370956388530912120585183138781758450795576,0.679527135637364719370956388530912120585183138781758450795577,0.0032066953853397077,0.003206695385339707673360304254727647806427527779430145854624,0.003206695385339707673360304254727647806427527779430145854625,True,interior,True,False,equally_weighted_Pauli_axes,False
121/1000,0.121,143641/250000,106359/250000,1/3,0.47315120926792041,0.67561395045981819,0.675613950459818189381702158764091433181800603158162293261438,0.675613950459818189381702158764091433181800603158162293261439,0.67881694269317270,0.678816942693172704074280912376492357974073918274610871322268,0.678816942693172704074280912376492357974073918274610871322269,0.0032029922333545147,0.003202992233354514692578753612400924792273315116448578060829,0.003202992233354514692578753612400924792273315116448578060830,True,interior,True,False,equally_weighted_Pauli_axes,False
243/2000,0.1215,573049/1000000,426951/1000000,1/3,0.47468789664255994,0.67491034003931579,0.674910340039315792133814020520370952832838378830871299606816,0.674910340039315792133814020520370952832838378830871299606817,0.67810958662962671,0.678109586629626708951043505833962801072063196871558429226017,0.678109586629626708951043505833962801072063196871558429226018,0.0031992465903109168,0.003199246590310916817229485313591848239224818040687129619200,0.003199246590310916817229485313591848239224818040687129619201,True,interior,True,False,equally_weighted_Pauli_axes,False
61/500,0.122,35721/62500,26779/62500,1/3,0.47622164445962481,0.67420959316054996,0.674209593160549961728787203610141516329146873472983933894361,0.674209593160549961728787203610141516329146873472983933894362,0.67740505211604107,0.677405052116041071625352751989614905434517731218638272229548,0.677405052116041071625352751989614905434517731218638272229549,0.0031954589554911099,0.003195458955491109896565548379473389105370857745654338335187,0.003195458955491109896565548379473389105370857745654338335188,True,interior,True,False,equally_weighted_Pauli_axes,False
49/400,0.1225,22801/40000,17199/40000,1/3,0.47775245758069123,0.67351169411330904,0.673511694113309042288201480513727507728199263554573549147003,0.673511694113309042288201480513727507728199263554573549147004,0.67670332393637449,0.676703323936374492295818755098558677772169948615195839943037,0.676703323936374492295818755098558677772169948615195839943038,0.0031916298230654500,0.003191629823065450007617274584831170043970685060622290796033,0.003191629823065450007617274584831170043970685060622290796034,True,interior,True,False,equally_weighted_Pauli_axes,False
123/1000,0.123,142129/250000,107871/250000,1/3,0.47928034085007469,0.67281662730601264,0.672816627306012640126637505491841083746192860634640203525157,0.672816627306012640126637505491841083746192860634640203525158,0.67600438698816600,0.676004386988166004502086145562401292306970990131264677435690,0.676004386988166004502086145562401292306970990131264677435691,0.0031877596821533644,0.003187759682153364375448640070560208560778129496624473910532,0.003187759682153364375448640070560208560778129496624473910533,True,interior,True,False,equally_weighted_Pauli_axes,False
247/2000,0.1235,567009/1000000,432991/1000000,1/3,0.48080529909490361,0.67212437726459938,0.672124377264599377234902789178172762905878506203095270100885,0.672124377264599377234902789178172762905878506203095270100886,0.67530822628148281,0.675308226281482809524590862667694976868169102988628644796675,0.675308226281482809524590862667694976868169102988628644796676,0.0031838490168834323,0.003183849016883432289688073489522213962290596785533374695790,0.003183849016883432289688073489522213962290596785533374695791,True,interior,True,False,equally_weighted_Pauli_axes,False
31/250,0.124,8836/15625,6789/15625,1/3,0.48232733712519254,0.67143492863142717,0.671434928631427171630420976968841586824421249867402056259951,0.671434928631427171630420976968841586824421249867402056259952,0.67461482693787982,0.674614826937879820403472234207433669630098295422112208957355,0.674614826937879820403472234207433669630098295422112208957356,0.0031798983064526488,0.003179898306452648773051257238592082805677045554710152697403,0.003179898306452648773051257238592082805677045554710152697404,True,interior,True,False,equally_weighted_Pauli_axes,False
249/2000,0.1245,564001/1000000,435999/1000000,1/3,0.48384645973391491,0.67074826616418588,0.670748266164185880305043175842766206370221364548962832963077,0.670748266164185880305043175842766206370221364548962832963078,0.67392417418937076,0.673924174189370763844059323748713641460619423663108941665982,0.673924174189370763844059323748713641460619423663108941665983,0.0031759080251848835,0.003175908025184883539016147905947435090398059114146108702904,0.003175908025184883539016147905947435090398059114146108702905,True,interior,True,False,equally_weighted_Pauli_axes,False
1/8,0.125,9/16,7/16,1/3,0.48536267169707548,0.67006437473482214,0.670064374734822142958499394615445998718520332858118779662749,0.670064374734822142958499394615445998718520332858118779662750,0.67323625337741069,0.673236253377410690519885562961170525188450917813415761283693,0.673236253377410690519885562961170525188450917813415761283694,0.0031718786425885476,0.003171878642588547561386168345724526469930584955296981620944,0.003171878642588547561386168345724526469930584955296981620945,True,interior,True,False,equally_weighted_Pauli_axes,False
251/2000,0.1255,561001/1000000,438999/1000000,1/3,0.48687597777378235,0.66938323932847627,0.669383239328476267122367770781763732768560456939346592867792,0.669383239328476267122367770781763732768560456939346592867793,0.67255104995188975,0.672551049951889746490468546510819081419927919794486214417562,0.672551049951889746490468546510819081419927919794486214417563,0.0031678106234134794,0.003167810623413479368100775729055348651367462855139621549769,0.003167810623413479368100775729055348651367462855139621549770,True,interior,True,False,equally_weighted_Pauli_axes,False
63/500,0.126,34969/62500,27531/62500,1/3,0.48838638270631851,0.66870484504243100,0.668704845042430997655568785600611231412438414541300779271407,0.668704845042430997655568785600611231412438414541300779271408,0.67186854947013806,0.671868549470138060620808574121627515441237519964778321193132,0.671868549470138060620808574121627515441237519964778321193133,0.0031637044277070630,0.003163704427707062965239788521016284028799105423477541921725,0.003163704427707062965239788521016284028799105423477541921726,True,interior,True,False,equally_weighted_Pauli_axes,False
253/2000,0.1265,558009/1000000,441991/1000000,1/3,0.48989389122021314,0.66802917708507202,0.668029177085072015928745003078531724788787009693608405746487,0.668029177085072015928745003078531724788787009693608405746488,0.67118873759594161,0.671188737595941605023382240125641411968502728379025031741264,0.671188737595941605023382240125641411968502728379025031741265,0.0031595605108695891,0.003159560510869589094637237047109687179715718685416625994777,0.003159560510869589094637237047109687179715718685416625994778,True,interior,True,False,equally_weighted_Pauli_axes,False
127/1000,0.127,139129/250000,110871/250000,1/3,0.49139850802431234,0.66735622077486002,0.667356220774860016312202496635672890422911758372962055026899,0.667356220774860016312202496635672890422911758372962055026900,0.67051160009856889,0.670511600098568887641994690257537369122574752326946837129266,0.670511600098568887641994690257537369122574752326946837129267,0.0031553793237088713,0.003155379323708871329792193621864478699662993953984782102367,0.003155379323708871329792193621864478699662993953984782102368,True,interior,True,False,equally_weighted_Pauli_axes,False
51/400,0.1275,22201/40000,17799/40000,1/3,0.49290023781084968,0.66668596153931421,0.666685961539314209841091483946122543601188201338561820546276,0.666685961539314209841091483946122543601188201338561820546277,0.66983712285180834,0.669837122851808338160851415346057633637150592723972647698916,0.669837122851808338160851415346057633637150592723972647698917,0.0031511613124941283,0.003151161312494128319759931399935090035962391385410827152640,0.003151161312494128319759931399935090035962391385410827152641,True,interior,True,False,equally_weighted_Pauli_axes,False
16/125,0.128,8649/15625,6976/15625,1/3,0.49439908525551616,0.66601838491400711,0.666018384914007107152899490205059308790066900920631353875374,0.666018384914007107152899490205059308790066900920631353875375,0.66916529183301625,0.669165291833016250452249981387030606890743261501998983428609,0.669165291833016250452249981387030606890743261501998983428610,0.0031469069190091433,0.003146906919009143299350491181971298100676360581367629553235,0.003146906919009143299350491181971298100676360581367629553236,True,interior,True,False,equally_weighted_Pauli_axes,False
257/2000,0.1285,552049/1000000,447951/1000000,1/3,0.49589505501752993,0.66535347654157043,0.665353476541570434976814923504614851995057182839906266207949,0.665353476541570434976814923504614851995057182839906266207950,0.66849609312217515,0.668496093122175146772993561628943407389461464448355893495609,0.668496093122175146772993561628943407389461464448355893495610,0.0031426165806047118,0.003142616580604711796178638124328555394404281608449627287660,0.003142616580604711796178638124328555394404281608449627287661,True,interior,True,False,equally_weighted_Pauli_axes,False
129/1000,0.129,137641/250000,112359/250000,1/3,0.49738815173970558,0.66469122217071204,0.664691222170712042602772518191891000928595747646997341318137,0.664691222170712042602772518191891000928595747646997341318138,0.66782951290096243,0.667829512900962430883598779490531538478502341477230284152616,0.667829512900962430883598779490531538478502341477230284152617,0.0031382907302503883,0.003138290730250388280826261298640537549906593830232942834479,0.003138290730250388280826261298640537549906593830232942834480,True,interior,True,False,equally_weighted_Pauli_axes,False
259/2000,0.1295,549081/1000000,450919/1000000,1/3,0.49887838004852307,0.66403160765524366,0.664031607655243656870681163318877169929698110963755241269808,0.664031607655243656870681163318877169929698110963755241269809,0.66716553745182920,0.667165537451829199196205287326622751186571540039830599062370,0.667165537451829199196205287326622751186571540039830599062371,0.0031339297965855423,0.003133929796585542325524124007745581256873429076075357792561,0.003133929796585542325524124007745581256873429076075357792562,True,interior,True,False,equally_weighted_Pauli_axes,False
13/100,0.13,1369/2500,1131/2500,1/3,0.50036574455419623,0.66337461895311935,0.663374618953119346298112202344767068362089490762717245732792,0.663374618953119346298112202344767068362089490762717245732793,0.66650415315708908,0.666504153157089080957376910964032257139404351836203454732754,0.666504153157089080957376910964032257139404351836203454732755,0.0031295342039697347,0.003129534203969734659264708619265188777314861073486208999961,0.003129534203969734659264708619265188777314861073486208999962,True,interior,True,False,equally_weighted_Pauli_axes,False
261/2000,0.1305,546121/1000000,453879/1000000,1/3,0.50185024985074098,0.66272024212548456,0.662720242125484557008232220443834237022147345392127521529110,0.662720242125484557008232220443834237022147345392127521529111,0.66584534649801698,0.665845346498016980341285677246191663611268825562247354219260,0.665845346498016980341285677246191663611268825562247354219261,0.0031251043725324233,0.003125104372532423333053456802357426589121480170119832690150,0.003125104372532423333053456802357426589121480170119832690151,True,interior,True,False,equally_weighted_Pauli_axes,False
131/1000,0.131,136161/250000,113839/250000,1/3,0.50333190051604307,0.66206846333573559,0.662068463335735585129625604021044093094633742761754112199501,0.662068463335735585129625604021044093094633742761754112199502,0.66518910405395760,0.665189104053957595167650835454077365427030827670907131968595,0.665189104053957595167650835454077365427030827670907131968596,0.0031206407182220100,0.003120640718222010038025231433033272332397084909153019769094,0.003120640718222010038025231433033272332397084909153019769095,True,interior,True,False,equally_weighted_Pauli_axes,False
263/2000,0.1315,543169/1000000,456831/1000000,1/3,0.50481070111192558,0.66141926884858935,0.661419268848589352316483146012158989681688531636493999933248,0.661419268848589352316483146012158989681688531636493999933249,0.66453541250144359,0.664535412501443588767814183788809507915371649954855755219229,0.664535412501443588767814183788809507915371649954855755219230,0.0031161436528542365,0.003116143652854236451331037776650518233683118318361755285981,0.003116143652854236451331037776650518233683118318361755285982,True,interior,True,False,equally_weighted_Pauli_axes,False
33/250,0.132,8464/15625,7161/15625,1/3,0.50628665618421594,0.66077264502916335,0.660772645029163352982035744150567574162958301374227857466625,0.660772645029163352982035744150567574162958301374227857466626,0.66388425861332329,0.663884258613323293302008836470595317644931197654071723921677,0.663884258613323293302008836470595317644931197654071723921678,0.0031116135841599403,0.003111613584159940319973092320027743481972896279843866455052,0.003111613584159940319973092320027743481972896279843866455053,True,interior,True,False,equally_weighted_Pauli_axes,False
53/400,0.1325,21609/40000,18391/40000,1/3,0.50775977026281264,0.66012857834206564,0.660128578342065643750676811726230810879021804455858236295906,0.660128578342065643750676811726230810879021804455858236295907,0.66323562925789782,0.663235629257897824581748584663659954520438900076992933737855,0.663235629257897824581748584663659954520438900076992933737856,0.0031070509158321808,0.003107050915832180831071772937429143641417095621134697441949,0.003107050915832180831071772937429143641417095621134697441950,True,interior,True,False,equally_weighted_Pauli_axes,False
133/1000,0.133,134689/250000,115311/250000,1/3,0.50923004786175159,0.65948705535049475,0.659487055350494747515521618366177398769476217312628955192119,0.659487055350494747515521618366177398769476217312628955192120,0.66258951139806749,0.662589511398067490173846365887037145260611058101145998920663,0.662589511398067490173846365887037145260611058101145998920664,0.0031024560475727427,0.003102456047572742658324747520859746491134840788517043728544,0.003102456047572742658324747520859746491134840788517043728545,True,interior,True,False,equally_weighted_Pauli_axes,False
267/2000,0.1335,537289/1000000,462711/1000000,1/3,0.51069749347927210,0.65884806271534935,0.658848062715349346338763098196244526411704369560143973526314,0.658848062715349346338763098196244526411704369560143973526315,0.66194589209048737,0.661945892090487374257370017660859250407371469333557355865241,0.661945892090487374257370017660859250407371469333557355865242,0.0030978293751380279,0.003097829375138027918606919464614723995667099773413382338926,0.003097829375138027918606919464614723995667099773413382338927,True,interior,True,False,equally_weighted_Pauli_axes,False
67/500,0.134,33489/62500,29011/62500,1/3,0.51216211159788247,0.65821158719434764,0.658211587194347639252657120201089284011126456670441690960510,0.658211587194347639252657120201089284011126456670441690960511,0.66130475848473198,0.661304758484731984372358431894604305066230565451628409226315,0.661304758484731984372358431894604305066230565451628409226316,0.0030931712903843451,0.003093171290384345119701311693515021055104108781186718265805,0.003093171290384345119701311693515021055104108781186718265806,True,interior,True,False,equally_weighted_Pauli_axes,False
269/2000,0.1345,534361/1000000,465639/1000000,1/3,0.51362390668442533,0.65757761564115624,0.657577615641156242809850190633737332955871625590633200377566,0.657577615641156242809850190633737332955871625590633200377567,0.66066609782246885,0.660666097822468846839838664926475414673580643333472801328611,0.660666097822468846839838664926475414673580643333472801328612,0.0030884821813126040,0.003088482181312604029988474292738081717709017742839600951044,0.003088482181312604029988474292738081717709017742839600951045,True,interior,True,False,equally_weighted_Pauli_axes,False
27/200,0.135,5329/10000,4671/10000,1/3,0.51508288319014250,0.65694613500452851,0.656946135004528513993582632818019219690629386362708893023500,0.656946135004528513993582632818019219690629386362708893023501,0.66002989743664094,0.660029897436640939247082158916337063013953687257024522315293,0.660029897436640939247082158916337063013953687257024522315294,0.0030837624321124253,0.003083762432112425253499526098317843323324300894315629291792,0.003083762432112425253499526098317843323324300894315629291793,True,interior,True,False,equally_weighted_Pauli_axes,False
271/2000,0.1355,531441/1000000,468559/1000000,1/3,0.51653904555073962,0.65631713232745218,0.656317132327452176831583484644267822441560255325426679386328,0.656317132327452176831583484644267822441560255325426679386329,0.65939614475065785,0.659396144750657849980584308973014243862050195012889179204401,0.659396144750657849980584308973014243862050195012889179204402,0.0030790124232056731,0.003079012423205673149000824328746421420489939687462499818072,0.003079012423205673149000824328746421420489939687462499818073,True,interior,True,False,equally_weighted_Pauli_axes,False
17/125,0.136,8281/15625,7344/15625,1/3,0.51799239818645032,0.65569059474630614,0.655690594746306135762732351362483262029172757993206171576034,0.655690594746306135762732351362483262029172757993206171576035,0.65876482727759556,0.658764827277595556352405332478888494841318986859803534341306,0.658764827277595556352405332478888494841318986859803534341307,0.0030742325312894206,0.003074232531289420589672981116405232812146228866597362765271,0.003074232531289420589672981116405232812146228866597362765272,True,interior,True,False,equally_weighted_Pauli_axes,False
273/2000,0.1365,528529/1000000,471471/1000000,1/3,0.51944294550210013,0.65506650949002636,0.655066509490026360483300820123338553530302699768563191179835,0.655066509490026360483300820123338553530302699768563191179836,0.65813593261940471,0.658135932619404714403721972784048827116761442051717744433545,0.658135932619404714403721972784048827116761442051717744433546,0.0030694231293783539,0.003069423129378353920421152660710273586458742283154553253710,0.003069423129378353920421152660710273586458742283154553253711,True,interior,True,False,equally_weighted_Pauli_axes,False
137/1000,0.137,131769/250000,118231/250000,1/3,0.52089069188717003,0.65444486387928073,0.654444863879280728650294455877306701957902766198113831759769,0.654444863879280728650294455877306701957902766198113831759770,0.65750944846612735,0.657509448466127354983150443908470432724604561052057914654965,0.657509448466127354983150443908470432724604561052057914654966,0.0030645845868466263,0.003064584586846626332855988031163730766701794853944082895195,0.003064584586846626332855988031163730766701794853944082895196,True,interior,True,False,equally_weighted_Pauli_axes,False
11/80,0.1375,841/1600,759/1600,1/3,0.52233564171585962,0.65382564532565271,0.653825645325652714443578844278209897105852821485786209732104,0.653825645325652714443578844278209897105852821485786209732105,0.65688536259512188,0.656885362595121882187044061982543871862958722362673961978850,0.656885362595121882187044061982543871862958722362673961978851,0.0030597172694691677,0.003059717269469167743465217704333974757105900876887752246746,0.003059717269469167743465217704333974757105900876887752246747,True,interior,True,False,equally_weighted_Pauli_axes,False
69/500,0.138,32761/62500,29739/62500,1/3,0.52377779934714999,0.65320884133083381,0.653208841330833812586563137796943463416173100107637190125965,0.653208841330833812586563137796943463416173100107637190125966,0.65626366287029627,0.656263662870296271714968681053615538757497221155769443144882,0.656263662870296271714968681053615538757497221155769443144883,0.0030548215394624591,0.003054821539462459128405543256672075341324121048132253018917,0.003054821539462459128405543256672075341324121048132253018918,True,interior,True,False,equally_weighted_Pauli_axes,False
277/2000,0.1385,522729/1000000,477271/1000000,1/3,0.52521716912486625,0.65259443948582459,0.652594439485824588997696333561834336586089002464133745742814,0.652594439485824588997696333561834336586089002464133745742815,0.65564433724134937,0.655644337241349368136331603496327271423718377081921144872826,0.655644337241349368136331603496327271423718377081921144872827,0.0030498977555247791,0.003049897755524779138635269934492934837629374617787399130012,0.003049897755524779138635269934492934837629374617787399130013,True,interior,True,False,equally_weighted_Pauli_axes,False
139/1000,0.139,130321/250000,119679/250000,1/3,0.52665375537773969,0.65198242747014425,0.651982427470144250792360226128918330140167323116910267350834,0.651982427470144250792360226128918330140167323116910267350835,0.65502737374302018,0.655027373743020181484093269585072904353847092222080296100586,0.655027373743020181484093269585072904353847092222080296100587,0.0030449462728759307,0.003044946272875930691733043456154574213679769105170028749751,0.003044946272875930691733043456154574213679769105170028749752,True,interior,True,False,equally_weighted_Pauli_axes,False
279/2000,0.1395,519841/1000000,480159/1000000,1/3,0.52808756241946967,0.65137279305104863,0.651372793051048629877364912724006441184081132185763819833156,0.651372793051048629877364912724006441184081132185763819833157,0.65441276049434508,0.654412760494345084989026070314702936128814212912202080332716,0.654412760494345084989026070314702936128814212912202080332717,0.0030399674432964551,0.003039967443296455111661157590696494944733080726438260499560,0.003039967443296455111661157590696494944733080726438260499561,True,interior,True,False,equally_weighted_Pauli_axes,False
7/50,0.14,324/625,301/625,1/3,0.52951859454878513,0.65076552408275648,0.650765524082756475878605465219273158561321589863298571773157,0.650765524082756475878605465219273158561321589863298571773158,0.65380048569792282,0.653800485697922817143493683838837952720180819204843396833310,0.653800485697922817143493683838837952720180819204843396833311,0.0030349616151663413,0.003034961615166341264888218619564794158859229341544825060152,0.003034961615166341264888218619564794158859229341544825060153,True,interior,True,False,equally_weighted_Pauli_axes,False
281/2000,0.1405,516961/1000000,483039/1000000,1/3,0.53094685604950578,0.65016060850568396,0.650160608505683955616950994860200455432961386879276508855335,0.650160608505683955616950994860200455432961386879276508855336,0.65319053763918719,0.653190537639187192637592470322601139745090952190677051558966,0.653190537639187192637592470322601139745090952190677051558967,0.0030299291335032370,0.003029929133503237020641475462400684312129565311400542703630,0.003029929133503237020641475462400684312129565311400542703631,True,interior,True,False,equally_weighted_Pauli_axes,False
141/1000,0.141,128881/250000,121119/250000,1/3,0.53237235119060297,0.64955803434568726,0.649558034345687257798530565345741103610107188320131006564236,0.649558034345687257798530565345741103610107188320131006564237,0.65258290468568743,0.652582904685687428043101341926509862945952088772832293481671,0.652582904685687428043101341926509862945952088772832293481672,0.0030248703400001702,0.003024870340000170244570776580768759335844900452701286917434,0.003024870340000170244570776580768759335844900452701286917435,True,interior,True,False,equally_weighted_Pauli_axes,False
283/2000,0.1415,514089/1000000,485911/1000000,1/3,0.53379508422626026,0.64895778971331320,0.648957789713313203013666846343327953704415910630764849974251,0.648957789713313203013666846343327953704415910630764849974252,0.65197757528637599,0.651977575286375989432398585896068473036047649055429609412912,0.651977575286375989432398585896068473036047649055429609412913,0.0030197855730627864,0.003019785573062786418731739552740519331631738424664759438660,0.003019785573062786418731739552740519331631738424664759438661,True,interior,True,False,equally_weighted_Pauli_axes,False
71/500,0.142,32041/62500,30459/62500,1/3,0.53521505939593361,0.64835986280305776,0.648359862803057760544192650282885516592065706439423740661947,0.648359862803057760544192650282885516592065706439423740661948,0.65137453797090387,0.651374537970903870410686704713567813995012997317128084774291,0.651374537970903870410686704713567813995012997317128084774292,0.0030146751678461099,0.003014675167846109866494054430682297402947290877704344112343,0.003014675167846109866494054430682297402947290877704344112344,True,interior,True,False,equally_weighted_Pauli_axes,False
57/400,0.1425,20449/40000,19551/40000,1/3,0.53663228092441132,0.64776424189263237,0.647764241892632374862164354197371253303617459813745793477310,0.647764241892632374862164354197371253303617459813745793477311,0.65077378134892321,0.650773781348923210310875854536677334007054360860574016706708,0.650773781348923210310875854536677334007054360860574016706709,0.0030095394562908354,0.003009539456290835448711500339306080703436901046828223229398,0.003009539456290835448711500339306080703436901046828223229399,True,interior,True,False,equally_weighted_Pauli_axes,False
143/1000,0.143,127449/250000,122551/250000,1/3,0.53804675302187359,0.64717091534223801,0.647170915342238006064448820143565405923047589245453824152482,0.647170915342238006064448820143565405923047589245453824152483,0.65017529410939716,0.650175294109397163551662523748730370682555774865179915146771,0.650175294109397163551662523748730370682555774865179915146772,0.0030043787671591575,0.003004378767159157487213703605164964759508185619726090994288,0.003004378767159157487213703605164964759508185619726090994289,True,interior,True,False,equally_weighted_Pauli_axes,False
287/2000,0.1435,508369/1000000,491631/1000000,1/3,0.53945847988395179,0.64657987159384679,0.646579871593846789827688448415467764127178183121862441718853,0.646579871593846789827688448415467764127178183121862441718854,0.64957906501991693,0.649579065019916932391045655971214779714566554133653332697453,0.649579065019916932391045655971214779714566554133653332697454,0.0029991934260701426,0.002999193426070142563357207555747015587388371011790890978599,0.002999193426070142563357207555747015587388371011790890978600,True,interior,True,False,equally_weighted_Pauli_axes,False
18/125,0.144,7921/15625,7704/15625,1/3,0.54086746569178743,0.64599109917049122,0.645991099170491223787116751748021276645336233200309755133276,0.645991099170491223787116751748021276645336233200309755133277,0.64898508292602588,0.648985082926025876520083929375453154465409527452647637551139,0.648985082926025876520083929375453154465409527452647637551140,0.0029939837555346527,0.002993983755534652732967177627431877820073294252337882417862,0.002993983755534652732967177627431877820073294252337882417863,True,interior,True,False,equally_weighted_Pauli_axes,False
289/2000,0.1445,505521/1000000,494479/1000000,1/3,0.54227371461209083,0.64540458667556079,0.645404586675560788540971472100117627124847091004448633516569,0.645404586675560788540971472100117627124847091004448633516570,0.64839333675055061,0.648393336750550614135445418860631218225772776183283054966852,0.648393336750550614135445418860631218225772776183283054966853,0.0029887500749898256,0.002988750074989825594473946760513591100925685178834421450282,0.002988750074989825594473946760513591100925685178834421450283,True,interior,True,False,equally_weighted_Pauli_axes,False
29/200,0.145,5041/10000,4959/10000,1/3,0.54367723079719937,0.64482032279210591,0.644820322792105912760193892117104139767041855501854260875756,0.644820322792105912760193892117104139767041855501854260875757,0.64780381549293903,0.647803815492939030304558202957805988681489389045961801528882,0.647803815492939030304558202957805988681489389045961801528883,0.0029834927008331175,0.002983492700833117544364310840701848914447533544107540653126,0.002983492700833117544364310840701848914447533544107540653127,True,interior,True,False,equally_weighted_Pauli_axes,False
291/2000,0.1455,502681/1000000,497319/1000000,1/3,0.54507801838513561,0.64423829628214919,0.644238296282149193141064856857883852690105256577889018729235,0.644238296282149193141064856857883852690105256577889018729236,0.64721650822860511,0.647216508228605109594255326373381222556272162570898564668098,0.647216508228605109594255326373381222556272162570898564668099,0.0029782119464559165,0.002978211946455916453190469515497369866166905993009545938863,0.002978211946455916453190469515497369866166905993009545938864,True,interior,True,False,equally_weighted_Pauli_axes,False
73/500,0.146,31329/62500,31171/62500,1/3,0.54647608149966496,0.64365849598600378,0.643658495986003781176756615044104347108577699788572270879700,0.643658495986003781176756615044104347108577699788572270879701,0.64663140410828051,0.646631404108280511073031590952029001969110855537724491564522,0.646631404108280511073031590952029001969110855537724491564523,0.0029729081222767299,0.002972908122276729896274975907924654860533155749152220684822,0.002972908122276729896274975907924654860533155749152220684823,True,interior,True,False,equally_weighted_Pauli_axes,False
293/2000,0.1465,499849/1000000,500151/1000000,1/3,0.54787142425035309,0.64308091082159885,0.643080910821598849942814811520622979410265291466290878516664,0.643080910821598849942814811520622979410265291466290878516665,0.64604849235737280,0.646048492357372804918698750589087079010134320589164213691778,0.646048492357372804918698750589087079010134320589164213691779,0.0029675815357739550,0.002967581535773954975883939068464099599869029122873335175113,0.002967581535773954975883939068464099599869029122873335175114,True,interior,True,False,equally_weighted_Pauli_axes,False
147/1000,0.147,124609/250000,125391/250000,1/3,0.54926405073262308,0.64250552978381206,0.642505529783812055291660250589062350835868727438778815067131,0.642505529783812055291660250589062350835868727438778815067132,0.64546776227533029,0.645467762275330290967639906777101654063159601337741993999658,0.645467762275330290967639906777101654063159601337741993999659,0.0029622324915182357,0.002962232491518235675979656188039303227290873898963178932526,0.002962232491518235675979656188039303227290873898963178932527,True,interior,True,False,equally_weighted_Pauli_axes,False
59/400,0.1475,19881/40000,20119/40000,1/3,0.55065396502781217,0.64193234194380891,0.641932341943808907032642512163960365469200060583420173348136,0.641932341943808907032642512163960365469200060583420173348137,0.64488920323501332,0.644889203235013320629317685760307692914389584882239458282459,0.644889203235013320629317685760307692914389584882239458282460,0.0029568612912044136,0.002956861291204413596675173596347327445189524298819284934322,0.002956861291204413596675173596347327445189524298819284934323,True,interior,True,False,equally_weighted_Pauli_axes,False
37/250,0.148,7744/15625,7881/15625,1/3,0.55204117120322834,0.64136133644838897,0.641361336448388966837308050857538267730053932748508803380038,0.641361336448388966837308050857538267730053932748508803380039,0.64431280468207204,0.644312804682072044660473052783999992378793513744403866837924,0.644312804682072044660473052783999992378793513744403866837925,0.0029514682336830778,0.002951468233683077823165001926461724648739580995895063457885,0.002951468233683077823165001926461724648739580995895063457886,True,interior,True,False,equally_weighted_Pauli_axes,False
297/2000,0.1485,494209/1000000,505791/1000000,1/3,0.55342567331220648,0.64079250251933879,0.640792502519338790754678884321663834124281710784711470016923,0.640792502519338790754678884321663834124281710784711470016924,0.64373855613433051,0.643738556134330510347845905717105114856699944420554937077002,0.643738556134330510347845905717105114856699944420554937077003,0.0029460536149917196,0.002946053614991719593167021395441280732418233635843467060078,0.002946053614991719593167021395441280732418233635843467060079,True,interior,True,False,equally_weighted_Pauli_axes,False
149/1000,0.149,123201/250000,126799/250000,1/3,0.55480747539416433,0.64022582945279154,0.640225829452791535348783279315538048757170937168364394099921,0.640225829452791535348783279315538048757170937168364394099922,0.64316644718117703,0.643166447181177032686533116534163372320245315266185936544734,0.643166447181177032686533116534163372320245315266185936544735,0.0029406177283854973,0.002940617728385497337749837218625323563074378097821542444813,0.002940617728385497337749837218625323563074378097821542444814,True,interior,True,False,equally_weighted_Pauli_axes,False
299/2000,0.1495,491401/1000000,508599/1000000,1/3,0.55618658147465809,0.63966130661859315,0.639661306618593147580740047756564316754074693359480783061476,0.639661306618593147580740047756564316754074693359480783061477,0.64259646748296077,0.642596467482960765163547494683120790313475531139983894101848,0.642596467482960765163547494683120790313475531139983894101849,0.0029351608643676176,0.002935160864367617582807446926556473559400837780503111040371,0.002935160864367617582807446926556473559400837780503111040372,True,interior,True,False,equally_weighted_Pauli_axes,False
3/20,0.15,49/100,51/100,1/3,0.55756299556543777,0.63909892345967506,0.639098923459675059650670543569669559555799291604599607421280,0.639098923459675059650670543569669559555799291604599607421281,0.64202860677039440,0.642028606770394396763020189255283707990906658906037267294499,0.642028606770394396763020189255283707990906658906037267294500,0.0029296833107193371,0.002929683310719337112349645685614148435107367301437659873219,0.002929683310719337112349645685614148435107367301437659873220,True,interior,True,False,equally_weighted_Pauli_axes,False
301/2000,0.1505,488601/1000000,511399/1000000,1/3,0.55893672166450224,0.63853866949143331,0.638538669491433311090888991840365623724910148524917290296325,0.638538669491433311090888991840365623724910148524917290296326,0.64146285484396290,0.641462854843962902801062306244137097609752857740823354480022,0.641462854843962902801062306244137097609752857740823354480023,0.0029241853525295917,0.002924185352529591710173314403771473884842709215906064183697,0.002924185352529591710173314403771473884842709215906064183698,True,interior,True,False,equally_weighted_Pauli_axes,False
151/1000,0.151,121801/250000,128199/250000,1/3,0.56030776375615396,0.63798053430111402,0.637980534301114021461488700471267045300538158626027898845621,0.637980534301114021461488700471267045300538158626027898845622,0.64089920157333828,0.640899201573338278174827094027441331666580048913692758229056,0.640899201573338278174827094027441331666580048913692758229057,0.0029186672722242567,0.002918667272224256713338393556174286366041890287664859383435,0.002918667272224256713338393556174286366041890287664859383436,True,interior,True,False,equally_weighted_Pauli_axes,False
303/2000,0.1515,485809/1000000,514191/1000000,1/3,0.56167612581105348,0.63742450754720514,0.637424507547205138042879957359158922654067265285701051583263,0.637424507547205138042879957359158922654067265285701051583264,0.64033763689680018,0.640337636896800182572045265943533880715908356216809435222227,0.640337636896800182572045265943533880715908356216809435222228,0.0029131293495950445,0.002913129349595044529165308584374958061841090931108383638963,0.002913129349595044529165308584374958061841090931108383638964,True,interior,True,False,equally_weighted_Pauli_axes,False
19/125,0.152,7569/15625,8056/15625,1/3,0.56304181178627359,0.63687057895883438,0.636870578958834383947320708684549279412163973726150924085747,0.636870578958834383947320708684549279412163973726150924085748,0.63977815082066243,0.639778150820662428134491521678935146312489295869371513845607,0.639778150820662428134491521678935146312489295869371513845608,0.0029075718618280442,0.002907571861828044187170812994385866900325322143220589759860,0.002907571861828044187170812994385866900325322143220589759861,True,interior,True,False,equally_weighted_Pauli_axes,False
61/400,0.1525,19321/40000,20679/40000,1/3,0.56440482562535327,0.63631873833517333,0.636318738335173333083284008248813531939960774012487516996374,0.636318738335173333083284008248813531939960774012487516996375,0.63922073341870524,0.639220733418705241001724148462867674156477185866946469382862,0.639220733418705241001724148462867674156477185866946469382863,0.0029019950835319079,0.002901995083531907918440140214054142216516411854458952386488,0.002901995083531907918440140214054142216516411854458952386489,True,interior,True,False,equally_weighted_Pauli_axes,False
153/1000,0.153,120409/250000,129591/250000,1/3,0.56576517125835128,0.63576897554484754,0.635768975544847539402892246801022899006519714343499602050655,0.635768975544847539402892246801022899006519714343499602050656,0.63866537483161323,0.638665374831613229080261281438742814408275748754598036641771,0.638665374831613229080261281438742814408275748754598036641772,0.0028963992867656897,0.002896399286765689677369034637719915401756034411098434591115,0.002896399286765689677369034637719915401756034411098434591116,True,interior,True,False,equally_weighted_Pauli_axes,False
307/2000,0.1535,480249/1000000,519751/1000000,1/3,0.56712285260189950,0.63522128052535265,0.635221280525352648843877899959210864632299138637682112854618,0.635221280525352648843877899959210864632299138637682112854619,0.63811206526641899,0.638112065266418989288352126291469088667162277389041957726606,0.638112065266418989288352126291469088667162277389041957726607,0.0028907847410663404,0.002890784741066340444474226332258224034863138751359844871987,0.002890784741066340444474226332258224034863138751359844871988,True,interior,True,False,equally_weighted_Pauli_axes,False
77/500,0.154,29929/62500,32571/62500,1/3,0.56847787355925602,0.63467564328247642,0.634675643282476423343859722706989012486371725990742077941475,0.634675643282476423343859722706989012486371725990742077941476,0.63756079499595229,0.637560794995952288417900024341398776230898734350856862410061,0.637560794995952288417900024341398776230898734350856862410062,0.0028851517134758651,0.002885151713475865074040301634409763744527008360114784468586,0.002885151713475865074040301634409763744527008360114784468587,True,interior,True,False,equally_weighted_Pauli_axes,False
309/2000,0.1545,477481/1000000,522519/1000000,1/3,0.56983023802035789,0.63413205388972661,0.634132053889726607256402977440066813206154560581893172212362,0.634132053889726607256402977440066813206154560581893172212363,0.63701155435829475,0.637011554358294752633123267172965142201818142848500583700263,0.637011554358294752633123267172965142201818142848500583700264,0.0028795004685681454,0.002879500468568145376720289732898328995663582266607411487901,0.002879500468568145376720289732898328995663582266607411487902,True,interior,True,False,equally_weighted_Pauli_axes,False
31/200,0.155,4761/10000,5239/10000,1/3,0.57117994986187368,0.63359050248776457,0.633590502487764567435608777540960343609630934917883890253638,0.633590502487764567435608777540960343609630934917883890253639,0.63646433375624000,0.636464333756240001490421493458817834814427671612241243297682,0.636464333756240001490421493458817834814427671612241243297683,0.0028738312684754341,0.002873831268475434054812715917857491204796736694357353044043,0.002873831268475434054812715917857491204796736694357353044044,True,interior,True,False,equally_weighted_Pauli_axes,False
311/2000,0.1555,474721/1000000,525279/1000000,1/3,0.57252701294725568,0.63305097928384464,0.633050979283844639179092775910100338119976737676942206528626,0.633050979283844639179092775910100338119976737676942206528627,0.63591912365675916,0.635919123656759163215868709357101253525168838133536318275861,0.635919123656759163215868709357101253525168838133536318275862,0.0028681443729145240,0.002868144372914524036775933447000915405192100456594111747234,0.002868144372914524036775933447000915405192100456594111747235,True,interior,True,False,equally_weighted_Pauli_axes,False
39/250,0.156,7396/15625,8229/15625,1/3,0.57387143112679189,0.63251347455125911,0.632513474551259111128404585773629535704647357386568201647802,0.632513474551259111128404585773629535704647357386568201647803,0.63537591459047171,0.635375914590471708815992866355222016366210277441341687761021,0.635375914590471708815992866355222016366210277441341687761022,0.0028624400392125977,0.002862440039212597687588280581592480661562920054773486113219,0.002862440039212597687588280581592480661562920054773486113220,True,interior,True,False,equally_weighted_Pauli_axes,False
313/2000,0.1565,471969/1000000,528031/1000000,1/3,0.57521320823765773,0.63197797862878878,0.631977978628788783121439478503772182581887064832180388523782,0.631977978628788783121439478503772182581887064832180388523783,0.63483469715112154,0.634834697151121543424237002775948714001932998714404201581025,0.634834697151121543424237002775948714001932998714404201581026,0.0028567185223327603,0.002856718522332760302797524272176531420045933882223813057242,0.002856718522332760302797524272176531420045933882223813057243,True,interior,True,False,equally_weighted_Pauli_axes,False
157/1000,0.157,117649/250000,132351/250000,1/3,0.57655234810396745,0.63144448192015903,0.631444481920159031873431767874837477737680246971835721175718,0.631444481920159031873431767874837477737680246971835721175719,0.63429546199505829,0.634295461995058294099934876278308882995529560694348500448504,0.634295461995058294099934876278308882995529560694348500448505,0.0028509800748992622,0.002850980074899262226503108403471405257849313722512779272785,0.002850980074899262226503108403471405257849313722512779272786,True,interior,True,False,equally_weighted_Pauli_axes,False
63/400,0.1575,18769/40000,21231/40000,1/3,0.57788885453682531,0.63091297489350132,0.630912974893501320231919374233943300599597560835189419722345,0.630912974893501320231919374233943300599597560835189419722346,0.63375819984072373,0.633758199840723734098977702148074825942600045114634676184985,0.633758199840723734098977702148074825942600045114634676184986,0.0028452249472224139,0.002845224947222413867058327914131525343002484279445256462640,0.002845224947222413867058327914131525343002484279445256462641,True,interior,True,False,equally_weighted_Pauli_axes,False
79/500,0.158,29241/62500,33259/62500,1/3,0.57922273133437649,0.63038344808082009,0.630383448080820086606851765764758237934273158888335179844288,0.630383448080820086606851765764758237934273158888335179844289,0.63322290146814328,0.633222901468143284425797306358272749594408472300833335544155,0.633222901468143284425797306358272749594408472300833335544156,0.0028394533873231978,0.002839453387323197818945540593514511660135313412498155699867,0.002839453387323197818945540593514511660135313412498155699868,True,interior,True,False,equally_weighted_Pauli_axes,False
317/2000,0.1585,466489/1000000,533511/1000000,1/3,0.58055398228185771,0.62985589207746495,0.629855892077464952019995167832856797501340637590503597175182,0.629855892077464952019995167832856797501340637590503597175183,0.63268955771842253,0.632689557718422534255040339048829686608324391939558563288313,0.632689557718422534255040339048829686608324391939558563288314,0.0028336656409575822,0.002833665640957582235045171215972889106983754349054966113130,0.002833665640957582235045171215972889106983754349054966113131,True,interior,True,False,equally_weighted_Pauli_axes,False
159/1000,0.159,116281/250000,133719/250000,1/3,0.58188261115164761,0.62933029754160818,0.629330297541608183048182036231257478113327837700885627739167,0.629330297541608183048182036231257478113327837700885627739168,0.63215815949324872,0.632158159493248722578550275394851850982525599009182523627538,0.632158159493248722578550275394851850982525599009182523627539,0.0028278619516405395,0.002827861951640539530368239163594372869197761308296895888370,0.002827861951640539530368239163594372869197761308296895888371,True,interior,True,False,equally_weighted_Pauli_axes,False
319/2000,0.1595,463761/1000000,536239/1000000,1/3,0.58320862170331689,0.62880665519372735,0.628806655193727349752964855862492885504647643129878494937453,0.628806655193727349752964855862492885504647643129878494937454,0.63162869775439712,0.631628697754397124189197394895849840459210751924828342174200,0.631628697754397124189197394895849840459210751924828342174201,0.0028220425606697744,0.002822042560669774436232539033356954954563108794949847236747,0.002822042560669774436232539033356954954563108794949847236748,True,interior,True,False,equally_weighted_Pauli_axes,False
4/25,0.16,289/625,336/625,1/3,0.58453201768367815,0.62828495581609312,0.628284955816093118495072108657366915307517489795635901251521,0.628284955816093118495072108657366915307517489795635901251522,0.63110116352324228,0.631101163523242283857887018970448376163699774314372702869769,0.631101163523242283857887018970448376163699774314372702869770,0.0028162077071491654,0.002816207707149165362814910313081460856182284518736801618247,0.002816207707149165362814910313081460856182284518736801618248,True,interior,True,False,equally_weighted_Pauli_axes,False
321/2000,0.1605,461041/1000000,538959/1000000,1/3,0.58585280282683550,0.62776519025226212,0.627765190252262120325927789970012896663877014623186257096850,0.627765190252262120325927789970012896663877014623186257096851,0.63057554788027404,0.630575547880274043293914912974873319872674703627293507547335,0.630575547880274043293914912974873319872674703627293507547336,0.0028103576280119230,0.002810357628011922967987123004860423208797689004107250450484,0.002810357628011922967987123004860423208797689004107250450485,True,interior,True,False,equally_weighted_Pauli_axes,False
161/1000,0.161,114921/250000,135079/250000,1/3,0.58717098085423389,0.62724734940657484,0.627247349406574836430582532475134039623820429578179030758691,0.627247349406574836430582532475134039623820429578179030758692,0.63005184196461831,0.630051841964618306201904570692895266803399846621987104676676,0.630051841964618306201904570692895266803399846621987104676677,0.0028044925580434698,0.002804492558043469771322038217761227179579417043808073917985,0.002804492558043469771322038217761227179579417043808073917986,True,interior,True,False,equally_weighted_Pauli_axes,False
323/2000,0.1615,458329/1000000,541671/1000000,1/3,0.58848655547470824,0.62673142424365844,0.626731424243658442866908038435128615973232851256613387736962,0.626731424243658442866908038435128615973232851256613387736963,0.62953003697356249,0.629530036973562487461029544802816261485706612710007628767512,0.629530036973562487461029544802816261485706612710007628767513,0.0027986127299040446,0.002798612729904044594121506367687645512473761453394241030549,0.002798612729904044594121506367687645512473761453394241030550,True,interior,True,False,equally_weighted_Pauli_axes,False
81/500,0.162,28561/62500,33939/62500,1/3,0.58979953038453225,0.62621740578793456,0.626217405787934557605017439806718214765187912097175333941313,0.626217405787934557605017439806718214765187912097175333941314,0.62901012416208559,0.629010124162085593154267375613463657561507279538742106172363,0.629010124162085593154267375613463657561507279538742106172364,0.0027927183741510355,0.002792718374151035549249935806745442796319367441566772231049,0.002792718374151035549249935806745442796319367441566772231050,True,interior,True,False,equally_weighted_Pauli_axes,False
13/80,0.1625,729/1600,871/1600,1/3,0.59110990926746700,0.62570528512313183,0.625705285123131833618779281674715842100787068709156857896132,0.625705285123131833618779281674715842100787068709156857896133,0.62849209484239288,0.628492094842392878867219235373377669589986376209460696340729,0.628492094842392878867219235373377669589986376209460696340730,0.0027868097192610452,0.002786809719261045248439953698661827489199307500303838444596,0.002786809719261045248439953698661827489199307500303838444597,True,interior,True,False,equally_weighted_Pauli_axes,False
163/1000,0.163,113569/250000,136431/250000,1/3,0.59241769579480930,0.62519505339180334,0.625195053391803342518175572029750179360046540904632391300104,0.625195053391803342518175572029750179360046540904632391300105,0.62797594038345503,0.627975940383455034357727362532610897443914592093543416345426,0.627975940383455034357727362532610897443914592093543416345427,0.0027808869916516918,0.002780886991651691839551790502860718083868051188911025045321,0.002780886991651691839551790502860718083868051188911025045322,True,interior,True,False,equally_weighted_Pauli_axes,False
327/2000,0.1635,452929/1000000,547071/1000000,1/3,0.59372289362543977,0.62468670179484869,0.624686701794848693937294973534316265773121023043518477042864,0.624686701794848693937294973534316265773121023043518477042865,0.62746165221055184,0.627461652210551843369293966835293788735925366235424970857050,0.627461652210551843369293966835293788735925366235424970857051,0.0027749504157031494,0.002774950415703149431998993300977522962804343191906493814186,0.002774950415703149431998993300977522962804343191906493814187,True,interior,True,False,equally_weighted_Pauli_axes,False
41/250,0.164,7056/15625,8569/15625,1/3,0.59502550640587070,0.62418022159104084,0.624180221591040836608127708378224870987553910090631065063034,0.624180221591040836608127708378224870987553910090631065063035,0.62694922180482027,0.626949221804820268023310898280374625707697335177562206704173,0.626949221804820268023310898280374625707697335177562206704174,0.0027690002137794314,0.002769000213779431415183189902149754720143425086931141641139,0.002769000213779431415183189902149754720143425086931141641140,True,interior,True,False,equally_weighted_Pauli_axes,False
329/2000,0.1645,450241/1000000,549759/1000000,1/3,0.59632553777029365,0.62367560409655749,0.623675604096557487755212910766395506273473656749037649140496,0.623675604096557487755212910766395506273473656749037649140497,0.62643864070280691,0.626438640702806907877506502071871699191921454732275832068522,0.626438640702806907877506502071871699191921454732275832068523,0.0027630366062494201,0.002763036606249420122293591305476192918447797983238182928025,0.002763036606249420122293591305476192918447797983238182928026,True,interior,True,False,equally_weighted_Pauli_axes,False
33/200,0.165,4489/10000,5511/10000,1/3,0.59762299134062680,0.62317284068451714,0.623172840684517138140752687533425224705264723915243852594629,0.623172840684517138140752687533425224705264723915243852594630,0.62592990049602478,0.625929900496024784380959448955037090698249601741138075400055,0.625929900496024784380959448955037090698249601741138075400056,0.0027570598115076462,0.002757059811507646240206761421611865992984877825894222805425,0.002757059811507646240206761421611865992984877825894222805426,True,interior,True,False,equally_weighted_Pauli_axes,False
331/2000,0.1655,447561/1000000,552439/1000000,1/3,0.59891787072656210,0.62267192278451958,0.622671922784519580774217680368428221376685551906860369662401,0.622671922784519580774217680368428221376685551906860369662402,0.62542299283051440,0.625422992830514402089670920895948311158386666428745106577839,0.625422992830514402089670920895948311158386666428745106577840,0.0027510700459948213,0.002751070045994821315453240527520089781701114521884736915437,0.002751070045994821315453240527520089781701114521884736915438,True,interior,True,False,equally_weighted_Pauli_axes,False
83/500,0.166,27889/62500,34611/62500,1/3,0.60021017952561209,0.62217284188219091,0.622172841882190911974891117048478032642067807654793234105030,0.622172841882190911974891117048478032642067807654793234105031,0.62491790940640904,0.624917909406409038631175647535583602327709642120491834216087,0.624917909406409038631175647535583602327709642120491834216088,0.0027450675242181267,0.002745067524218126656284530487105569685641834465698600111056,0.002745067524218126656284530487105569685641834465698600111057,True,interior,True,False,equally_weighted_Pauli_axes,False
333/2000,0.1665,444889/1000000,555111/1000000,1/3,0.60149992132315660,0.62167558951873295,0.621675589518732954140393915275352275453129221700099861186688,0.621675589518732954140393915275352275453129221700099861186689,0.62441464197750422,0.624414641977504216022155598998212403908444454288362547572552,0.624414641977504216022155598998212403908444454288362547572553,0.0027390524587712619,0.002739052458771261881761683722860128455315232588262686385864,0.002739052458771261881761683722860128455315232588262686385865,True,interior,True,False,equally_weighted_Pauli_axes,False
167/1000,0.167,110889/250000,139111/250000,1/3,0.60278709969248912,0.62118015729047705,0.621180157290477050229161206897696003416346766890064700983991,0.621180157290477050229161206897696003416346766890064700983992,0.62391318235083131,0.623913182350831306549641733888818219366152677603362009183119,0.623913182350831306549641733888818219366152677603362009183120,0.0027330250603542563,0.002733025060354256320480526991122215949805910713297308199128,0.002733025060354256320480526991122215949805910713297308199129,True,interior,True,False,equally_weighted_Pauli_axes,False
67/400,0.1675,17689/40000,22311/40000,1/3,0.60407171819486295,0.62068653684844218,0.620686536848442180610256708235129099539138813609205970853351,0.620686536848442180610256708235129099539138813609205970853352,0.62341352238623523,0.623413522386235227024290634256435809828232890617807260308774,0.623413522386235227024290634256435809828232890617807260308775,0.0027269855377930464,0.002726985537793046414033926021306710289094077008601289455423,0.002726985537793046414033926021306710289094077008601289455424,True,interior,True,False,equally_weighted_Pauli_axes,False
21/125,0.168,6889/15625,8736/15625,1/3,0.60535378037953718,0.62019471989789735,0.620194719897897353569968934230662542564636064367973901861002,0.620194719897897353569968934230662542564636064367973901861003,0.62291565399595618,0.622915653995956175803543205117477923066152023119945784667122,0.622915653995956175803543205117477923066152023119945784667123,0.0027209340980588222,0.002720934098058822233574270886815380501515958751971882806120,0.002720934098058822233574270886815380501515958751971882806121,True,interior,True,False,equally_weighted_Pauli_axes,False
337/2000,0.1685,439569/1000000,560431/1000000,1/3,0.60663328978382232,0.61970469819792822,0.619704698197928221391482888529717871646331880397919494137985,0.619704698197928221391482888529717871646331880397919494137986,0.62241956914421537,0.622419569144215367563348512072887237475067529935089296393009,0.622419569144215367563348512072887237475067529935089296393010,0.0027148709462871462,0.002714870946287146171865623543169365828735649537169802255024,0.002714870946287146171865623543169365828735649537169802255025,True,interior,True,False,equally_weighted_Pauli_axes,False
169/1000,0.169,109561/250000,140439/250000,1/3,0.60791024993312582,0.61921646356100787,0.619216463561007874541710446833988416075250082037245132760817,0.619216463561007874541710446833988416075250082037245132760818,0.62192525984680472,0.621925259846804721369701524395061641744012409585366496360371,0.621925259846804721369701524395061641744012409585366496360372,0.0027087962857968468,0.002708796285796846827991077561073225668762327548121363599554,0.002708796285796846827991077561073225668762327548121363599555,True,interior,True,False,equally_weighted_Pauli_axes,False
339/2000,0.1695,436921/1000000,563079/1000000,1/3,0.60918466434099729,0.61873000785257177,0.618730007852571767108237466932905744031929396940465147694443,0.618730007852571767108237466932905744031929396940465147694444,0.62143271817068046,0.621432718170680458165630926530496894179867987570835328488344,0.621432718170680458165630926530496894179867987570835328488345,0.0027027103181086911,0.002702710318108691057393459597591150147938590630370180793900,0.002702710318108691057393459597591150147938590630370180793901,True,interior,True,False,equally_weighted_Pauli_axes,False
17/100,0.17,1089/2500,1411/2500,1/3,0.61045653650917348,0.61824532299059673,0.618245322990596727229448427127922821834266609832700952088712,0.618245322990596727229448427127922821834266609832700952088713,0.62094193623356056,0.620941936233560564345611862709068860307470533317319049206089,0.620941936233560564345611862709068860307470533317319049206090,0.0026966132429638371,0.002696613242963837116163435581146038473203923484618097117377,0.002696613242963837116163435581146038473203923484618097117378,True,interior,True,False,equally_weighted_Pauli_axes,False
341/2000,0.1705,434281/1000000,565719/1000000,1/3,0.61172586992762309,0.61776240094518401,0.617762400945184006852360327390048279198097058395754834821381,0.617762400945184006852360327390048279198097058395754834821382,0.62045290620352608,0.620452906203526078637795835998415798288450297478182374699989,0.620452906203526078637795835998415798288450297478182374699990,0.0026905052583420718,0.002690505258342071785435508608367519090353239082427539878607,0.002690505258342071785435508608367519090353239082427539878608,True,interior,True,False,equally_weighted_Pauli_axes,False
171/1000,0.171,108241/250000,141759/250000,1/3,0.61299266807459129,0.61728123373814633,0.617281233738146325735674435242022317646881045018613549482597,0.617281233738146325735674435242022317646881045018613549482598,0.61996562029862616,0.619965620298626160055071130462319162786868204039678483313767,0.619965620298626160055071130462319162786868204039678483313768,0.0026843865604798343,0.002684386560479834319396695220296845139987159021064933831170,0.002684386560479834319396695220296845139987159021064933831171,True,interior,True,False,equally_weighted_Pauli_axes,False
343/2000,0.1715,431649/1000000,568351/1000000,1/3,0.61425693441664407,0.61680181344259887,0.616801813442598865190172557465453040873873052356228908512492,0.616801813442598865190172557465453040873873052356228908512493,0.61948007078648690,0.619480070786486895208915027773873241463963082969211127694969,0.619480070786486895208915027773873241463963082969211127694970,0.0026782573438880300,0.002678257343888030018742470308420200590090030612982219182477,0.002678257343888030018742470308420200590090030612982219182478,True,interior,True,False,equally_weighted_Pauli_axes,False
43/250,0.172,6724/15625,8901/15625,1/3,0.61551867240871232,0.61632413218255417,0.616324132182554167614976837539571507707452644171870044539115,0.616324132182554167614976837539571507707452644171870044539116,0.61899624998392380,0.618996249983923803805394582352302958164449709158867991282121,0.618996249983923803805394582352302958164449709158867991282122,0.0026721178013696362,0.002672117801369636190417744812731450456997064986997946743005,0.002672117801369636190417744812731450456997064986997946743006,True,interior,True,False,equally_weighted_Pauli_axes,False
69/400,0.1725,17161/40000,22839/40000,1/3,0.61677788549413574,0.61584818213252090,0.615848182132520898446489262404961340919389084224206312643065,0.615848182132520898446489262404961340919389084224206312643066,0.61851415025655800,0.618514150256558001660634546636760441736455146880374154095884,0.618514150256558001660634546636760441736455146880374154095885,0.0026659681240371032,0.002665968124037103214145284231799100817066062656167841452819,0.002665968124037103214145284231799100817066062656167841452820,True,interior,True,False,equally_weighted_Pauli_axes,False
173/1000,0.173,106929/250000,143071/250000,1/3,0.61803457710470644,0.61537395551710643,0.615373955517106427687157477044949828032691977867487645664330,0.615373955517106427687157477044949828032691977867487645664331,0.61803376401843598,0.618033764018435981083715894796172923634062260315938665825848,0.618033764018435981083715894796172923634062260315938665825849,0.0026598085013295534,0.002659808501329553396558417751223095601370282448451020161517,0.002659808501329553396558417751223095601370282448451020161518,True,interior,True,False,equally_weighted_Pauli_axes,False
347/2000,0.1735,426409/1000000,573591/1000000,1/3,0.61928875066071244,0.61490144461062319,0.614901444610623188723703282266876738543100952895578134118827,0.614901444610623188723703282266876738543100952895578134118828,0.61755508373165297,0.617555083731652968978410961397687825128781650173323546949259,0.617555083731652968978410961397687825128781650173323546949260,0.0026536391210297803,0.002653639121029780254707679130811086585680697277745412830431,0.002653639121029780254707679130811086585680697277745412830432,True,interior,True,False,equally_weighted_Pauli_axes,False
87/500,0.174,26569/62500,35931/62500,1/3,0.62054040957098085,0.61443064173669877,0.614430641736698772679223267574273254989217493910197342378579,0.614430641736698772679223267574273254989217493910197342378580,0.61707810190597982,0.617078101905979823511514199577849792160399642420454112649416,0.617078101905979823511514199577849792160399642420454112649417,0.0026474601692810508,0.002647460169281050832290932003576537171182148510256770270837,0.002647460169281050832290932003576537171182148510256770270838,True,interior,True,False,equally_weighted_Pauli_axes,False
349/2000,0.1745,423801/1000000,576199/1000000,1/3,0.62178955723292086,0.61396153926788972,0.613961539267889717070749193165868245656679059776417913946431,0.613961539267889717070749193165868245656679059776417913946432,0.61660281109849343,0.616602811098493430684901742219534526424653241591091792288784,0.616602811098493430684901742219534526424653241591091792288785,0.0026412718306037136,0.002641271830603713614152549053666280767974181814673878342353,0.002641271830603713614152549053666280767974181814673878342354,True,interior,True,False,equally_weighted_Pauli_axes,False
7/40,0.175,169/400,231/400,1/3,0.62303619703256656,0.61349412962529895,0.613494129625298948063558657968064866905369386618595873025310,0.613494129625298948063558657968064866905369386618595873025311,0.61612920391321056,0.616129203913210562630957189816028345761839420684431278118607,0.616129203913210562630957189816028345761839420684431278118608,0.0026350742879116146,0.002635074287911614567398531847963478856470034065835405093296,0.002635074287911614567398531847963478856470034065835405093297,True,interior,True,False,equally_weighted_Pauli_axes,False
351/2000,0.1755,421201/1000000,578799/1000000,1/3,0.62428033234461950,0.61302840527819684,0.613028405278196836125871878220027307359616316808934017030774,0.613028405278196836125871878220027307359616316808934017030775,0.61565727300072516,0.615657273000725159926742355056504857183880914782917786802430,0.615657273000725159926742355056504857183880914782917786802431,0.0026288677225283238,0.002628867722528323800870476836477549824264597973983769771656,0.002628867722528323800870476836477549824264597973983769771657,True,interior,True,False,equally_weighted_Pauli_axes,False
22/125,0.176,6561/15625,9064/15625,1/3,0.62552196653249101,0.61256435874364583,0.612564358743645825392673625466210567219816167623048611685080,0.612564358743645825392673625466210567219816167623048611685081,0.61518701105784900,0.615187011057849000691375241133918147064516139291877730879199,0.615187011057849000691375241133918147064516139291877730879200,0.0026226523142031753,0.002622652314203175298701615667707579844699971668829119194119,0.002622652314203175298701615667707579844699971668829119194120,True,interior,True,False,equally_weighted_Pauli_axes,False
353/2000,0.1765,418609/1000000,581391/1000000,1/3,0.62676110294834439,0.61210198258612860,0.612101982586128597545374112060352172059680503915828938396856,0.612101982586128597545374112060352172059680503915828938396857,0.61471841082725572,0.614718410827255719693606696389609690594800052643127299464478,0.614718410827255719693606696389609690594800052643127299464479,0.0026164282411271221,0.002616428241127122148232584329257518535119548727298361067622,0.002616428241127122148232584329257518535119548727298361067623,True,interior,True,False,equally_weighted_Pauli_axes,False
177/1000,0.177,104329/250000,145671/250000,1/3,0.62799774493313680,0.61164126941717973,0.611641269417179731504980488311657089187744895684965160465759,0.611641269417179731504980488311657089187744895684965160465760,0.61425146509712814,0.614251465097128141152663587215864877858170158194101267844872,0.614251465097128141152663587215864877858170158194101267844873,0.0026101956799484096,0.002610195679948409647683098904207788670425262509136107379112,0.002610195679948409647683098904207788670425262509136107379113,True,interior,True,False,equally_weighted_Pauli_axes,False
71/400,0.1775,16641/40000,23359/40000,1/3,0.62923189581666102,0.61118221189502082,0.611182211895020820720501330449310650089390553961906033681908,0.611182211895020820720501330449310650089390553961906033681909,0.61378616670080889,0.613786166700808889365149848948737020150282215269433132744445,0.613786166700808889365149848948737020150282215269433132744446,0.0026039548057880686,0.002603954805788068644648518499426370060891661307527099062536,0.002603954805788068644648518499426370060891661307527099062537,True,interior,True,False,equally_weighted_Pauli_axes,False
89/500,0.178,25921/62500,36579/62500,1/3,0.63046355891758693,0.61072480272419901,0.610724802724199010311557871222410475804381177143087001732617,0.610724802724199010311557871222410475804381177143087001732618,0.61332250851645424,0.613322508516454241734265597463267580624527604240086722570474,0.613322508516454241734265597463267580624527604240086722570475,0.0025977057922552314,0.002597705792255231422707726240857104820146427096999720837857,0.002597705792255231422707726240857104820146427096999720837858,True,interior,True,False,equally_weighted_Pauli_axes,False
357/2000,0.1785,413449/1000000,586551/1000000,1/3,0.63169273754350283,0.61026903465522892,0.610269034655228916794733725331463836704594604118198214304963,0.610269034655228916794733725331463836704594604118198214304964,0.61286048346669119,0.612860483466691189214915132297436157833731966350050068731948,0.612860483466691189214915132297436157833731966350050068731949,0.0025914488114622724,0.002591448811462272420181406965972321129137362231851854426985,0.002591448811462272420181406965972321129137362231851854426986,True,interior,True,False,equally_weighted_Pauli_axes,False
179/1000,0.179,103041/250000,146959/250000,1/3,0.63291943499095653,0.60981490048423789,0.609814900484237893587163646230267710260188932237526544000493,0.609814900484237893587163646230267710260188932237526544000494,0.61240008451827767,0.612400084518277669619522019463584711590850251712190232224586,0.612400084518277669619522019463584711590850251712190232224587,0.0025851840340397760,0.002585184034039776032358373233317001330661319474663688224092,0.002585184034039776032358373233317001330661319474663688224093,True,interior,True,False,equally_weighted_Pauli_axes,False
359/2000,0.1795,410881/1000000,589119/1000000,1/3,0.63414365454549627,0.60936239305261461,0.609362393052614605938343795271844366738189486240947218865801,0.609362393052614605938343795271844366738189486240947218865802,0.61194130468176594,0.611941304681765939654646787059364317530438661204925223712636,0.611941304681765939654646787059364317530438661204925223712637,0.0025789116291513337,0.002578911629151333716302991787519950792249174963978004846835,0.002578911629151333716302991787519950792249174963978004846836,True,interior,True,False,equally_weighted_Pauli_axes,False
9/50,0.18,256/625,369/625,1/3,0.63536539948171136,0.60891150524666088,0.608911505246660879392241737868793159352918439992943208611253,0.608911505246660879392241737868793159352918439992943208611254,0.61148413701116905,0.611484137011169051977901801683651388539795976111748645654392,0.611484137011169051977901801683651388539795976111748645654393,0.0025726317645081726,0.002572631764508172585660063814858229186877536118805437043138,0.002572631764508172585660063814858229186877536118805437043139,True,interior,True,False,equally_weighted_Pauli_axes,False
361/2000,0.1805,408321/1000000,591679/1000000,1/3,0.63658467306327270,0.60846222999724679,0.608462229997246786326592818978422005238214384246516829579895,0.608462229997246786326592818978422005238214384246516829579896,0.61102857460363040,0.611028574603630403978268773739595780038298993061502218936633,0.611028574603630403978268773739595780038298993061502218936634,0.0025663446063836177,0.002566344606383617651675954761173774800084608814985389356737,0.002566344606383617651675954761173774800084608814985389356738,True,interior,True,False,equally_weighted_Pauli_axes,False
181/1000,0.181,101761/250000,148239/250000,1/3,0.63780147854297307,0.60801456027946894,0.608014560279468935554887943817593830598311262882225309328189,0.608014560279468935554887943817593830598311262882225309328190,0.61057461059909633,0.610574610599096325390835701564257931947326643027372256995832,0.610574610599096325390835701564257931947326643027372256995833,0.0025600503196273898,0.002560050319627389835947757746664101349015380145146947667642,0.002560050319627389835947757746664101349015380145146947667643,True,interior,True,False,equally_weighted_Pauli_axes,False
363/2000,0.1815,405769/1000000,594231/1000000,1/3,0.63901581916276719,0.60756848911231193,0.607568489112311930409081679781617554969959896876685393782127,0.607568489112311930409081679781617554969959896876685393782128,0.61012223817999167,0.610122238179991672259269053778367590371424740441579731789978,0.610122238179991672259269053778367590371424740441579731789979,0.0025537490676797419,0.002553749067679741850187373996750035401464843564894338007851,0.002553749067679741850187373996750035401464843564894338007852,True,interior,True,False,equally_weighted_Pauli_axes,False
91/500,0.182,25281/62500,37219/62500,1/3,0.64022769815381160,0.60712400955831296,0.607124009558312961147572961669289612717387797864689554799011,0.607124009558312961147572961669289612717387797864689554799012,0.60967145057089840,0.609671450570898395156109288647588567493742964969447142718702,0.609671450570898395156109288647588567493742964969447142718703,0.0025474410125854340,0.002547441012585434008536326978298954776355167104757587919690,0.002547441012585434008536326978298954776355167104757587919691,True,interior,True,False,equally_weighted_Pauli_axes,False
73/400,0.1825,16129/40000,23871/40000,1/3,0.64143711873650438,0.60668111472322950,0.606681114723229497953625893092069144486108041558550987146666,0.606681114723229497953625893092069144486108041558550987146667,0.60922224103823705,0.609222241038237049962307664236708081317523934920183337336291,0.609222241038237049962307664236708081317523934920183337336292,0.0025411263150075520,0.002541126315007552008681771144638936831415893361632350189624,0.002541126315007552008681771144638936831415893361632350189625,True,interior,True,False,equally_weighted_Pauli_axes,False
183/1000,0.183,100489/250000,149511/250000,1/3,0.64264408412052462,0.60623979775571005,0.606239797755710051204195999309782193067366926642624649950609,0.606239797755710051204195999309782193067366926642624649950610,0.60877460288995122,0.608774602889951219893392538911109292372636532301364356750228,0.608774602889951219893392538911109292372636532301364356750229,0.0025348051342411687,0.002534805134241168689196539601327099305269605658739706799618,0.002534805134241168689196539601327099305269605658739706799619,True,interior,True,False,equally_weighted_Pauli_axes,False
367/2000,0.1835,400689/1000000,599311/1000000,1/3,0.64384859750487169,0.60580005184696797,0.605800051846967966098197074738462897531819608082444008486799,0.605800051846967966098197074738462897531819608082444008486800,0.60832852947519482,0.608328529475194817840345448751245656929772504273115197541255,0.608328529475194817840345448751245656929772504273115197541256,0.0025284776282268517,0.002528477628226851742148374012782759397952896190671189054455,0.002528477628226851742148374012782759397952896190671189054456,True,interior,True,False,equally_weighted_Pauli_axes,False
23/125,0.184,6241/15625,9384/15625,1/3,0.64505066207790438,0.60536187023045822,0.605361870230458219136673251364282131798312389087714465294699,0.605361870230458219136673251364282131798312389087714465294700,0.60788401418402224,0.607884014184022238468761267630969001454791732327756763246002,0.607884014184022238468761267630969001454791732327756763246003,0.0025221439535640193,0.002522143953564019332088016266686869656479343240042297951302,0.002522143953564019332088016266686869656479343240042297951303,True,interior,True,False,equally_weighted_Pauli_axes,False
369/2000,0.1845,398161/1000000,601839/1000000,1/3,0.64625028101737977,0.60492524618155718,0.604925246181557184345216384539001036493537343817058901161305,0.604925246181557184345216384539001036493537343817058901161306,0.60744105044708133,0.607441050447081329890241463203052814178301408423744263453382,0.607441050447081329890241463203052814178301408423744263453383,0.0025158042655241455,0.002515804265524145545025078664051777684764064606685362292077,0.002515804265524145545025078664051777684764064606685362292078,True,interior,True,False,equally_weighted_Pauli_axes,False
37/200,0.185,3969/10000,6031/10000,1/3,0.64744745749049195,0.60449017301724534,0.604490173017245337521375152393718414966509324177289834351017,0.604490173017245337521375152393718414966509324177289834351018,0.60699963173530916,0.606999631735309155085302303399161311506563747183438837844835,0.606999631735309155085302303399161311506563747183438837844836,0.0025094587180638176,0.002509458718063817563927151005442896540054423006149003493817,0.002509458718063817563927151005442896540054423006149003493818,True,interior,True,False,equally_weighted_Pauli_axes,False
371/2000,0.1855,395641/1000000,604359/1000000,1/3,0.64864219465391056,0.60405664409579287,0.604056644095792867176822813194335709724915136639971206895367,0.604056644095792867176822813194335709724915136639971206895368,0.60655975155963051,0.606559751559630513617447002037778317697721720417404248318715,0.606559751559630513617447002037778317697721720417404248318716,0.0025031074638376464,0.002503107463837646440624188843442607972806583777433041423348,0.002503107463837646440624188843442607972806583777433041423349,True,interior,True,False,equally_weighted_Pauli_axes,False
93/500,0.186,24649/62500,37851/62500,1/3,0.64983449565381908,0.60362465281644816,0.603624652816448161225767382733033728380958517776206477767177,0.603624652816448161225767382733033728380958517776206477767178,0.60612140347065919,0.606121403470659194533527113970615774476127145644148935361896,0.606121403470659194533527113970615774476127145644148935361897,0.0024967506542110333,0.002496750654211033307759731237582046095168627867942457594719,0.002496750654211033307759731237582046095168627867942457594720,True,interior,True,False,equally_weighted_Pauli_axes,False
373/2000,0.1865,393129/1000000,606871/1000000,1/3,0.65102436362595301,0.60319419261912914,0.603194192619129138847581730717810940447897400276092850329698,0.603194192619129138847581730717810940447897400276092850329699,0.60568458105840193,0.605684581058401931696177654426202575820967256975956262515291,0.605684581058401931696177654426202575820967256975956262515292,0.0024903884392727928,0.002490388439272792848595923708391635373069856699863412185593,0.002490388439272792848595923708391635373069856699863412185594,True,interior,True,False,equally_weighted_Pauli_axes,False
187/1000,0.187,97969/250000,152031/250000,1/3,0.65221180169563778,0.60276525698411740,0.602765256984117397322981053550243810646264425584583754818231,0.602765256984117397322981053550243810646264425584583754818232,0.60524927795196503,0.605249277951965033140024860069390774404446106091979162951002,0.605249277951965033140024860069390774404446106091979162951003,0.0024840209678476358,0.002484020967847635817043806519146963758181680507395408132771,0.002484020967847635817043806519146963758181680507395408132772,True,interior,True,False,equally_weighted_Pauli_axes,False
3/16,0.1875,25/64,39/64,1/3,0.65339681297782654,0.60233783943175514,0.602337839431755144009359340888732001959028843847965883673496,0.602337839431755144009359340888732001959028843847965883673497,0.60481548781926366,0.604815487819263656384606470679532862334415201438665809589325,0.604815487819263656384606470679532862334415201438665809589326,0.0024776483875085124,0.002477648387508512375247129790800860375386357590699925915829,0.002477648387508512375247129790800860375386357590699925915830,True,interior,True,False,equally_weighted_Pauli_axes,False
47/250,0.188,6084/15625,9541/15625,1/3,0.65457940057713776,0.60191193352214488,0.601911933522144883982191496576539726903079306036217607206289,0.601911933522144883982191496576539726903079306036217607206290,0.60438320436673370,0.604383204366733701973581955325013783494363390224137613910582,0.604383204366733701973581955325013783494363390224137613910583,0.0024712708445888180,0.002471270844588817991390458748474056591284084187920006704293,0.002471270844588817991390458748474056591284084187920006704294,True,interior,True,False,equally_weighted_Pauli_axes,False
377/2000,0.1885,388129/1000000,611871/1000000,1/3,0.65575956758789257,0.60148753285485183,0.601487532854851834225789107594349745602590569020822833485157,0.601487532854851834225789107594349745602590569020822833485158,0.60395242133904630,0.603952421339046297841913146823902849413671447507599142787593,0.603952421339046297841913146823902849413671447507599142787594,0.0024648884841944636,0.002464888484194463616124039229553103811080878486776309302435,0.002464888484194463616124039229553103811080878486776309302436,True,interior,True,False,equally_weighted_Pauli_axes,False
189/1000,0.189,96721/250000,153279/250000,1/3,0.65693731709415199,0.60106463106860904,0.601064631068609035608239632614775290439453210095040740125744,0.601064631068609035608239632614775290439453210095040740125745,0.60352313251882485,0.603523132518824847440332061449663395616598000035098582059896,0.603523132518824847440332061449663395616598000035098582059897,0.0024585014502158118,0.002458501450215811832092428834888105177144789940057841934151,0.002458501450215811832092428834888105177144789940057841934152,True,interior,True,False,equally_weighted_Pauli_axes,False
379/2000,0.1895,385641/1000000,614359/1000000,1/3,0.65811265216975398,0.60064322184102513,0.600643221841025134222133930281658750790112830470529351902184,0.600643221841025134222133930281658750790112830470529351902185,0.60309533172636461,0.603095331726364614869648932853627068787189423067558904885153,0.603095331726364614869648932853627068787189423067558904885154,0.0024521098853394806,0.002452109885339480647515002571968317997076592597029552982968,0.002452109885339480647515002571968317997076592597029552982969,True,interior,True,False,equally_weighted_Pauli_axes,False
19/100,0.19,961/2500,1539/2500,1/3,0.65928557587835023,0.60022329888829480,0.600223298888294804014767285344764404425739181120535649842918,0.600223298888294804014767285344764404425739181120535649842919,0.60266901281935482,0.602669012819354820596355252785086278051240848645131628492146,0.602669012819354820596355252785086278051240848645131628492147,0.0024457139310600166,0.002445713931060016581587967440321873625501667524595978649228,0.002445713931060016581587967440321873625501667524595978649229,True,interior,True,False,equally_weighted_Pauli_axes,False
381/2000,0.1905,383161/1000000,616839/1000000,1/3,0.66045609127344288,0.59980485596491178,0.599804855964911782968954951889388371736568215312695005839463,0.599804855964911782968954951889388371736568215312695005839464,0.60224416969260322,0.602244169692603221635608385829186787729301344229730028118187,0.602244169692603221635608385829186787729301344229730028118188,0.0024393137276914387,0.002439313727691438666653433939798415992733128917035022278723,0.002439313727691438666653433939798415992733128917035022278724,True,interior,True,False,equally_weighted_Pauli_axes,False
191/1000,0.191,95481/250000,154519/250000,1/3,0.66162420139842098,0.59938788686338450,0.599387886863384495428504086888453035686436398583229439025152,0.599387886863384495428504086888453035686436398583229439025153,0.60182079627776315,0.601820796277763150398109556304931851091586840400599962768311,0.601820796277763150398109556304931851091586840400599962768312,0.0024329094143786550,0.002432909414378654969605469416478815405150441817370523743159,0.002432909414378654969605469416478815405150441817370523743160,True,interior,True,False,equally_weighted_Pauli_axes,False
383/2000,0.1915,380689/1000000,619311/1000000,1/3,0.66278990928659676,0.59897238541395423,0.598972385413954233490798021008861206300444682977740113153099,0.598972385413954233490798021008861206300444682977740113153100,0.60139888654306299,0.601398886543062986703668102510640642979766247461521671492707,0.601398886543062986703668102510640642979766247461521671492708,0.0024265011291087532,0.002426501129108753212870081501779436679321564483781558339607,0.002426501129108753212870081501779436679321564483781558339608,True,interior,True,False,equally_weighted_Pauli_axes,False
24/125,0.192,5929/15625,9696/15625,1/3,0.66395321796124180,0.59855834548431587,0.598558345484315870712943211433385174930342998545606865549655,0.598558345484315870712943211433385174930342998545606865549656,0.60097843449303804,0.600978434493038037766443249506917410787638661419509952645763,0.600978434493038037766443249506917410787638661419509952645764,0.0024200890087221671,0.002420089008722167053500038073532235857295662873903087096108,0.002420089008722167053500038073532235857295662873903087096109,True,interior,True,False,equally_weighted_Pauli_axes,False
77/400,0.1925,15129/40000,24871/40000,1/3,0.66511413043562297,0.59814576097934108,0.598145760979341081697569945510178863817707809894362630124942,0.598145760979341081697569945510178863817707809894362630124943,0.60055943416826480,0.600559434168264801255030660470258016104681674157137916237614,0.600559434168264801255030660470258016104681674157137916237615,0.0024136731889237196,0.002413673188923719557460714960079152286973864262775286112671,0.002413673188923719557460714960079152286973864262775286112672,True,interior,True,False,equally_weighted_Pauli_axes,False
193/1000,0.193,94249/250000,155751/250000,1/3,0.66627264971303816,0.59773462584080404,0.597734625840804041439729833821912265313051119827566767419016,0.597734625840804041439729833821912265313051119827566767419017,0.60014187964509759,0.600141879645097586824774100970967191607642643864820648406605,0.600141879645097586824774100970967191607642643864820648406606,0.0024072538042935454,0.002407253804293545385044267149054926294591524037253880987588,0.002407253804293545385044267149054926294591524037253880987589,True,interior,True,False,equally_weighted_Pauli_axes,False
387/2000,0.1935,375769/1000000,624231/1000000,1/3,0.66742877878685196,0.59732493404710958,0.597324934047109578627460203038151027989729824554817869011274,0.597324934047109578627460203038151027989729824554817869011275,0.59972576503540747,0.599725765035407471809991139085695158054068168748977400353883,0.599725765035407471809991139085695158054068168748977400353884,0.0024008309882978932,0.002400830988297893182530936047544130064338344194159531342608,0.002400830988297893182530936047544130064338344194159531342609,True,interior,True,False,equally_weighted_Pauli_axes,False
97/500,0.194,23409/62500,39091/62500,1/3,0.66858252064053098,0.59691667961302376,0.596916679613023757395550484664595609164272241097587242811490,0.596916679613023757395550484664595609164272241097587242811491,0.59931108448632357,0.599311084486323567050263408962273359577875705929145664722494,0.599311084486323567050263408962273359577875705929145664722495,0.0023944048732998097,0.002394404873299809654712924297677750413603464831558421911004,0.002394404873299809654712924297677750413603464831558421911005,True,interior,True,False,equally_weighted_Pauli_axes,False
389/2000,0.1945,373321/1000000,626679/1000000,1/3,0.66973387824767919,0.59650985658940686,0.596509856589406862334910381844973972236899047783759092466521,0.596509856589406862334910381844973972236899047783759092466522,0.59889783217997657,0.598897832179976569107613158092201517633712155871066208426964,0.598897832179976569107613158092201517633712155871066208426965,0.0023879755905697068,0.002387975590569706772702776247227545396813108087307115960443,0.002387975590569706772702776247227545396813108087307115960444,True,interior,True,False,equally_weighted_Pauli_axes,False
39/200,0.195,3721/10000,6279/10000,1/3,0.67088285457207294,0.59610445906294876,0.596104459062948761858764761591369970225369151504509311294043,0.596104459062948761858764761591369970225369151504509311294044,0.59848600233324458,0.598486002333244575410324237148515547173398583299448240242189,0.598486002333244575410324237148515547173398583299448240242190,0.0023815432702958136,0.002381543270295813551559475557145576948029431794938928948145,0.002381543270295813551559475557145576948029431794938928948146,True,interior,True,False,equally_weighted_Pauli_axes,False
391/2000,0.1955,370881/1000000,629119/1000000,1/3,0.67202945256769588,0.59570048115590663,0.595700481155906625321745653567562971375175959805614558321259,0.595700481155906625321745653567562971375175959805614558321260,0.59807558919750114,0.598075589197501139134422136180593094244997938475086948800790,0.598075589197501139134422136180593094244997938475086948800791,0.0023751080415945138,0.002375108041594513812676482613030122869821978669472390479530,0.002375108041594513812676482613030122869821978669472390479531,True,interior,True,False,equally_weighted_Pauli_axes,False
49/250,0.196,5776/15625,9849/15625,1/3,0.67317367517877374,0.59529791702584497,0.595297917025844969578876256193705013806715306050454329465294,0.595297917025844969578876256193705013806715306050454329465295,0.59766658705836554,0.597666587058365540905458000693307875959151853224557162244880,0.597666587058365540905458000693307875959151853224557162244881,0.0023686700325205713,0.002368670032520571326581744499602862152436547174102832779586,0.002368670032520571326581744499602862152436547174102832779587,True,interior,True,False,equally_weighted_Pauli_axes,False
393/2000,0.1965,368449/1000000,631551/1000000,1/3,0.67431552533980880,0.59489676086537801,0.594896760865378010958503318973763686860242993996935180294347,0.594896760865378010958503318973763686860242993996935180294348,0.59725899023545525,0.597258990235455254671298787721977320845642270747476372633145,0.597258990235455254671298787721977320845642270747476372633146,0.0023622293700772437,0.002362229370077243712795468748213633985399276750541192338798,0.002362229370077243712795468748213633985399276750541192338799,True,interior,True,False,equally_weighted_Pauli_axes,False
197/1000,0.197,91809/250000,158191/250000,1/3,0.67545500597561440,0.59449700690191430,0.594497006901914298906489611275587218042473987756447264843502,0.594497006901914298906489611275587218042473987756447264843503,0.59685279308214059,0.596852793082140585361162006246605559251717453671943784600413,0.596852793082140585361162006246605559251717453671943784600414,0.0023557861802262865,0.002355786180226286454672394971018341209243465915496519756911,0.002355786180226286454672394971018341209243465915496519756912,True,interior,True,False,equally_weighted_Pauli_axes,False
79/400,0.1975,14641/40000,25359/40000,1/3,0.67659212000134909,0.59409864939740361,0.594098649397403607838483405695144927719332456802128812517335,0.594098649397403607838483405695144927719332456802128812517336,0.59644798998530146,0.596447989985301456207200152613033500628850463181711355299753,0.596447989985301456207200152613033500628850463181711355299754,0.0023493405878978484,0.002349340587897848368716746917888572909518006379582542782417,0.002349340587897848368716746917888572909518006379582542782418,True,interior,True,False,equally_weighted_Pauli_axes,False
99/500,0.198,22801/62500,39699/62500,1/3,0.67772687032255073,0.59370168264808606,0.593701682648086064012892096905444791390271557067331461264059,0.593701682648086064012892096905444791390271557067331461264060,0.59604457536508632,0.596044575365086323862587502741700027154778052804782865615505,0.596044575365086323862587502741700027154778052804782865615506,0.0023428927170002598,0.002342892717000259849695405836255235764506495737451404351446,0.002342892717000259849695405836255235764506495737451404351447,True,interior,True,False,equally_weighted_Pauli_axes,False
397/2000,0.1985,363609/1000000,636391/1000000,1/3,0.67885925983517039,0.59330610098424348,0.593306100984243484509356453671115933868277242132116936510851,0.593306100984243484509356453671115933868277242132116936510852,0.59564254367467320,0.595642543674673199704340054089311055911429429300835324657840,0.595642543674673199704340054089311055911429429300835324657841,0.0023364426904297152,0.002336442690429715194983600418195122043152187168718388146989,0.002336442690429715194983600418195122043152187168718388146990,True,interior,True,False,equally_weighted_Pauli_axes,False
199/1000,0.199,90601/250000,159399/250000,1/3,0.67998929142560606,0.59291189876995291,0.592911898769952905666103898127056063617627799025678515902473,0.592911898769952905666103898127056063617627799025678515902474,0.59524188940003276,0.595241889400032755960057023515169976710553474890305984024512,0.595241889400032755960057023515169976710553474890305984024513,0.0023299906300798503,0.002329990630079850293953125388113913092925675864627468122038,0.002329990630079850293953125388113913092925675864627468122039,True,interior,True,False,equally_weighted_Pauli_axes,False
399/2000,0.1995,361201/1000000,638799/1000000,1/3,0.68111696797073625,0.59251907040284228,0.592519070402842278594606099913929510726306771960331325197028,0.592519070402842278594606099913929510726306771960331325197029,0.59484260705969350,0.594842607059693495545457524767772121899060670006715904758604,0.594842607059693495545457524767772121899060670006715904758605,0.0023235366568512170,0.002323536656851216950851424853842611172753898046384579561576,0.002323536656851216950851424853842611172753898046384579561577,True,interior,True,False,equally_weighted_Pauli_axes,False
1/5,0.2,9/25,16/25,1/3,0.68224229233795339,0.59212761031384831,0.592127610313848309651529697631756116552984547362545302193551,0.592127610313848309651529697631756116552984547362545302193552,0.59444469120450896,0.594444691204508964744046227606947950860346026282520502420217,0.594444691204508964744046227606947950860346026282520502420218,0.0023170808906606551,0.002317080890660655092516529975191834307361478919975200226665,0.002317080890660655092516529975191834307361478919975200226666,True,interior,True,False,equally_weighted_Pauli_axes,False
401/2000,0.2005,358801/1000000,641199/1000000,1/3,0.68336526738519706,0.59173751296697642,0.591737512966976424006099922226666676001348099207939204078056,0.591737512966976424006099922226666676001348099207939204078057,0.59404813641742699,0.594048136417426988101523543237134336975653584143485967963851,0.594048136417426988101523543237134336975653584143485967963852,0.0023106234504505641,0.002310623450450564095423621010467660974305484935546763885795,0.002310623450450564095423621010467660974305484935546763885796,True,interior,True,False,equally_weighted_Pauli_axes,False
201/1000,0.201,89401/250000,160599/250000,1/3,0.68448589596098709,0.59134877285906283,0.591348772859062830695745288368408546320579535503649849952095,0.591348772859062830695745288368408546320579535503649849952096,0.59365293731326091,0.593652937313260905145705051673624677779175364095326925372996,0.593652937313260905145705051673624677779175364095326925372997,0.0023041644541980744,0.002304164454198074449959763305216131458595828591677075420901,0.002304164454198074449959763305216131458595828591677075420902,True,interior,True,False,equally_weighted_Pauli_axes,False
403/2000,0.2015,356409/1000000,643591/1000000,1/3,0.68560418090445649,0.59096138451953867,0.590961384519538667814306532906683423149389450123667653067339,0.590961384519538667814306532906683423149389450123667653067340,0.59325908853846279,0.593259088538462788777776622911933811505403352819313514950838,0.593259088538462788777776622911933811505403352819313514950839,0.0022977040189241210,0.002297704018924120963470090005250388356013902695645861883498,0.002297704018924120963470090005250388356013902695645861883499,True,interior,True,False,equally_weighted_Pauli_axes,False
101/500,0.202,22201/62500,40299/62500,1/3,0.68672012504538420,0.59057534251019621,0.590575342510196206725223020644127848950098971300774259773937,0.590575342510196206725223020644127848950098971300774259773938,0.59286658477089863,0.592866584770898625412730407978275402735690053777974312393271,0.592866584770898625412730407978275402735690053777974312393272,0.0022912422607024187,0.002291242260702418687507387334147553785591082477200052619334,0.002291242260702418687507387334147553785591082477200052619335,True,interior,True,False,equally_weighted_Pauli_axes,False
81/400,0.2025,14161/40000,25839/40000,1/3,0.68783373120422770,0.59019064142495709,0.590190641424957094437002541369054775900622159778022525783103,0.590190641424957094437002541369054775900622159778022525783104,0.59247542071962544,0.592475420719625437175846308722101948913804000760077254179187,0.592475420719625437175846308722101948913804000760077254179188,0.0022847792946683427,0.002284779294668342738843767353047173013181840982054728396084,0.002284779294668342738843767353047173013181840982054728396085,True,interior,True,False,equally_weighted_Pauli_axes,False
203/1000,0.203,88209/250000,161791/250000,1/3,0.68894500219215548,0.58980727588964261,0.589807275889642613519982664109225369904259543083010490563764,0.589807275889642613519982664109225369904259543083010490563765,0.59208559112467033,0.592085591124670326688146707229877452127856886607449793528500,0.592085591124670326688146707229877452127856886607449793528501,0.0022783152350277132,0.002278315235027713168164043120652082223597343524439302964735,0.002278315235027713168164043120652082223597343524439302964736,True,interior,True,False,equally_weighted_Pauli_axes,False
407/2000,0.2035,351649/1000000,648351/1000000,1/3,0.69005394081107931,0.58942524056174594,0.589425240561745939181949725140726696193822946764788562102039,0.589425240561745939181949725140726696193822946764788562102040,0.59169709075681143,0.591697090756811425196901499559180268521710616112304254118926,0.591697090756811425196901499559180268521710616112304254118927,0.0022718501950654860,0.002271850195065486014951774418453572327887669347515692016886,0.002271850195065486014951774418453572327887669347515692016887,True,interior,True,False,equally_weighted_Pauli_axes,False
51/250,0.204,5476/15625,10149/15625,1/3,0.69116054985368638,0.58904453013020637,0.589044530130206373355640503056413032928349948420727983808883,0.589044530130206373355640503056413032928349948420727983808884,0.59130991441736073,0.591309914417360725027537520227573524896977761357227174625086,0.591309914417360725027537520227573524896977761357227174625087,0.0022653842871543517,0.002265384287154351671897017171160491968627812936499190816202,0.002265384287154351671897017171160491968627812936499190816203,True,interior,True,False,equally_weighted_Pauli_axes,False
409/2000,0.2045,349281/1000000,650719/1000000,1/3,0.69226483210347130,0.58866513931518554,0.588665139315185535883556354884825363027037098559951100525729,0.588665139315185535883556354884825363027037098559951100525730,0.59092405693794878,0.590924056937948777550752294627215081510016690305924889039059,0.590924056937948777550752294627215081510016690305924889039060,0.0022589176227632417,0.002258917622763241667195939742389718482979591745973788513330,0.002258917622763241667195939742389718482979591745973788513331,True,interior,True,False,equally_weighted_Pauli_axes,False
41/200,0.205,3481/10000,6519/10000,1/3,0.69336679033476789,0.58828706286784549,0.588287062867845493114914022084376256127000079149577491464920,0.588287062867845493114914022084376256127000079149577491464921,0.59053951318031124,0.590539513180311238073287103544710229430177368497292005858413,0.590539513180311238073287103544710229430177368497292005858414,0.0022524503124657450,0.002252450312465744958373081460333973303177289347714514393493,0.002252450312465744958373081460333973303177289347714514393494,True,interior,True,False,equally_weighted_Pauli_axes,False
411/2000,0.2055,346921/1000000,653079/1000000,1/3,0.69446642731278092,0.58791029557012880,0.587910295570128804455984739167888131568080916561354186166340,0.587910295570128804455984739167888131568080916561354186166341,0.59015627803607724,0.590156278036077239272718341707356465560520627420118176640416,0.590156278036077239272718341707356465560520627420118176640417,0.0022459824659484348,0.002245982465948434816733602539468333992439710858763990474076,0.002245982465948434816733602539468333992439710858763990474077,True,interior,True,False,equally_weighted_Pauli_axes,False
103/500,0.206,21609/62500,40891/62500,1/3,0.69556374579361756,0.58753483223454047,0.587534832234540467638576282383051313135133367044509646414842,0.587534832234540467638576282383051313135133367044509646414843,0.58977434642655958,0.589774346426559575005818233204912214378326012490134705156682,0.589774346426559575005818233204912214378326012490134705156683,0.0022395141920191074,0.002239514192019107367241950821860901243192645445625058741840,0.002239514192019107367241950821860901243192645445625058741841,True,interior,True,False,equally_weighted_Pauli_axes,False
413/2000,0.2065,344569/1000000,655431/1000000,1/3,0.69665874852431881,0.58716066770393174,0.587160667703931743692033101377385357520558175294360582513582,0.587160667703931743692033101377385357520558175294360582513583,0.58939371330254668,0.589393713302546676526554651797988424799335926507193449324158,0.589393713302546676526554651797988424799335926507193449324159,0.0022330455986149328,0.002233045598614932834521550420603067278777751212832866810575,0.002233045598614932834521550420603067278777751212832866810576,True,interior,True,False,equally_weighted_Pauli_axes,False
207/1000,0.207,85849/250000,164151/250000,1/3,0.69775143824289068,0.58678779685128584,0.586787796851285842821908943187970379119408202579320266170818,0.586787796851285842821908943187970379119408202579320266170819,0.58901437364409636,0.589014373644096363353683003569010026406512849650806394574909,0.589014373644096363353683003569010026406512849650806394574910,0.0022265767928105205,0.002226576792810520531774060381039647287104647071486128404091,0.002226576792810520531774060381039647287104647071486128404092,True,interior,True,False,equally_weighted_Pauli_axes,False
83/400,0.2075,13689/40000,26311/40000,1/3,0.69884181767833527,0.58641621457950545,0.586416214579505452613445016597271185963790323896083753831974,0.586416214579505452613445016597271185963790323896083753831975,0.58863632246033135,0.588636322460331351229168192364764357314431807690205058191082,0.588636322460331351229168192364764357314431807690205058191083,0.0022201078808258986,0.002220107880825898615723175767493171350641483794121304359108,0.002220107880825898615723175767493171350641483794121304359109,True,interior,True,False,equally_weighted_Pauli_axes,False
26/125,0.208,5329/15625,10296/15625,1/3,0.69992988955068171,0.58604591582120209,0.586045915821202090190204729682845255951346699923773268565769,0.586045915821202090190204729682845255951346699923773268565770,0.58825955478923650,0.588259554789236499807398353529997189165161908098282461511816,0.588259554789236499807398353529997189165161908098282461511817,0.0022136389680344096,0.002213638968034409617193623847151933213815208174509192946046,0.002213638968034409617193623847151933213815208174509192946047,True,interior,True,False,equally_weighted_Pauli_axes,False
417/2000,0.2085,339889/1000000,660111/1000000,1/3,0.70101565657101693,0.58567689553848726,0.585676895538487260167712711376863530126627669607798682590028,0.585676895538487260167712711376863530126627669607798682590029,0.58788406569745778,0.587884065697457782911350486135544533534074685818248016244451,0.587884065697457782911350486135544533534074685818248016244452,0.0022071701589705227,0.002207170158970522743637774758681003407447016210449333654423,0.002207170158970522743637774758681003407447016210449333654424,True,interior,True,False,equally_weighted_Pauli_axes,False
209/1000,0.209,84681/250000,165319/250000,1/3,0.70209912144151624,0.58530914872276540,0.585309148722765400448759930180776785917000206402828010837492,0.585309148722765400448759930180776785917000206402828010837493,0.58750985028010296,0.587509850280102964385576954608138214524753032516347021943065,0.587509850280102964385576954608138214524753032516347021943066,0.0022007015573375639,0.002200701557337563936817024427361428607752826113519011105572,0.002200701557337563936817024427361428607752826113519011105573,True,interior,True,False,equally_weighted_Pauli_axes,False
419/2000,0.2095,337561/1000000,662439/1000000,1/3,0.70318028685547388,0.58494267039452860,0.584942670394528598111206375519433755721585037075962168908557,0.584942670394528598111206375519433755721585037075962168908558,0.58713690366054396,0.587136903660543962767136131954007017769387778049633717329407,0.587136903660543962767136131954007017769387778049633717329408,0.0021942332660153647,0.002194233266015364655929756434573262047802740973671548420850,0.002194233266015364655929756434573262047802740973671548420851,True,interior,True,False,equally_weighted_Pauli_axes,False
21/100,0.21,841/2500,1659/2500,1/3,0.70425915549733330,0.58457745560315306,0.584577455603153057840675500076058986237662969942882121268301,0.584577455603153057840675500076058986237662969942882121268302,0.58676522099022089,0.586765220990220888184424740764506065178748936201798620002277,0.586765220990220888184424740764506065178748936201798620002278,0.0021877653870678303,0.002187765387067830343749240688447078941085966258916498733975,0.002187765387067830343749240688447078941085966258916498733976,True,interior,True,False,equally_weighted_Pauli_axes,False
421/2000,0.2105,335241/1000000,664759/1000000,1/3,0.70533573004271737,0.58421349942669731,0.584213499426697305559527380295113709586841090785269213999071,0.584213499426697305559527380295113709586841090785269213999072,0.58639479744844774,0.586394797448447735080317703719498609111150609451091174218475,0.586394797448447735080317703719498609111150609451091174218476,0.0021812980217504295,0.002181298021750429520790323424384899524309518665821960219404,0.002181298021750429520790323424384899524309518665821960219405,True,interior,True,False,equally_weighted_Pauli_axes,False
211/1000,0.211,83521/250000,166479/250000,1/3,0.70641001315845841,0.58385079697170211,0.583850796971702110099956707441761925279273808199475037233327,0.583850796971702110099956707441761925279273808199475037233328,0.58602562824221971,0.586025628242219714540117006849491025001440280441608441598793,0.586025628242219714540117006849491025001440280441608441598794,0.0021748312705176044,0.002174831270517604440160299407729099722166472242133404365465,0.002174831270517604440160299407729099722166472242133404365466,True,interior,True,False,equally_weighted_Pauli_axes,False
423/2000,0.2115,332929/1000000,667071/1000000,1/3,0.70748200750262811,0.58348934337299211,0.583489343372992105963023078182032860901322425728248589251653,0.583489343372992105963023078182032860901322425728248589251654,0.58565770860602221,0.585657708606022210186587155345407201557352603981081478295082,0.585657708606022210186587155345407201557352603981081478295083,0.0021683652330301042,0.002168365233030104223564077163374340656030178252832889043428,0.002168365233030104223564077163374340656030178252832889043429,True,interior,True,False,equally_weighted_Pauli_axes,False
53/250,0.212,5184/15625,10441/15625,1/3,0.70855171572456725,0.58312913379347910,0.583129133793479100396919860838321781736928002357504353493048,0.583129133793479100396919860838321781736928002357504353493049,0.58529103380164134,0.585291033801641341783843705310673578068148835400845969294055,0.585291033801641341783843705310673578068148835400845969294056,0.0021619000081622414,0.002161900008162241386923844472351796331220833043341615801007,0.002161900008162241386923844472351796331220833043341615801008,True,interior,True,False,equally_weighted_Pauli_axes,False
17/80,0.2125,529/1600,1071/1600,1/3,0.70961914046491538,0.58277016342396705,0.582770163423967048216858874144558388923283607966054440588163,0.582770163423967048216858874144558388923283607966054440588164,0.58492559911797612,0.584925599117976120869095029254687654451667985253140257049063,0.584925599117976120869095029254687654451667985253140257049064,0.0021554356940090727,0.002155435694009072652236155110129265528384377287085816460899,0.002155435694009072652236155110129265528384377287085816460900,True,interior,True,False,equally_weighted_Pauli_axes,False
213/1000,0.213,82369/250000,167631/250000,1/3,0.71068428435564021,0.58241242748295868,0.582412427482958677975625395187174381463425758534439099770184,0.582412427482958677975625395187174381463425758534439099770185,0.58456139987085218,0.584561399870852182906247372016841829341281757108073369559459,0.584561399870852182906247372016841829341281757108073369559460,0.0021489723878935049,0.002148972387893504930621976829667447877855998573634269789275,0.002148972387893504930621976829667447877855998573634269789276,True,interior,True,False,equally_weighted_Pauli_axes,False
427/2000,0.2135,328329/1000000,671671/1000000,1/3,0.71174715002006703,0.58205592121646375,0.582055921216463753278175249891949171621445214034090848447032,0.582055921216463753278175249891949171621445214034090848447033,0.58419843140283708,0.584198431402837080628200349029435836309835190947925007207309,0.584198431402837080628200349029435836309835190947925007207310,0.0021425101863733274,0.002142510186373327350025099137486664688389976913834158760277,0.002142510186373327350025099137486664688389976913834158760278,True,interior,True,False,equally_weighted_Pauli_axes,False
107/500,0.214,20449/62500,42051/62500,1/3,0.71280774007290781,0.58170063989780895,0.581700639897808953215636051322771862716763553095640949864463,0.581700639897808953215636051322771862716763553095640949864464,0.58383668908305712,0.583836689083057123405314828417526340467625349760729132579775,0.583836689083057123405314828417526340467625349760729132579776,0.0021360491852481702,0.002136049185248170189678777094754477750861796665088182715311,0.002136049185248170189678777094754477750861796665088182715312,True,interior,True,False,equally_weighted_Pauli_axes,False
429/2000,0.2145,326041/1000000,673959/1000000,1/3,0.71386605712029035,0.58134657882744936,0.581346578827449356073770646146816446753407099313392723469785,0.581346578827449356073770646146816446753407099313392723469786,0.58347616830701575,0.583476168307015747646057654530293910262529375027023047207651,0.583476168307015747646057654530293910262529375027023047207652,0.0021295894795663916,0.002129589479566391572287008383477463509122275713630323737866,0.002129589479566391572287008383477463509122275713630323737867,True,interior,True,False,equally_weighted_Pauli_axes,False
43/200,0.215,3249/10000,6751/10000,1/3,0.71492210375978713,0.58099373333278151,0.580993733332781510648394613944653317809750436790143181075372,0.580993733332781510648394613944653317809750436790143181075373,0.58311686449641340,0.583116864496413403402247487087154754338668521722720586380735,0.583116864496413403402247487087154754338668521722720586380736,0.0021231311636318928,0.002123131163631892753852873142501436528918084932577405305363,0.002123131163631892753852873142501436528918084932577405305364,True,interior,True,False,equally_weighted_Pauli_axes,False
431/2000,0.2155,323761/1000000,676239/1000000,1/3,0.71597588258044411,0.58064209876795808,0.580642098767958079675442850175299475267980843036217430841147,0.580642098767958079675442850175299475267980843036217430841148,0.58275877309896894,0.582758773098968942515672270651590907591890754694787352703260,0.582758773098968942515672270651590907591890754694787352703261,0.0021166743310108628,0.002116674331010862840229420476291432323909911658569921862112,0.002116674331010862840229420476291432323909911658569921862113,True,interior,True,False,equally_weighted_Pauli_axes,False
27/125,0.216,5041/15625,10584/15625,1/3,0.71702739616280936,0.58029167051370404,0.580291670513704040056383978899407918943815211347403497424657,0.580291670513704040056383978899407918943815211347403497424658,0.58240188958824249,0.582401889588242493805150194006919351443883717289642065692209,0.582401889588242493805150194006919351443883717289642065692210,0.0021102190745384537,0.002110219074538453748766215107511432500068505942238568267551,0.002110219074538453748766215107511432500068505942238568267552,True,interior,True,False,equally_weighted_Pauli_axes,False
433/2000,0.2165,321489/1000000,678511/1000000,1/3,0.71807664707896160,0.57994244397713442,0.579942443977134424730516236069222300131112145077001557728978,0.579942443977134424730516236069222300131112145077001557728979,0.58204620946345981,0.582046209463459810953390692876253513451244660366663015265968,0.582046209463459810953390692876253513451244660366663015265969,0.0021037654863253862,0.002103765486325386222874456807031213320132515289661457536989,0.002103765486325386222874456807031213320132515289661457536990,True,interior,True,False,equally_weighted_Pauli_axes,False
217/1000,0.217,80089/250000,169911/250000,1/3,0.71912363789253853,0.57959441459157359,0.579594414591573591214374719425408246600794945059500760157421,0.579594414591573591214374719425408246600794945059500760157422,0.58169172824933808,0.581691728249338078911307908475691965204425189402401180226874,0.581691728249338078911307908475691965204425189402401180226875,0.0020973136577644877,0.002097313657764487696933189050283718603630244342900420069453,0.002097313657764487696933189050283718603630244342900420069454,True,interior,True,False,equally_weighted_Pauli_axes,False
87/400,0.2175,12769/40000,27231/40000,1/3,0.72016837115876509,0.57924757781637600,0.579247577816376001995067236598728497077712713491124229602001,0.579247577816376001995067236598728497077712713491124229602002,0.58133844149591316,0.581338441495913164793773433366595153835828000303102849333357,0.581338441495913164793773433366595153835828000303102849333358,0.0020908636795371628,0.002090863679537162798706196767866656758115286811978619731355,0.002090863679537162798706196767866656758115286811978619731356,True,interior,True,False,equally_weighted_Pauli_axes,False
109/500,0.218,19881/62500,42619/62500,1/3,0.72121084942448155,0.57890192913674850,0.578901929136748502128863665067568035218593721834787381911775,0.578901929136748502128863665067568035218593721834787381911776,0.58098634477836830,0.580986344778368299395195135266321055889551562975021319157362,0.580986344778368299395195135266321055889551562975021319157363,0.0020844156416197973,0.002084415641619797266331470198753020670957841140233937245586,0.002084415641619797266331470198753020670957841140233937245587,True,interior,True,False,equally_weighted_Pauli_axes,False
437/2000,0.2185,316969/1000000,683031/1000000,1/3,0.72225107522817149,0.57855746406357408,0.578557464063574079558820586251485204304386536738402420513480,0.578557464063574079558820586251485204304386536738402420513481,0.58063543369686418,0.580635433696864175605800921540763848572827828588488663630988,0.580635433696864175605800921540763848572827828588488663630989,0.0020779696332900960,0.002077969633290096046980335289278644268441291850086243117507,0.002077969633290096046980335289278644268441291850086243117508,True,interior,True,False,equally_weighted_Pauli_axes,False
219/1000,0.219,78961/250000,171039/250000,1/3,0.72328905109998962,0.57821417813323709,0.578214178133237093825657352627268244473569384248554699310274,0.578214178133237093825657352627268244473569384248554699310275,0.58028570387637045,0.580285703876370450160116663767364239490912517723746369988106,0.580285703876370450160116663767364239490912517723746369988107,0.0020715257431333563,0.002071525743133356334459311140095995017343133475191670677831,0.002071525743133356334459311140095995017343133475191670677832,True,interior,True,False,equally_weighted_Pauli_axes,False
439/2000,0.2195,314721/1000000,685279/1000000,1/3,0.72432477956178950,0.57787206690744996,0.577872066907449959004539641333308147118604127608980166076041,0.577872066907449959004539641333308147118604127608980166076042,0.57993715096649864,0.579937150966498635297881920422411799384291104764696103199190,0.579937150966498635297881920422411799384291104764696103199191,0.0020650840590486763,0.002065084059048676293342279089103652265686977155715937123149,0.002065084059048676293342279089103652265686977155715937123150,True,interior,True,False,equally_weighted_Pauli_axes,False
11/50,0.22,196/625,429/625,1/3,0.72535826312715112,0.57753112597308127,0.577531125973081266856899466015565799296187832112822928271682,0.577531125973081266856899466015565799296187832112822928271683,0.57958977064133637,0.579589770641336367064570965950778191743800340564629735207563,0.579589770641336367064570965950778191743800340564629735207564,0.0020586446682551002,0.002058644668255100207671499935212392447612508451806806935881,0.002058644668255100207671499935212392447612508451806806935882,True,interior,True,False,equally_weighted_Pauli_axes,False
441/2000,0.2205,312481/1000000,687519/1000000,1/3,0.72638950430140831,0.57719135094198534,0.577191350941985336340953669154661180774012768643281261383551,0.577191350941985336340953669154661180774012768643281261383552,0.57924355859928304,0.579243558599283037123804964258224646812401032277968885024124,0.579243558599283037123804964258224646812401032277968885024125,0.0020522076572977008,0.002052207657297700782851295103563466038388263634687623640572,0.002052207657297700782851295103563466038388263634687623640573,True,interior,True,False,equally_weighted_Pauli_axes,False
221/1000,0.221,77841/250000,172159/250000,1/3,0.72741850558167608,0.57685273745083318,0.576852737450833175777202797935627954735235135952746722238273,0.576852737450833175777202797935627954735235135952746722238274,0.57889851056288678,0.578898510562886775097278546809366275759351367246223533216099,0.578898510562886775097278546809366275759351367246223533216100,0.0020457731120535993,0.002045773112053599320075748873738321024116231293476810977825,0.002045773112053599320075748873738321024116231293476810977826,True,interior,True,False,equally_weighted_Pauli_axes,False
443/2000,0.2215,310249/1000000,689751/1000000,1/3,0.72844526945687781,0.57651528116094484,0.576515281160944844115925272430659494505369925555199618229083,0.576515281160944844115925272430659494505369925555199618229084,0.57855462227868277,0.578554622278682768589404833681164846192451714355004553356145,0.578554622278682768589404833681164846192451714355004553356146,0.0020393411177379245,0.002039341117737924473479561250505351687081788799804935127061,0.002039341117737924473479561250505351687081788799804935127062,True,interior,True,False,equally_weighted_Pauli_axes,False
111/500,0.222,19321/62500,43179/62500,1/3,0.72946979840777228,0.57617897775812320,0.576178977758123197902553783072675406367863815913624621421759,0.576178977758123197902553783072675406367863815913624621421760,0.57821188951703291,0.578211889517032908193730970681470514515951151958355686922928,0.578211889517032908193730970681470514515951151958355686922929,0.0020329117589097103,0.002032911758909710291177187608795108148087336044731065501168,0.002032911758909710291177187608795108148087336044731065501169,True,interior,True,False,equally_weighted_Pauli_axes,False
89/400,0.2225,12321/40000,27679/40000,1/3,0.73049209490698061,0.57584382295248901,0.575843822952489010683857412305167905486131484065908591352122,0.575843822952489010683857412305167905486131484065908591352123,0.57787030807196674,0.577870308071966744916315090389732628852908991210594907394562,0.577870308071966744916315090389732628852908991210594907394563,0.0020264851194777342,0.002026485119477734232457678084564723366777507144686316042440,0.002026485119477734232457678084564723366777507144686316042441,True,interior,True,False,equally_weighted_Pauli_axes,False
223/1000,0.223,76729/250000,173271/250000,1/3,0.73151216141901308,0.57550981247831745,0.575509812478317451743079186104745332930382020133305579270801,0.575509812478317451743079186104745332930382020133305579270802,0.57752987376102375,0.577529873761023747587708431749286257198333869952351990782667,0.577529873761023747587708431749286257198333869952351990782668,0.0020200612827062958,0.002020061282706295844629245644540924267951849819046411511865,0.002020061282706295844629245644540924267951849819046411511866,True,interior,True,False,equally_weighted_Pauli_axes,False
447/2000,0.2235,305809/1000000,694191/1000000,1/3,0.73253000040029579,0.57517694209387591,0.575176942093875911195619370290469622309035352249366552752889,0.575176942093875911195619370290469622309035352249366552752890,0.57719058242509685,0.577190582425096847969976018029100103661437110563837663377121,0.577190582425096847969976018029100103661437110563837663377122,0.0020136403312209368,0.002013640331220936774356647738630481352401758314471110624232,0.002013640331220936774356647738630481352401758314471110624233,True,interior,True,False,equally_weighted_Pauli_axes,False
28/125,0.224,4761/15625,10864/15625,1/3,0.73354561429919718,0.57484520758126316,0.574845207581263158618534208148711347456473763071628750616011,0.574845207581263158618534208148711347456473763071628750616012,0.57685242992827726,0.576852429928277261398338302936442249580898931125711633997027,0.576852429928277261398338302936442249580898931125711633997028,0.0020072223470141028,0.002007222347014102779804094787730902124425168054082883381015,0.002007222347014102779804094787730902124425168054082883381016,True,interior,True,False,equally_weighted_Pauli_axes,False
449/2000,0.2245,303601/1000000,696399/1000000,1/3,0.73455900555605451,0.57451460474624982,0.574514604746249822527061958467886524230658857426881019408436,0.574514604746249822527061958467886524230658857426881019408437,0.57651541215770057,0.576515412157700570928546721240901791053435822963009215347589,0.576515412157700570928546721240901791053435822963009215347590,0.0020008074114507484,0.002000807411450748401484762773015266822776965536128195939153,0.002000807411450748401484762773015266822776965536128195939154,True,interior,True,False,equally_weighted_Pauli_axes,False
9/40,0.225,121/400,279/400,1/3,0.73557017660320013,0.57418512941812018,0.574185129418120178149616685681469744740925528945709322424912,0.574185129418120178149616685681469744740925528945709322424913,0.57617952502339406,0.576179525023394063091039966203626387406379851948481663526040,0.576179525023394063091039966203626387406379851948481663526041,0.0019943956052738849,0.001994395605273884941423280522156642665454323002772341101128,0.001994395605273884941423280522156642665454323002772341101129,True,interior,True,False,equally_weighted_Pauli_axes,False
451/2000,0.2255,301401/1000000,698599/1000000,1/3,0.73657912986498764,0.57385677744951523,0.573856777449515231089228571944760157612958189136019201605203,0.573856777449515231089228571944760157612958189136019201605204,0.57584476445812530,0.575844764458125303481286580353618054735566576022512649866480,0.575844764458125303481286580353618054735566576022512649866481,0.0019879870086100724,0.001987987008610072392058008408857897122608386886493448261277,0.001987987008610072392058008408857897122608386886493448261278,True,interior,True,False,equally_weighted_Pauli_axes,False
113/500,0.226,18769/62500,43731/62500,1/3,0.73758586775781799,0.57352954471627708,0.573529544716277084594280512263445029722320205886869621053451,0.573529544716277084594280512263445029722320205886869621053452,0.57551112641725194,0.575511126417251940542524289125941257723514734034283152025673,0.575511126417251940542524289125941257723514734034283152025674,0.0019815817009748559,0.001981581700974855948243776862496228001194528147413530972221,0.001981581700974855948243776862496228001194528147413530972222,True,interior,True,False,equally_weighted_Pauli_axes,False
453/2000,0.2265,299209/1000000,700791/1000000,1/3,0.73859039269016536,0.57320342711729458,0.573203427117294578294617023709231560441262354569070361449599,0.573203427117294578294617023709231560441262354569070361449600,0.57517860687857273,0.575178606878572726022378315573445143938943637174954609127611,0.575178606878572726022378315573445143938943637174954609127612,0.0019751797612781477,0.001975179761278147727761291864213583497681282605884247678011,0.001975179761278147727761291864213583497681282605884247678012,True,interior,True,False,equally_weighted_Pauli_axes,False
227/1000,0.227,74529/250000,175471/250000,1/3,0.73959270706260300,0.57287842057435019,0.572878420574350186390705317134973303987232286206298674225681,0.572878420574350186390705317134973303987232286206298674225682,0.57484720184217974,0.574847201842179740708600267419266021207920099455054877527731,0.574847201842179740708600267419266021207920099455054877527732,0.0019687812678295543,0.001968781267829554317894950284292717220687813248756203302049,0.001968781267829554317894950284292717220687813248756203302050,True,interior,True,False,equally_weighted_Pauli_axes,False
91/400,0.2275,11881/40000,28119/40000,1/3,0.74059281326782891,0.57255452103196816,0.572554521031968163413531682311825242897080398524113608133272,0.572554521031968163413531682311825242897080398524113608133273,0.57451690733031181,0.574516907330311814171436360363876954257694842265368864000708,0.574516907330311814171436360363876954257694842265368864000709,0.0019623862983436508,0.001962386298343650757904678052051711360614443741255255867436,0.001962386298343650757904678052051711360614443741255255867437,True,interior,True,False,equally_weighted_Pauli_axes,False
57/250,0.228,4624/15625,11001/15625,1/3,0.74159071369069142,0.57223172445726393,0.572231724457263925801340736930576136153239470690306714157696,0.572231724457263925801340736930576136153239470690306714157697,0.57418771938720913,0.574187719387209127360928710500392878432526284093480117134078,0.574187719387209127360928710500392878432526284093480117134079,0.0019559949299452016,0.001955994929945201559587973569816742279286813403173402976382,0.001955994929945201559587973569816742279286813403173402976383,True,interior,True,False,equally_weighted_Pauli_axes,False
457/2000,0.2285,294849/1000000,705151/1000000,1/3,0.74258641070821461,0.57191002683979466,0.571910026839794657666191877790240761315840911287135827291629,0.571910026839794657666191877790240761315840911287135827291630,0.57385963407896899,0.573859634078968987026795876887749025292043493607328698374919,0.573859634078968987026795876887749025292043493607328698374920,0.0019496072391743294,0.001949607239174329360603999097508263976202582320192871083289,0.001949607239174329360603999097508263976202582320192871083290,True,interior,True,False,equally_weighted_Pauli_axes,False
229/1000,0.229,73441/250000,176559/250000,1/3,0.74357990668962365,0.57158942419141113,0.571589424191411129248637424745759026162616892311139636495601,0.571589424191411129248637424745759026162616892311139636495602,0.57353264749340276,0.573532647493402761046448156711813993802259202143507909236201,0.573532647493402761046448156711813993802259202143507909236202,0.0019432233019916318,0.001943223301991631797810731966054967639642309832368272740599,0.001943223301991631797810731966054967639642309832368272740600,True,interior,True,False,equally_weighted_Pauli_axes,False
459/2000,0.2295,292681/1000000,707319/1000000,1/3,0.74457120399637003,0.57126991254611072,0.571269912546110716682641130353347042127012452245669500382859,0.571269912546110716682641130353347042127012452245669500382860,0.57320675573989396,0.573206755739893963863188439548627246070061106246162593742546,0.573206755739893963863188439548627246070061106246162593742547,0.0019368431937832472,0.001936843193783247180547309195280203943048654000493093359686,0.001936843193783247180547309195280203943048654000493093359687,True,interior,True,False,equally_weighted_Pauli_axes,False
23/100,0.23,729/2500,1771/2500,1/3,0.74556030498215662,0.57095148795989161,0.570951487959891611815174301130422706038274771356437795358437,0.570951487959891611815174301130422706038274771356437795358438,0.57288195494925748,0.572881954949257481351749543685994538802217648969176786497035,0.572881954949257481351749543685994538802217648969176786497036,0.0019304669893658695,0.001930466989365869536575242555571832763942877612738991138598,0.001930466989365869536575242555571832763942877612738991138599,True,interior,True,False,equally_weighted_Pauli_axes,False
461/2000,0.2305,290521/1000000,709479/1000000,1/3,0.74654721199296268,0.57063414651060821,0.570634146510608210945769800087346488384987064594136861661302,0.570634146510608210945769800087346488384987064594136861661303,0.57255824127359992,0.572558241273599924542042440514878992275158755259204965196363,0.572558241273599924542042440514878992275158755259204965196364,0.0019240947629917136,0.001924094762991713596272640427532503890171690665068103535060,0.001924094762991713596272640427532503890171690665068103535061,True,interior,True,False,equally_weighted_Pauli_axes,False
231/1000,0.231,72361/250000,177639/250000,1/3,0.74753192736706866,0.57031788429782767,0.570317884297827671470701439324586293104591119746465657308180,0.570317884297827671470701439324586293104591119746465657308181,0.57223561088618110,0.572235610886181101744354905915485952386962926681464166886607,0.572235610886181101744354905915485952386962926681464166886608,0.0019177265883534303,0.001917726588353430273653466590899659282371806934998509578426,0.001917726588353430273653466590899659282371806934998509578427,True,interior,True,False,equally_weighted_Pauli_axes,False
463/2000,0.2315,288369/1000000,711631/1000000,1/3,0.74851445343508103,0.57000269744268763,0.570002697442687625534407199882683335777990353200711626016383,0.570002697442687625534407199882683335777990353200711626016384,0.57191405998127660,0.571914059981276598730264936882771021945274643698205140121719,0.571914059981276598730264936882771021945274643698205140121720,0.0019113625385889732,0.001911362538588973195857737000087686167284290497493514105336,0.001911362538588973195857737000087686167284290497493514105337,True,interior,True,False,equally_weighted_Pauli_axes,False
29/125,0.232,4489/15625,11136/15625,1/3,0.74949479251995681,0.56968858208775504,0.569688582087755039907308521433177328644951943905160008496804,0.569688582087755039907308521433177328644951943905160008496805,0.57159358477404146,0.571593584774041456733235491452339228366339911597513209217562,0.571593584774041456733235491452339228366339911597513209217563,0.0019050026862864168,0.001905002686286416825926970019161899721387967692353200720757,0.001905002686286416825926970019161899721387967692353200720758,True,interior,True,False,equally_weighted_Pauli_axes,False
93/400,0.2325,11449/40000,28551/40000,1/3,0.75047294693702814,0.56937553439688621,0.569375534396886211424313493024512124430443781641427932015749,0.569375534396886211424313493024512124430443781641427932015750,0.57127418150037494,0.571274181500374938141254246098321970707016930705963675061693,0.571274181500374938141254246098321970707016930705963675061694,0.0018986471034887267,0.001898647103488726716940753073809846276573149064535743045943,0.001898647103488726716940753073809846276573149064535743045944,True,interior,True,False,equally_weighted_Pauli_axes,False
233/1000,0.233,71289/250000,178711/250000,1/3,0.75144891899402666,0.56906355055508789,0.569063550555087887432047777135278252915975924057880926204032,0.569063550555087887432047777135278252915975924057880926204033,0.57095584641678637,0.570955846416786369860991358780198616863974225040445359769306,0.570955846416786369860991358780198616863974225040445359769307,0.0018922958616984824,0.001892295861698482428943581644920363947998300982564433565273,0.001892295861698482428943581644920363947998300982564433565274,True,interior,True,False,equally_weighted_Pauli_axes,False
467/2000,0.2335,284089/1000000,715911/1000000,1/3,0.75242271099110781,0.56875262676837950,0.568752626768379500805251869317691517353072459387985518612043,0.568752626768379500805251869317691517353072459387985518612044,0.57063857580026205,0.570638575800262054438786669142714243455955664994941644412545,0.570638575800262054438786669142714243455955664994941644412546,0.0018859490318825536,0.001885949031882553633534799825022726102883205606956125800501,0.001885949031882553633534799825022726102883205606956125800502,True,interior,True,False,equally_weighted_Pauli_axes,False
117/500,0.234,17689/62500,44811/62500,1/3,0.75339432522087497,0.56844275926365651,0.568442759263656509203834923055659555695633519656981025314724,0.568442759263656509203834923055659555695633519656981025314725,0.57032236594813324,0.570322365948133239128362105231066074698519237751469176079730,0.570322365948133239128362105231066074698519237751469176079731,0.0018796066844767299,0.001879606684476729924527182175406519002885718094488150765006,0.001879606684476729924527182175406519002885718094488150765007,True,interior,True,False,equally_weighted_Pauli_axes,False
469/2000,0.2345,281961/1000000,718039/1000000,1/3,0.75436376396840351,0.56813394428855483,0.568133944288554828351801678443465626016724257585834862383620,0.568133944288554828351801678443465626016724257585834862383621,0.57000721317794513,0.570007213177945133198501801351082651002425847057701308376842,0.570007213177945133198501801351082651002425847057701308376843,0.0018732688893903048,0.001873268889390304846700122907617024985701589471866445993222,0.001873268889390304846700122907617024985701589471866445993223,True,interior,True,False,equally_weighted_Pauli_axes,False
47/200,0.235,2809/10000,7191/10000,1/3,0.75533102951126479,0.56782617811131635,0.567826178111316349227687588450984267526862227571734883007162,0.567826178111316349227687588450984267526862227571734883007163,0.56969311382732696,0.569693113827326963876067828750819769056426397317246845546523,0.569693113827326963876067828750819769056426397317246845546524,0.0018669357160106146,0.001866935716010614648380240299835501529564169745511962539360,0.001866935716010614648380240299835501529564169745511962539361,True,interior,True,False,equally_weighted_Pauli_axes,False
471/2000,0.2355,279841/1000000,720159/1000000,1/3,0.75629612411954994,0.56751945702065553,0.567519457020655529163265346751921558568418747487259123895887,0.567519457020655529163265346751921558568418747487259123895888,0.56938006425386306,0.569380064253863061420639529242459969566614305801310087087738,0.569380064253863061420639529242459969566614305801310087087739,0.0018606072332075323,0.001860607233207532257374182490538410998195558314050963191851,0.001860607233207532257374182490538410998195558314050963191852,True,interior,True,False,equally_weighted_Pauli_axes,False
59/250,0.236,4356/15625,11269/15625,1/3,0.75725905005589360,0.56721377732562705,0.567213777325627046953140743614773783104681587575871190458155,0.567213777325627046953140743614773783104681587575871190458156,0.56906806083496496,0.569068060834964963926795020277315778720080879695049056531852,0.569068060834964963926795020277315778720080879695049056531853,0.0018542835093379170,0.001854283509337916973654276662541995615399292119177866073696,0.001854283509337916973654276662541995615399292119177866073697,True,interior,True,False,equally_weighted_Pauli_axes,False
473/2000,0.2365,277729/1000000,722271/1000000,1/3,0.75821980957549752,0.56690913535549451,0.566909135355494512182453920828764982770788084483115463643305,0.566909135355494512182453920828764982770788084483115463643306,0.56875709996774453,0.568757099967744532548610079456119008469065468636684345572707,0.568757099967744532548610079456119008469065468636684345572708,0.0018479646122500204,0.001847964612250020366156158627354025698277384153568881929401,0.001847964612250020366156158627354025698277384153568881929402,True,interior,True,False,equally_weighted_Pauli_axes,False
237/1000,0.237,69169/250000,180831/250000,1/3,0.75917840492615410,0.56660552745960022,0.566605527459600219083260228987583472503348310872743497563220,0.566605527459600219083260228987583472503348310872743497563221,0.56844717806888807,0.568447178068888067938347664261561548979251100897061333115372,0.568447178068888067938347664261561548979251100897061333115373,0.0018416506092878489,0.001841650609287848855087435273978076475902790024317835552151,0.001841650609287848855087435273978076475902790024317835552152,True,interior,True,False,equally_weighted_Pauli_axes,False
19/80,0.2375,441/1600,1159/1600,1/3,0.76013483834826974,0.56630295000723594,0.566302950007235935332299336752839468489591279603320426750580,0.566302950007235935332299336752839468489591279603320426750581,0.56813829157453142,0.568138291574531418787565905843123707918499628173176056910452,0.568138291574531418787565905843123707918499628173176056910453,0.0018353415672954835,0.001835341567295483455266569090284239428908348569855630159871,0.001835341567295483455266569090284239428908348569855630159872,True,interior,True,False,equally_weighted_Pauli_axes,False
119/500,0.238,17161/62500,45339/62500,1/3,0.76108911207488814,0.56600139938751472,0.566001399387514716303788091963518247829042854287212290229125,0.566001399387514716303788091963518247829042854287212290229126,0.56783043694013607,0.567830436940136073453998443959025003329069298418364164497793,0.567830436940136073453998443959025003329069298418364164497794,0.0018290375526213572,0.001829037552621357150210351995506755500026444131151874268668,0.001829037552621357150210351995506755500026444131151874268669,True,interior,True,False,equally_weighted_Pauli_axes,False
477/2000,0.2385,273529/1000000,726471/1000000,1/3,0.76204122833171348,0.56570087200924374,0.565700872009243735390607746289815901773403043740860169990920,0.565700872009243735390607746289815901773403043740860169990921,0.56752361064036623,0.567523610640366225751573140159898569602378646578997044673731,0.567523610640366225751573140159898569602378646578997044673732,0.0018227386311224904,0.001822738631122490360965393870082667828975602838136874682811,0.001822738631122490360965393870082667828975602838136874682812,True,interior,True,False,equally_weighted_Pauli_axes,False
239/1000,0.239,68121/250000,181879/250000,1/3,0.76299118933713347,0.56540136430079812,0.565401364300798121105815157494168624164848670644715633035084,0.565401364300798121105815157494168624164848670644715633035085,0.56721780916896681,0.567217809168966806073848004268512139590535090181575968476916,0.567217809168966806073848004268512139590535090181575968476917,0.0018164448681686850,0.001816444868168684968032846774343515425686419536860335441831,0.001816444868168684968032846774343515425686419536860335441832,True,interior,True,False,equally_weighted_Pauli_axes,False
479/2000,0.2395,271441/1000000,728559/1000000,1/3,0.76393899730224235,0.56510287270999579,0.565102872709995791773805880099607898853004202912675164027681,0.565102872709995791773805880099607898853004202912675164027682,0.56691302903864247,0.566913029038642469112970874541971691724261077813483032163867,0.566913029038642469112970874541971691724261077813483032163868,0.0018101563286466773,0.001810156328646677339164994442363792871256874900807868136186,0.001810156328646677339164994442363792871256874900807868136187,True,interior,True,False,equally_weighted_Pauli_axes,False
6/25,0.24,169/625,456/625,1/3,0.76488465443086372,0.56480539370397328,0.564805393703973278716709828645305582464809802972882583610624,0.564805393703973278716709828645305582464809802972882583610625,0.56660926678093753,0.566609266780937529527026080277699865574031318754249974474253,0.566609266780937529527026080277699865574031318754249974474254,0.0018038730769642508,0.001803873076964250810316251632394283109221515781367390863629,0.001803873076964250810316251632394283109221515781367390863630,True,interior,True,False,equally_weighted_Pauli_axes,False
481/2000,0.2405,269361/1000000,730639/1000000,1/3,0.76582816291957325,0.56450892376906253,0.564508923769062528936722411902658207240545055644839976998402,0.564508923769062528936722411902658207240545055644839976998403,0.56630651894611684,0.566306518946116836998330862196586810373823548364166740890765,0.566306518946116836998330862196586810373823548364166740890766,0.0017975951770543081,0.001797595177054308061608450293928603133278492719326763892363,0.001797595177054308061608450293928603133278492719326763892364,True,interior,True,False,equally_weighted_Pauli_axes,False
241/1000,0.241,67081/250000,182919/250000,1/3,0.76676952495772142,0.56421345941066868,0.564213459410668678389080440919686631954064280558220466961467,0.564213459410668678389080440919686631954064280558220466961468,0.56600478210304758,0.566004782103047582213900408447720563327712220502120968932485,0.566004782103047582213900408447720563327712220502120968932486,0.0017913226923789038,0.001791322692378903824819967528033931373647939943900501971018,0.001791322692378903824819967528033931373647939943900501971019,True,interior,True,False,equally_weighted_Pauli_axes,False
483/2000,0.2415,267289/1000000,732711/1000000,1/3,0.76770874272745596,0.56391899715314879,0.563918997153148787033297246716124103167842084856236927230270,0.563918997153148787033297246716124103167842084856236927230271,0.56570405283908203,0.565704052839082025386926465918528325992355783834127042746306,0.565704052839082025386926465918528325992355783834127042746307,0.0017850556859332384,0.001785055685933238353629219202404222824513698977890115516035,0.001785055685933238353629219202404222824513698977890115516036,True,interior,True,False,equally_weighted_Pauli_axes,False
121/500,0.242,16641/62500,45859/62500,1/3,0.76864581840374434,0.56362553353969153,0.563625533539691526942089634997035198399778748503401116592277,0.563625533539691526942089634997035198399778748503401116592278,0.56540432775994114,0.565404327759941139024723899748736586771508373452703515380832,0.565404327759941139024723899748736586771508373452703515380833,0.0017787942202496121,0.001778794220249612082634264751701388371729624949302398788554,0.001778794220249612082634264751701388371729624949302398788555,True,interior,True,False,equally_weighted_Pauli_axes,False
97/400,0.2425,10609/40000,29391/40000,1/3,0.76958075415439609,0.56333306513219781,0.563333065132197814838174680735027676349159942819266676123935,0.563333065132197814838174680735027676349159942819266676123936,0.56510560348959916,0.565105603489599156734205402199207859397455529627833391689714,0.565105603489599156734205402199207859397455529627833391689715,0.0017725383574013419,0.001772538357401341896030721464180183048295586808566715565779,0.001772538357401341896030721464180183048295586808566715565780,True,interior,True,False,equally_weighted_Pauli_axes,False
243/1000,0.243,66049/250000,183951/250000,1/3,0.77051355214008501,0.56304158851116238,0.563041588511162380518800848640124910495019997103800784321535,0.563041588511162380518800848640124910495019997103800784321536,0.56480787667016902,0.564807876670169019940559713505991682453390013794520670476547,0.564807876670169019940559713505991682453390013794520670476548,0.0017662881590066394,0.001766288159006639421758864865866771958370016690719886155012,0.001766288159006639421758864865866771958370016690719886155013,True,interior,True,False,equally_weighted_Pauli_axes,False
487/2000,0.2435,263169/1000000,736831/1000000,1/3,0.77144421451437132,0.56275110027555626,0.562751100275556262716519241681609664684389624865123611731034,0.562751100275556262716519241681609664684389624865123611731035,0.56451114396178871,0.564511143961788714478445947630868834417297329497374426964725,0.564511143961788714478445947630868834417297329497374426964726,0.0017600436862324518,0.001760043686232451761926705949259169732907704632250815233690,0.001760043686232451761926705949259169732907704632250815233691,True,interior,True,False,equally_weighted_Pauli_axes,False
61/250,0.244,4096/15625,11529/15625,1/3,0.77237274342372368,0.56246159704271022,0.562461597042710224032310458859001968438275900390880744544611,0.562461597042710224032310458859001968438275900390880744544612,0.56421540204250849,0.564215402042508489097688470676875061912280304489673897219110,0.564215402042508489097688470676875061912280304489673897219111,0.0017538049997982651,0.001753804999798265065378011817873093474004404098793152674498,0.001753804999798265065378011817873093474004404098793152674499,True,interior,True,False,equally_weighted_Pauli_axes,False
489/2000,0.2445,261121/1000000,738879/1000000,1/3,0.77329914100754107,0.56217307544819908,0.562173075448199076663773922903793513944655589983061268575778,0.562173075448199076663773922903793513944655589983061268575779,0.56392064760817895,0.563920647608178948007175637911157295417524141595397352098666,0.563920647608178948007175637911157295417524141595397352098667,0.0017475721599798713,0.001747572159979871343401715007363781472868551612336083522888,0.001747572159979871343401715007363781472868551612336083522889,True,interior,True,False,equally_weighted_Pauli_axes,False
49/200,0.245,2601/10000,7399/10000,1/3,0.77422340939817467,0.56188553214572691,0.561885532145726910736672766726099962246020390549099189632538,0.561885532145726910736672766726099962246020390549099189632539,0.56362687737234001,0.563626877372340009661443761254396068726233815988281123226359,0.563626877372340009661443761254396068726233815988281123226360,0.0017413452266130989,0.001741345226613098924770994528296106480213425439181933593821,0.001741345226613098924770994528296106480213425439181933593822,True,interior,True,False,equally_weighted_Pauli_axes,False
491/2000,0.2455,259081/1000000,740919/1000000,1/3,0.77514555072094952,0.56159896380701322,0.561598963807013217132721405959857547614096496010977524470899,0.561598963807013217132721405959857547614096496010977524470900,0.56333408806611072,0.563334088066110724074276985543193112078408999066213464698114,0.563334088066110724074276985543193112078408999066213464698115,0.0017351242590975069,0.001735124259097506941555579583335564464312503055235940227214,0.001735124259097506941555579583335564464312503055235940227215,True,interior,True,False,equally_weighted_Pauli_axes,False
123/500,0.246,16129/62500,46371/62500,1/3,0.77606556709418619,0.56131336712167990,0.561313367121679896790117552108662374351772534093186535604142,0.561313367121679896790117552108662374351772534093186535604143,0.56304227643807994,0.563042276438079941022586162628003351952967299968594237794980,0.563042276438079941022586162628003351952967299968594237794981,0.0017289093164000442,0.001728909316400044232468610519340977601194765875407702190838,0.001728909316400044232468610519340977601194765875407702190839,True,interior,True,False,equally_weighted_Pauli_axes,False
493/2000,0.2465,257049/1000000,742951/1000000,1/3,0.77698346062922227,0.56102873879713915,0.561028738797139148535968234029844040178059518424161487733344,0.561028738797139148535968234029844040178059518424161487733345,0.56275143925419782,0.562751439254197821581857024791503804307332961227244629943757,0.562751439254197821581857024791503804307332961227244629943758,0.0017227004570586730,0.001722700457058673045888790761659764129273442803083142210413,0.001722700457058673045888790761659764129273442803083142210414,True,interior,True,False,equally_weighted_Pauli_axes,False
247/1000,0.247,64009/250000,185991/250000,1/3,0.77789923343043376,0.56074507555848223,0.560745075558482227591452814356232074827394620035531378861271,0.560745075558482227591452814356232074827394620035531378861272,0.56246157329766819,0.562461573297668185511591506540331968251804551775924654278438,0.562461573297668185511591506540331968251804551775924654278439,0.0017164977391859579,0.001716497739185957920138692184099893424409931740393275417166,0.001716497739185957920138692184099893424409931740393275417167,True,interior,True,False,equally_weighted_Pauli_axes,False
99/400,0.2475,10201/40000,29799/40000,1/3,0.77881288759525648,0.56046237414836907,0.560462374148369066971317256282964721626245556616768899498715,0.560462374148369066971317256282964721626245556616768899498716,0.56217267536884169,0.562172675368841687085417318640975513041404890710839310523257,0.562172675368841687085417318640975513041404890710839310523258,0.0017103012204726201,0.001710301220472620114100062358010791415159334094070411024542,0.001710301220472620114100062358010791415159334094070411024543,True,interior,True,False,equally_weighted_Pauli_axes,False
31/125,0.248,3969/15625,11656/15625,1/3,0.77972442521420719,0.56018063132691875,0.560180631326918754079115086773901749936241324124454292982639,0.560180631326918754079115086773901749936241324124454292982640,0.56188474228510981,0.561884742285109812035921053527508770072996823920357231328460,0.561884742285109812035921053527508770072996823920357231328461,0.0017041109581910580,0.001704110958191057956805966753607020136755499795902938345820,0.001704110958191057956805966753607020136755499795902938345821,True,interior,True,False,equally_weighted_Pauli_axes,False
497/2000,0.2485,253009/1000000,746991/1000000,1/3,0.78063384837090479,0.55989984387160085,0.559899843871600854878513516644232874615521771594351282149930,0.559899843871600854878513516644232874615521771594351282149931,0.56159777088079969,0.561597770880799688358780253599370236040319017050388273685794,0.561597770880799688358780253599370236040319017050388273685795,0.0016979270091988335,0.001697927009198833480266736955137361424797245456036991535863,0.001697927009198833480266736955137361424797245456036991535864,True,interior,True,False,equally_weighted_Pauli_axes,False
249/1000,0.249,63001/250000,186999/250000,1/3,0.78154115914209129,0.55962000857712758,0.559620008577127578098979750874977020823275338983634514696481,0.559620008577127578098979750874977020823275338983634514696482,0.56131175800706970,0.561311758007069703794440906031463142223450578638208903466637,0.561311758007069703794440906031463142223450578638208903466638,0.0016917494299421257,0.001691749429942125695461155156486121400175239654574388770155,0.001691749429942125695461155156486121400175239654574388770156,True,interior,True,False,equally_weighted_Pauli_axes,False
499/2000,0.2495,251001/1000000,748999/1000000,1/3,0.78244635959765278,0.55934112225534677,0.559341122255346772011264223941612819596679386173197281613531,0.559341122255346772011264223941612819596679386173197281613532,0.56102670053180592,0.561026700531805922878419490343078489052036548493466934001202,0.561026700531805922878419490343078489052036548493466934001203,0.0016855782764591509,0.001685578276459150867155266401465669455357162320269652387670,0.001685578276459150867155266401465669455357162320269652387671,True,interior,True,False,equally_weighted_Pauli_axes,False
1/4,0.25,1/4,3/4,1/3,0.78334945180064027,0.55906318173513575,0.559063181735135746384315732750462382412487415832501352499766,0.559063181735135746384315732750462382412487415832501352499767,0.56074259533951930,0.560742595339519296523313599452142593569318426594308576105925,0.560742595339519296523313599452142593569318426594308576105926,0.0016794136043835501,0.001679413604383550138997866701680211156831010761807223606159,0.001679413604383550138997866701680211156831010761807223606160,True,interior,True,False,equally_weighted_Pauli_axes,False
501/2000,0.2505,249001/1000000,750999/1000000,1/3,0.78425043780729039,0.55878618386229591,0.558786183862295912310609462134326262930098942829974806149331,0.558786183862295912310609462134326262930098942829974806149332,0.56045943933124366,0.560459439331243657166792735406636696866557356317176912848916,0.560459439331243657166792735406636696866557356317176912848917,0.0016732554689477449,0.001673255468947744856183273272310433936458413487202106699585,0.001673255468947744856183273272310433936458413487202106699586,True,interior,True,False,equally_weighted_Pauli_axes,False
251/1000,0.251,62001/250000,187999/250000,1/3,0.78514931966704604,0.55851012549944823,0.558510125499448232661353795665454738934761953458031570112945,0.558510125499448232661353795665454738934761953458031570112946,0.56017722942443449,0.560177229424434492590221456586844267242757620185214107867336,0.560177229424434492590221456586844267242757620185214107867337,0.0016671039249862599,0.001667103924986259928867660921389528307995666727182537754390,0.001667103924986259928867660921389528307995666727182537754391,True,interior,True,False,equally_weighted_Pauli_axes,False
503/2000,0.2515,247009/1000000,752991/1000000,1/3,0.78604609942257699,0.55823500352592948,0.558235003525929476006676513838101830249427289377334682774519,0.558235003525929476006676513838101830249427289377334682774520,0.55989596255286849,0.559895962552868491582150790274223496741510194855046249439597,0.559895962552868491582150790274223496741510194855046249439598,0.0016609590269390156,0.001660959026939015575474276436121666492082905477711566665077,0.001660959026939015575474276436121666492082905477711566665078,True,interior,True,False,equally_weighted_Pauli_axes,False
63/250,0.252,3844/15625,11781/15625,1/3,0.78694077910980026,0.55796081483768927,0.557960814837689266908686285986741129299553440945599881545922,0.557960814837689266908686285986741129299553440945599881545923,0.55961563566654385,0.559615635666543854689710748817161071993096618723574125207114,0.559615635666543854689710748817161071993096618723574125207115,0.0016548208288545878,0.001654820828854587781024462830419942693543177777974243661191,0.001654820828854587781024462830419942693543177777974243661192,True,interior,True,False,equally_weighted_Pauli_axes,False
101/400,0.2525,9801/40000,30199/40000,1/3,0.78783336075790052,0.55768755634718793,0.557687556347187925567271894982650968971606053989147904868435,0.557687556347187925567271894982650968971606053989147904868436,0.55933624573158136,0.559336245731581363368956786410894861931168566327307454262138,0.559336245731581363368956786410894861931168566327307454262139,0.0016486893843934378,0.001648689384393437801684891428243892959562512338159549393703,0.001648689384393437801684891428243892959562512338159549393704,True,interior,True,False,equally_weighted_Pauli_axes,False
253/1000,0.253,61009/250000,188991/250000,1/3,0.78872384638935037,0.55741522498329509,0.557415224983295089869649880224835017195372092612731598180225,0.557415224983295089869649880224835017195372092612731598180226,0.55905778973012620,0.559057789730126200912475857542608343175599617611352630756934,0.559057789730126200912475857542608343175599617611352630756935,0.0016425647468311110,0.001642564746831111042825977317773325980227524998621032576708,0.001642564746831111042825977317773325980227524998621032576709,True,interior,True,False,equally_weighted_Pauli_axes,False
507/2000,0.2535,243049/1000000,756951/1000000,1/3,0.78961223801993048,0.55714381769118911,0.557143817691189112965011584477924516167789961012291038151861,0.557143817691189112965011584477924516167789961012291038151862,0.55878026466025052,0.558780264660250518599053003852670677908022837256555940122785,0.558780264660250518599053003852670677908022837256555940122786,0.0016364469690614056,0.001636446969061405634041419374746161740232876244264901970924,0.001636446969061405634041419374746161740232876244264901970925,True,interior,True,False,equally_weighted_Pauli_axes,False
127/500,0.254,15129/62500,47371/62500,1/3,0.79049853765874968,0.55687333143225723,0.556873331432257229555163140015031438253540007529855029949678,0.556873331432257229555163140015031438253540007529855029949679,0.55850366753585674,0.558503667535856740575946587592486106510589130589405292234995,0.558503667535856740575946587592486106510589130589405292234996,0.0016303361035995110,0.001630336103599511020783447577454668257049123059550262285317,0.001630336103599511020783447577454668257049123059550262285318,True,interior,True,False,equally_weighted_Pauli_axes,False
509/2000,0.2545,241081/1000000,758919/1000000,1/3,0.79138274730826495,0.55660376318399648,0.556603763183996484160806784310486227174920469233934264338559,0.556603763183996484160806784310486227174920469233934264338560,0.55822799538658160,0.558227995386581601049328760710812297567692176952855482109547,0.558227995386581601049328760710812297567692176952855482109548,0.0016242322025851169,0.001624232202585116888521976400326070392771707718921217770987,0.001624232202585116888521976400326070392771707718921217770988,True,interior,True,False,equally_weighted_Pauli_axes,False
51/200,0.255,2401/10000,7599/10000,1/3,0.79226486896430133,0.55633510993991541,0.556335109939915414691088971050632979231594628565205078100799,0.556335109939915414691088971050632979231594628565205078100800,0.55795324525770091,0.557953245257700907422726734148435152040316939913756290054514,0.557953245257700907422726734148435152040316939913756290054515,0.0016181353177854927,0.001618135317785492731637763097802172808722311348551211953715,0.001618135317785492731637763097802172808722311348551211953716,True,interior,True,False,equally_weighted_Pauli_axes,False
511/2000,0.2555,239121/1000000,760879/1000000,1/3,0.79314490461607171,0.55606736870943648,0.556067368709436484711249817285630676883299174138303391079772,0.556067368709436484711249817285630676883299174138303391079773,0.55767941421003502,0.557679414210035023086858990944365494341893792141522534553405,0.557679414210035023086858990944365494341893792141522534553406,0.0016120455005985384,0.001612045500598538375609173658734817458594618003219143473633,0.001612045500598538375609173658734817458594618003219143473634,True,interior,True,False,equally_weighted_Pauli_axes,False
32/125,0.256,3721/15625,11904/15625,1/3,0.79402285624619656,0.55580053651779926,0.555800536517799257869659145932152901243973297567864586594890,0.555800536517799257869659145932152901243973297567864586594891,0.55740649931985506,0.557406499319855063627107743428209629068022163578548722577292,0.557406499319855063627107743428209629068022163578548722577293,0.0016059628020558058,0.001605962802055805757448597496056727824048866010684135982402,0.001605962802055805757448597496056727824048866010684135982403,True,interior,True,False,equally_weighted_Pauli_axes,False
513/2000,0.2565,237169/1000000,762831/1000000,1/3,0.79489872583072351,0.55553461040596431,0.555534610405964308011226255393082153105452327053312269848367,0.555534610405964308011226255393082153105452327053312269848368,0.55713449767878980,0.557134497678789800277013520520242414408549267162537989282897,0.557134497678789800277013520520242414408549267162537989282898,0.0015998872728254923,0.001599887272825492265787265127160261303096940109225719434530,0.001599887272825492265787265127160261303096940109225719434531,True,interior,True,False,equally_weighted_Pauli_axes,False
257/1000,0.257,59049/250000,190951/250000,1/3,0.79577251533914697,0.55526958743051786,0.555269587430517858569132954657340521864830293605125684532168,0.555269587430517858569132954657340521864830293605125684532169,0.55686340639373326,0.556863406393733264507628516494231958341151051816155836076208,0.556863406393733264507628516494231958341151051816155836076209,0.0015938189632154059,0.001593818963215405938495561836891436476320758211030151544040,0.001593818963215405938495561836891436476320758211030151544041,True,interior,True,False,equally_weighted_Pauli_axes,False
103/400,0.2575,9409/40000,30591/40000,1/3,0.79664422673442747,0.55500546466357714,0.555005464663577144891071593752506047828594179668281803478277,0.555005464663577144891071593752506047828594179668281803478278,0.55659322258675305,0.556593222586753047703330848873892395922157144029099406736167,0.556593222586753047703330848873892395922157144029099406736168,0.0015877579231759028,0.001587757923175902812259255121386348093562964360817603257889,0.001587757923175902812259255121386348093562964360817603257890,True,interior,True,False,equally_weighted_Pauli_axes,False
129/500,0.258,14641/62500,47859/62500,1/3,0.79751386197301111,0.55474223919269649,0.554742239192696493219680919650125829072239125392876052304831,0.554742239192696493219680919650125829072239125392876052304832,0.55632394339499929,0.556323943394999289934790654483385492490818477066926880421677,0.556323943394999289934790654483385492490818477066926880421678,0.0015817042023027967,0.001581704202302796715109734833259663418579351674050828116846,0.001581704202302796715109734833259663418579351674050828116847,True,interior,True,False,equally_weighted_Pauli_axes,False
517/2000,0.2585,233289/1000000,766711/1000000,1/3,0.79838142300484877,0.55447990812077411,0.554479908120774110109671595309894222749270377948154212125284,0.554479908120774110109671595309894222749270377948154212125285,0.55605556597061435,0.556055565970614351899199377505550089109226292771366301672038,0.556055565970614351899199377505550089109226292771366301672039,0.0015756578498402418,0.001575657849840241789527782195655866359955914823212089546753,0.001575657849840241789527782195655866359955914823212089546754,True,interior,True,False,equally_weighted_Pauli_axes,False
259/1000,0.259,58081/250000,191919/250000,1/3,0.79924691177341531,0.55421846856595958,0.554218468565959576126229009842776039702303900949035327715269,0.554218468565959576126229009842776039702303900949035327715270,0.55578808748064316,0.555788087480643164156633936281930605704414669144955318120397,0.555788087480643164156633936281930605704414669144955318120398,0.0015696189146835880,0.001569618914683588030404926439154566002110768195919990405127,0.001569618914683588030404926439154566002110768195919990405128,True,interior,True,False,equally_weighted_Pauli_axes,False
519/2000,0.2595,231361/1000000,768639/1000000,1/3,0.80011033021572865,0.55395791766156204,0.553957917661562037730682334671991175372379731022317995634650,0.553957917661562037730682334671991175372379731022317995634651,0.55552150510694425,0.555521505106944247849535848880360473755367695323840241299927,0.555521505106944247849535848880360473755367695323840241299928,0.0015635874453822101,0.001563587445382210118853514208369298382987964301522245665276,0.001563587445382210118853514208369298382987964301522245665277,True,interior,True,False,equally_weighted_Pauli_axes,False
13/50,0.26,144/625,481/625,1/3,0.80097168026236880,0.55369825255595909,0.553698252555959091320144278331870312700158498506491512423898,0.553698252555959091320144278331870312700158498506491512423899,0.55525581604610140,0.555255816046101401149749892984001189150950509071250241308496,0.555255816046101401149749892984001189150950509071250241308497,0.0015575634901423098,0.001557563490142309829605614652130876450792010564758728884598,0.001557563490142309829605614652130876450792010564758728884599,True,interior,True,False,equally_weighted_Pauli_axes,False
521/2000,0.2605,229441/1000000,770559/1000000,1/3,0.80183096383749675,0.55343947041250635,0.553439470412506353447864177567553392362376524933653564704573,0.553439470412506353447864177567553392362376524933653564704574,0.55499101750933605,0.554991017509336045734395406340211320891285463833620600306550,0.554991017509336045734395406340211320891285463833620600306551,0.0015515470968296923,0.001551547096829692286531228772657928528908938899967035601977,0.001551547096829692286531228772657928528908938899967035601978,True,interior,True,False,equally_weighted_Pauli_axes,False
261/1000,0.261,57121/250000,192879/250000,1/3,0.80268818285887330,0.55318156840944771,0.553181568409447711310406334978724074143725539507819738943681,0.553181568409447711310406334978724074143725539507819738943682,0.55472710672242023,0.554727106722420227648043725470562580407840713850840196701528,0.554727106722420227648043725470562580407840713850840196701529,0.0015455383129725163,0.001545538312972516337637390491838506264115174343020457757847,0.001545538312972516337637390491838506264115174343020457757848,True,interior,True,False,equally_weighted_Pauli_axes,False
523/2000,0.2615,227529/1000000,772471/1000000,1/3,0.80354333923787784,0.55292454373982625,0.552924543739826247646474159504497279396819855393585093470799,0.552924543739826247646474159504497279396819855393585093470800,0.55446408092559027,0.554464080925590266964255232491042712136007208600708408663098,0.554464080925590266964255232491042712136007208600708408663099,0.0015395371857640193,0.001539537185764019317781072986545432739187353207123315192298,0.001539537185764019317781072986545432739187353207123315192299,True,interior,True,False,equally_weighted_Pauli_axes,False
131/500,0.262,14161/62500,48339/62500,1/3,0.80439643487952698,0.55266839361139583,0.552668393611395834250256858809236860174604337009410279920005,0.552668393611395834250256858809236860174604337009410279920006,0.55420193737346105,0.554201937373461050714496648471136717890380227910949044683445,0.554201937373461050714496648471136717890380227910949044683446,0.0015335437620652165,0.001533543762065216464239789661899857715775890901538764763440,0.001533543762065216464239789661899857715775890901538764763441,True,interior,True,False,equally_weighted_Pauli_axes,False
21/80,0.2625,361/1600,1239/1600,1/3,0.80524747168249310,0.55241311524653339,0.552413115246533388359587234324384082039652691770670130332866,0.552413115246533388359587234324384082039652691770670130332867,0.55394067333494096,0.553940673334940963606821089891916452494151010397653902019632,0.553940673334940963606821089891916452494151010397653902019633,0.0015275580884075752,0.001527558088407575247233855567532370454498318626983771686765,0.001527558088407575247233855567532370454498318626983771686766,True,interior,True,False,equally_weighted_Pauli_axes,False
263/1000,0.263,56169/250000,193831/250000,1/3,0.80609645153912292,0.55215870588215179,0.552158705882151786235974493185604421537386822361640050289521,0.552158705882151786235974493185604421537386822361640050289522,0.55368028609314745,0.553680286093147451110457404446557071840162905647214547393221,0.553680286093147451110457404446557071840162905647214547393222,0.0015215802109956649,0.001521580210995664874482911260952650302776083285574497103700,0.001521580210995664874482911260952650302776083285574497103701,True,interior,True,False,equally_weighted_Pauli_axes,False
527/2000,0.2635,223729/1000000,776271/1000000,1/3,0.80694337633545581,0.55190516276961343,0.551905162769613428309722761683536711904878140835469529915154,0.551905162769613428309722761683536711904878140835469529915155,0.55342077294532321,0.553420772945323209535628736025646922160434695686363963735190,0.553420772945323209535628736025646922160434695686363963735191,0.0015156101757097812,0.001515610175709781225905974342110210255556554850894433820036,0.001515610175709781225905974342110210255556554850894433820037,True,interior,True,False,equally_weighted_Pauli_axes,False
33/125,0.264,3481/15625,12144/15625,1/3,0.80778824795124219,0.55165248317464445,0.551652483174644450318871901066834328609436495693918160677924,0.551652483174644450318871901066834328609436495693918160677925,0.55316213120275300,0.553162131202752997790510350431816343076477500733673101377990,0.553162131202752997790510350431816343076477500733673101377991,0.0015096480281085475,0.001509648028108547471638449364982014467041005039754940700065,0.001509648028108547471638449364982014467041005039754940700066,True,interior,True,False,equally_weighted_Pauli_axes,False
529/2000,0.2645,221841/1000000,778159/1000000,1/3,0.80863106825996170,0.55140066437724957,0.551400664377249574925609922951436740570790407237263668812038,0.551400664377249574925609922951436740570790407237263668812039,0.55290435819068107,0.552904358190681065549250600621723420300529407226917822501115,0.552904358190681065549250600621723420300529407226917822501116,0.0015036938134314906,0.001503693813431490623640677670286679729738999989654153689076,0.001503693813431490623640677670286679729738999989654153689077,True,interior,True,False,equally_weighted_Pauli_axes,False
53/200,0.265,2209/10000,7791/10000,1/3,0.80947183912884141,0.55114970367162760,0.551149703671627598348113309501143975147557031139053314228882,0.551149703671627598348113309501143975147557031139053314228883,0.55264745124822919,0.552647451248229192616423545201136413251455288456772504537015,0.552647451248229192616423545201136413251455288456772504537016,0.0014977475766015943,0.001497747576601594268310235699992438103898257317719190308133,0.001497747576601594268310235699992438103898257317719190308134,True,interior,True,False,equally_weighted_Pauli_axes,False
531/2000,0.2655,219961/1000000,780039/1000000,1/3,0.81031056241887386,0.55089959836608751,0.550899598366087506599480292716593694814982813955670959886583,0.550899598366087506599480292716593694814982813955670959886584,0.55239140772831533,0.552391407728315334324164084690009940133338601923770949794049,0.552391407728315334324164084690009940133338601923770949794050,0.0014918093622278277,0.001491809362227827724683791973416245318355787968099989907465,0.001491809362227827724683791973416245318355787968099989907466,True,interior,True,False,equally_weighted_Pauli_axes,False
133/500,0.266,13689/62500,48811/62500,1/3,0.81114723998483507,0.55065034578296522,0.550650345782965215978539967323831383244714982569025149974028,0.550650345782965215978539967323831383244714982569025149974029,0.55213622499757287,0.552136224997572867848563382354519425800855252244460658180827,0.552136224997572867848563382354519425800855252244460658180828,0.0014858792146076519,0.001485879214607651870023415030688042556140269675435508206798,0.001485879214607651870023415030688042556140269675435508206799,True,interior,True,False,equally_weighted_Pauli_axes,False
533/2000,0.2665,218089/1000000,781911/1000000,1/3,0.81198187367530242,0.55040194325854093,0.550401943258540932509854234035627349116681131541114742934870,0.550401943258540932509854234035627349116681131541114742934871,0.55188190043627043,0.551881900436270434381680534581786512985471547104518431431804,0.551881900436270434381680534581786512985471547104518431431805,0.0014799571777295019,0.001479957177729501871826300546159163868790415563403688496933,0.001479957177729501871826300546159163868790415563403688496934,True,interior,True,False,equally_weighted_Pauli_axes,False
267/1000,0.267,54289/250000,195711/250000,1/3,0.81281446533267249,0.55015438814295713,0.550154388142957125082187128384133074087308351934218046922711,0.550154388142957125082187128384133074087308351934218046922712,0.55162843143823237,0.551628431438232372144762604371530961862397263292195078231325,0.551628431438232372144762604371530961862397263292195078231326,0.0014740432952752471,0.001474043295275247062575475987397887775088911357977031308613,0.001474043295275247062575475987397887775088911357977031308614,True,interior,True,False,equally_weighted_Pauli_axes,False
107/400,0.2675,8649/40000,31351/40000,1/3,0.81364501679317881,0.54990767780013711,0.549907677800137107086104123200017942279678820315180006743572,0.549907677800137107086104123200017942279678820315180006743573,0.55137581541075974,0.551375815410759735276965796475424284752333797216808527479675,0.551375815410759735276965796475424284752333797216808527479676,0.0014681376106226282,0.001468137610622628190861673275406342472654976901628520736103,0.001468137610622628190861673275406342472654976901628520736104,True,interior,True,False,equally_weighted_Pauli_axes,False
67/250,0.268,3364/15625,12261/15625,1/3,0.81447352988690953,0.54966180960770422,0.549661809607704221402189444140258109247332627775819323754537,0.549661809607704221402189444140258109247332627775819323754538,0.55112404977455189,0.551124049774551893682042212670564849890219782838643323944027,0.551124049774551893682042212670564849890219782838643323944028,0.0014622401668476723,0.001462240166847672279852768530306740642887155062824000189490,0.001462240166847672279852768530306740642887155062824000189491,True,interior,True,False,equally_weighted_Pauli_axes,False
537/2000,0.2685,214369/1000000,785631/1000000,1/3,0.81530000643782497,0.54941678095690162,0.549416780956901623641639158512935674151418512119107453831704,0.549416780956901623641639158512935674151418512119107453831705,0.55087313196362871,0.550873131963628708963105673217393123274638409784073650423486,0.550873131963628708963105673217393123274638409784073650423487,0.0014563510067270853,0.001456351006727085321466514704457449123219897664966196591781,0.001456351006727085321466514704457449123219897664966196591782,True,interior,True,False,equally_weighted_Pauli_axes,False
269/1000,0.269,53361/250000,196639/250000,1/3,0.81612444826377516,0.54917258925251266,0.549172589252512658590708547506517251044064005523069443971415,0.549172589252512658590708547506517251044064005523069443971416,0.55062305942525328,0.550623059425253281622722833547226660320196887391234381690285,0.550623059425253281622722833547226660320196887391234381690286,0.0014504701727406230,0.001450470172740623032014286040709409276132881868164937718869,0.001450470172740623032014286040709409276132881868164937718870,True,interior,True,False,equally_weighted_Pauli_axes,False
539/2000,0.2695,212521/1000000,787479/1000000,1/3,0.81694685717651724,0.54892923191278182,0.548929231912781824859670720056377017584346180138974308536259,0.548929231912781824859670720056377017584346180138974308536260,0.55037382961985526,0.550373829619855264752198487912653416896175203865012292345378,0.550373829619855264752198487912653416896175203865012292345379,0.0014445977070734399,0.001444597707073439892527767856276399311829023726037983809119,0.001444597707073439892527767856276399311829023726037983809120,True,interior,True,False,equally_weighted_Pauli_axes,False
27/100,0.27,529/2500,1971/2500,1/3,0.81776723498173282,0.54868670636933632,0.548686706369336322785586153298924086228735264197869359715283,0.548686706369336322785586153298924086228735264197869359715284,0.55012544002095474,0.550125440020954739480042676023837077311003615471670934712564,0.550125440020954739480042676023837077311003615471670934712565,0.0014387336516184167,0.001438733651618416694456522724912991082268351273801574997280,0.001438733651618416694456522724912991082268351273801574997281,True,interior,True,False,equally_weighted_Pauli_axes,False
541/2000,0.2705,210681/1000000,789319/1000000,1/3,0.81858558347904523,0.54844501006710818,0.548445010067108180686296342565237974983292351143985673901642,0.548445010067108180686296342565237974983292351143985673901643,0.54987788811508665,0.549877888115086647495228055328179221593730925079065823274917,0.549877888115086647495228055328179221593730925079065823274918,0.0014328780479784668,0.001432878047978466808931712762941246610438573935080149373275,0.001432878047978466808931712762941246610438573935080149373276,True,interior,True,False,equally_weighted_Pauli_axes,False
271/1000,0.271,52441/250000,197559/250000,1/3,0.81940190446203670,0.54820414046425695,0.548204140464256954610645419481151653602744037235021359937904,0.548204140464256954610645419481151653602744037235021359937905,0.54963117140172578,0.549631171401725776005974951316234008628736496411469037764530,0.549631171401725776005974951316234008628736496411469037764531,0.0014270309374688214,0.001427030937468821395329531835082355025992459176447677826625,0.001427030937468821395329531835082355025992459176447677826626,True,interior,True,False,equally_weighted_Pauli_axes,False
543/2000,0.2715,208849/1000000,791151/1000000,1/3,0.82021619971826551,0.54796409503209300,0.547964095032092996777007771189055517352437736316403594774223,0.547964095032092996777007771189055517352437736316403594774224,0.54938528739321229,0.549385287393212290539444452954605403749545514373564282062168,0.549385287393212290539444452954605403749545514373564282062169,0.0014211923611192938,0.001421192361119293762436681765549886397107778057160687287945,0.001421192361119293762436681765549886397107778057160687287946,True,interior,True,False,equally_weighted_Pauli_axes,False
34/125,0.272,3249/15625,12376/15625,1/3,0.82102847102928298,0.54772487125500129,0.547724871255001287938763604331123172689793833060423262139441,0.547724871255001287938763604331123172689793833060423262139442,0.54914023361467781,0.549140233614677811031882704246194255138080177587554416932080,0.549140233614677811031882704246194255138080177587554416932081,0.0014153623596765231,0.001415362359676523093119099915071082448286344527131154792638,0.001415362359676523093119099915071082448286344527131154792639,True,interior,True,False,equally_weighted_Pauli_axes,False
109/400,0.2725,8281/40000,31719/40000,1/3,0.82183872017065042,0.54748646663036583,0.547486466630365828961424198913376131606625956518731944976096,0.547486466630365828961424198913376131606625956518731944976097,0.54889600760397203,0.548896007603972026702447903592753032121504303782276408453058,0.548896007603972026702447903592753032121504303782276408453059,0.0014095409736061977,0.001409540973606197741023704679376900514878347263544463476962,0.001409540973606197741023704679376900514878347263544463476963,True,interior,True,False,equally_weighted_Pauli_axes,False
273/1000,0.273,51529/250000,198471/250000,1/3,0.82264694891195605,0.54724887866849459,0.547248878668494586941670362715025232219277358804941402768399,0.547248878668494586941670362715025232219277358804941402768400,0.54865260691158985,0.548652606911589845247171132179440538101795569142190296381761,0.548652606911589845247171132179440538101795569142190296381762,0.0014037282430952583,0.001403728243095258305500769464415305882518210337248893613362,0.001403728243095258305500769464415305882518210337248893613363,True,interior,True,False,equally_weighted_Pauli_axes,False
547/2000,0.2735,205209/1000000,794791/1000000,1/3,0.82345315901683174,0.54701210489254499,0.547012104892544991243637319434440194391912920111719102841290,0.547012104892544991243637319434440194391912920111719102841291,0.54841002910059907,0.548410029100599071932258588694451971065334482806338882153343,0.548410029100599071932258588694451971065334482806338882153344,0.0013979242080540807,0.001397924208054080688621269260011776673421562694619779312052,0.001397924208054080688621269260011776673421562694619779312053,True,interior,True,False,equally_weighted_Pauli_axes,False
137/500,0.274,12769/62500,49731/62500,1/3,0.82425735224296978,0.54677614283844997,0.546776142838449974872362857052462206874402349366794125448669,0.546776142838449974872362857052462206874402349366794125448670,0.54816827174656861,0.548168271746568614208241634665171152246122050978340475609474,0.548168271746568614208241634665171152246122050978340475609475,0.0013921289081186393,0.001392128908118639335878777612708945371719701611546350160805,0.001392128908118639335878777612708945371719701611546350160806,True,interior,True,False,equally_weighted_Pauli_axes,False
549/2000,0.2745,203401/1000000,796599/1000000,1/3,0.82505953034213952,0.54654099005484456,0.546540990054844556648418862729462330759316443622510831807340,0.546540990054844556648418862729462330759316443622510831807341,0.54792733243749721,0.547927332437497207508327704557875397883371769311365711411435,0.547927332437497207508327704557875397883371769311365711411436,0.0013863423826526509,0.001386342382652650859908841828413067124055325688854879604094,0.001386342382652650859908841828413067124055325688854879604095,True,interior,True,False,equally_weighted_Pauli_axes,False
11/40,0.275,81/400,319/400,1/3,0.82585969506020390,0.54630664410299296,0.546306644102992959691375135843357013225726441035582484571488,0.546306644102992959691375135843357013225726441035582484571489,0.54768720877374266,0.547687208773742657935704988300777435090022223629928095215722,0.547687208773742657935704988300777435090022223629928095215723,0.0013805646707496982,0.001380564670749698244329852457420421864295782594345610644234,0.001380564670749698244329852457420421864295782594345610644235,True,interior,True,False,equally_weighted_Pauli_axes,False
551/2000,0.2755,201601/1000000,798399/1000000,1/3,0.82665784813713601,0.54607310255671626,0.546073102556716261762904284659596041251710529122412768928923,0.546073102556716261762904284659596041251710529122412768928924,0.54744789836795160,0.547447898367951597585512161543726385025244185110950578539617,0.547447898367951597585512161543726385025244185110950578539618,0.0013747958112353358,0.001374795811235335822607876884130343773533655988537809610693,0.001374795811235335822607876884130343773533655988537809610694,True,interior,True,False,equally_weighted_Pauli_axes,False
69/250,0.276,3136/15625,12489/15625,1/3,0.82745399130703547,0.54584036300232057,0.545840363002320573063033183054893095692213662761059845120168,0.545840363002320573063033183054893095692213662761059845120169,0.54720939884498975,0.547209398844989748287706561999736463394713306115405975422553,0.547209398844989748287706561999736463394713306115405975422554,0.0013690358426691752,0.001369035842669175224673378944843367702499643354346130302385,0.001369035842669175224673378944843367702499643354346130302386,True,interior,True,False,equally_weighted_Pauli_axes,False
553/2000,0.2765,199809/1000000,800191/1000000,1/3,0.82824812629814476,0.54560842303852574,0.545608423038525737115285426534343455989530298659465129720300,0.545608423038525737115285426534343455989530298659465129720301,0.54697170784187269,0.546971707841872689597155261589956656935403582956901723947741,0.546971707841872689597155261589956656935403582956901723947742,0.0013632848033469525,0.001363284803346952481869835055613200945873284297436594227441,0.001363284803346952481869835055613200945873284297436594227442,True,interior,True,False,equally_weighted_Pauli_axes,False
277/1000,0.277,49729/250000,200271/250000,1/3,0.82904025483286556,0.54537728027639455,0.545377280276394550418245943766495822412711205448423853866497,0.545377280276394550418245943766495822412711205448423853866498,0.54673482300769713,0.546734823007697126896938569499492151027380001464667081521259,0.546734823007697126896938569499492151027380001464667081521260,0.0013575427313025765,0.001357542731302576478692625732996328614668796016243227654761,0.001357542731302576478692625732996328614668796016243227654762,True,interior,True,False,equally_weighted_Pauli_axes,False
111/400,0.2775,7921/40000,32079/40000,1/3,0.82983037862777486,0.54514693233926250,0.545146932339262496582418781769839707607989314891902974881126,0.545146932339262496582418781769839707607989314891902974881127,0.54649874200357266,0.546498742003572655520099659964663069899180804494253614280193,0.546498742003572655520099659964663069899180804494253614280194,0.0013518096643101589,0.001351809664310158937680878194823362291191489602350639399066,0.001351809664310158937680878194823362291191489602350639399067,True,interior,True,False,equally_weighted_Pauli_axes,False
139/500,0.278,12321/62500,50179/62500,1/3,0.83061849939364116,0.54491737686266799,0.544917376862667990712147409972153203517054794177468900535741,0.544917376862667990712147409972153203517054794177468900535742,0.54626346250255402,0.546263462502554016833902224564282909743549986126814582105131,0.546263462502554016833902224564282909743549986126814582105132,0.0013460856398860261,0.001346085639886026121754814592129706226495191949345681569390,0.001346085639886026121754814592129706226495191949345681569391,True,interior,True,False,equally_weighted_Pauli_axes,False
557/2000,0.2785,196249/1000000,803751/1000000,1/3,0.83140461883544048,0.54468861149428313,0.544688611494283129832828931389963026235705119055336908982613,0.544688611494283129832828931389963026235705119055336908982614,0.54602898218957384,0.546028982189573842269075211408963417265281127090201907183926,0.546028982189573842269075211408963417265281127090201907183927,0.0013403706952907124,0.001340370695290712436246280019000391029576008034864998201312,0.001340370695290712436246280019000391029576008034864998201313,True,interior,True,False,equally_weighted_Pauli_axes,False
279/1000,0.279,48841/250000,201159/250000,1/3,0.83218873865237235,0.54446063389384495,0.544460633893844945203684530391268024618372949362251518425298,0.544460633893844945203684530391268024618372949362251518425299,0.54579529876137588,0.545795298761375881314534678774638261786040317357244594228356,0.545795298761375881314534678774638261786040317357244594228357,0.0013346648675309361,0.001334664867530936110850148383370237167667367994993075803057,0.001334664867530936110850148383370237167667367994993075803058,True,interior,True,False,equally_weighted_Pauli_axes,False
559/2000,0.2795,194481/1000000,805519/1000000,1/3,0.83297086053787572,0.54423344173308715,0.544233441733087152395953440631133914172462228794610564919330,0.544233441733087152395953440631133914172462228794610564919331,0.54556240992644871,0.545562409926448709535682341599134359435899047232488831753727,0.545562409926448709535682341599134359435899047232488831753728,0.0013289681933615571,0.001328968193361557139728900968000445263436818437878266834397,0.001328968193361557139728900968000445263436818437878266834398,True,interior,True,False,equally_weighted_Pauli_axes,False
7/25,0.28,121/625,504/625,1/3,0.83375098617964478,0.54400703269567240,0.544007032695672395055561731935106143329098229116173983752354,0.544007032695672395055561731935106143329098229116173983752355,0.54533031340495991,0.545330313404959912711593247255670531909731040789516745772504,0.545330313404959912711593247255670531909731040789516745772505,0.0013232807092875177,0.001323280709287517656031515320564388580632811673342762020150,0.001323280709287517656031515320564388580632811673342762020151,True,interior,True,False,equally_weighted_Pauli_axes,False
561/2000,0.2805,192721/1000000,807279/1000000,1/3,0.83452911725964474,0.54378140447712498,0.543781404477124978308085273670707240029682158661901693644188,0.543781404477124978308085273670707240029682158661901693644189,0.54509900692869074,0.545099006928690743223225842619298221000968326302481839987029,0.545099006928690743223225842619298221000968326302481839987030,0.0013176024515657649,0.001317602451565764915140568948590980971286167640580146342841,0.001317602451565764915140568948590980971286167640580146342842,True,interior,True,False,equally_weighted_Pauli_axes,False
281/1000,0.281,47961/250000,202039/250000,1/3,0.83530525545412751,0.54355655478476409,0.543556554784764087802183252316859885640196272934441997817928,0.543556554784764087802183252316859885640196272934441997817929,0.54486848824097124,0.544868488240971244861221088076063875413400955429737264747522,0.544868488240971244861221088076063875413400955429737264747523,0.0013119334562071571,0.001311933456207157059037835759203989773204682495295266929593,0.001311933456207157059037835759203989773204682495295266929594,True,interior,True,False,equally_weighted_Pauli_axes,False
563/2000,0.2815,190969/1000000,809031/1000000,1/3,0.83607940243364731,0.54333248133763749,0.543332481337637490425629456558497251584887387475896125775111,0.543332481337637490425629456558497251584887387475896125775112,0.54463875509661584,0.544638755096615842257907776998611887602599715123769637231310,0.544638755096615842257907776998611887602599715123769637231311,0.0013062737589783518,0.001306273758978351832278320440114636017712327647873511456199,0.001306273758978351832278320440114636017712327647873511456200,True,interior,True,False,equally_weighted_Pauli_axes,False
141/500,0.282,11881/62500,50619/62500,1/3,0.83685155986307625,0.54310918186645571,0.543109181866455712765617985463897576939099787432948738937866,0.543109181866455712765617985463897576939099787432948738937867,0.54440980526185939,0.544409805261859391183803314149894610393745381782661591341136,0.544409805261859391183803314149894610393745381782661591341137,0.0013006233954036784,0.001300623395403678418185328685997033454645594349712852403269,0.001300623395403678418185328685997033454645594349712852403270,True,interior,True,False,equally_weighted_Pauli_axes,False
113/400,0.2825,7569/40000,32431/40000,1/3,0.83762172940161977,0.54288665411352669,0.542886654113526693422172813320144200570705753006387835347085,0.542886654113526693422172813320144200570705753006387835347086,0.54418163651429369,0.544181636514293685984197318736403622493191635965765746062028,0.544181636514293685984197318736403622493191635965765746062029,0.0012949824007669926,0.001294982400766992562024505416259421922485882959377910714943,0.001294982400766992562024505416259421922485882959377910714944,True,interior,True,False,equally_weighted_Pauli_axes,False
283/1000,0.283,47089/250000,202911/250000,1/3,0.83838991270283206,0.54266489583269091,0.542664895832690905320251426566752972059149050617759726866081,0.542664895832690905320251426566752972059149050617759726866082,0.54395424664280442,0.543954246642804420466333915911884887079134017821551560998192,0.543954246642804420466333915911884887079134017821551560998193,0.0012893508101135151,0.001289350810113515146082489345131915019984967203791834132111,0.001289350810113515146082489345131915019984967203791834132112,True,interior,True,False,equally_weighted_Pauli_axes,False
567/2000,0.2835,187489/1000000,812511/1000000,1/3,0.83915611141463142,0.54244390478925694,0.542443904789256944202506141783947343263945995907853083204561,0.542443904789256944202506141783947343263945995907853083204562,0.54372763344750860,0.543727633447508598582271776964097771258967595643233350018566,0.543727633447508598582271776964097771258967595643233350018567,0.0012837286582516544,0.001283728658251654379765635180150427995021599735380266814004,0.001283728658251654379765635180150427995021599735380266814005,True,interior,True,False,equally_weighted_Pauli_axes,False
71/250,0.284,2916/15625,12709/15625,1/3,0.83992032717931550,0.54222367875993758,0.542223678759937579520657267259400177454758319517606914310532,0.542223678759937579520657267259400177454758319517606914310533,0.54350179473969239,0.543501794739692391286703120549342461235596691874741863510481,0.543501794739692391286703120549342461235596691874741863510482,0.0012781159797548118,0.001278115979754811766045853289942283780838372357134949199949,0.001278115979754811766045853289942283780838372357134949199950,True,interior,True,False,equally_weighted_Pauli_axes,False
569/2000,0.2845,185761/1000000,814239/1000000,1/3,0.84068256163357649,0.54200421553278626,0.542004215532786263979044474104016490757071926730785537369362,0.542004215532786263979044474104016490757071926730785537369363,0.54327672834174944,0.543276728341749435982858198107205017572187972977717683390147,0.543276728341749435982858198107205017572187972977717683390148,0.0012725128089631720,0.001272512808963172003813724003188526815116046246932146020784,0.001272512808963172003813724003188526815116046246932146020785,True,interior,True,False,equally_weighted_Pauli_axes,False
57/200,0.285,1849/10000,8151/10000,1/3,0.84144281640851630,0.54178551290713410,0.541785512907134098019161028294059845427120040095393912686621,0.541785512907134098019161028294059845427120040095393912686622,0.54305243208711958,0.543052432087119575003114405271298788877955371505590360170620,0.543052432087119575003114405271298788877955371505590360170621,0.0012669191799854770,0.001266919179985476983953376977238943450835331410196447483998,0.001266919179985476983953376977238943450835331410196447483999,True,interior,True,False,equally_weighted_Pauli_axes,False
571/2000,0.2855,184041/1000000,815959/1000000,1/3,0.84220109312966157,0.54156756869352725,0.541567568693527245568844277526355431351297124193484597513367,0.541567568693527245568844277526355431351297124193484597513368,0.54282890382022803,0.542828903820228029604073184062950648682975127658211338725070,0.542828903820228029604073184062950648682975127658211338725071,0.0012613351267007840,0.001261335126700784035228906536595217331678003464726741211703,0.001261335126700784035228906536595217331678003464726741211704,True,interior,True,False,equally_weighted_Pauli_axes,False
143/500,0.286,11449/62500,51051/62500,1/3,0.84295739341697868,0.54135038071366480,0.541350380713664797414299305388173539606032780794468697900391,0.541350380713664797414299305388173539606032780794468697900392,0.54260614139642501,0.542606141396425005988667352114103607314998034640653047499651,0.542606141396425005988667352114103607314998034640653047499652,0.0012557606827602086,0.001255760682760208574368046725930067708965253846184349599260,0.001255760682760208574368046725930067708965253846184349599261,True,interior,True,False,equally_weighted_Pauli_axes,False
573/2000,0.2865,182329/1000000,817671/1000000,1/3,0.84371171888488867,0.54113394680033708,0.541133946800337078587275223712203522295900343022573649685693,0.541133946800337078587275223712203522295900343022573649685694,0.54238414268192573,0.542384142681925729900320407866390934584702388641485419527280,0.542384142681925729900320407866390934584702388641485419527281,0.0012501958815886513,0.001250195881588651313045184154187412288802045618911769841587,0.001250195881588651313045184154187412288802045618911769841588,True,interior,True,False,equally_weighted_Pauli_axes,False
287/1000,0.287,45369/250000,204631/250000,1/3,0.84446407114228213,0.54091826479736440,0.540918264797364396193499381177874934892886668918438185055308,0.540918264797364396193499381177874934892886668918438185055309,0.54216290555375091,0.542162905553750906366301656655407819853095683383437590359228,0.542162905553750906366301656655407819853095683383437590359229,0.0012446407563865102,0.001244640756386510172802275477532884960209014464999405303920,0.001244640756386510172802275477532884960209014464999405303921,True,interior,True,False,equally_weighted_Pauli_axes,False
23/80,0.2875,289/1600,1311/1600,1/3,0.84521445179253393,0.54070333255953622,0.540703332559536224141907977483034492515419080175583399444530,0.540703332559536224141907977483034492515419080175583399444531,0.54194242789966760,0.541942427899667601199210573802721937900742575785947635026772,0.541942427899667601199210573802721937900742575785947635026773,0.0012390953401313771,0.001239095340131377057302596319687445385323495610364235582241,0.001239095340131377057302596319687445385323495610364235582242,True,interior,True,False,equally_weighted_Pauli_axes,False
36/125,0.288,2809/15625,12816/15625,1/3,0.84596286243351800,0.54048914795255082,0.540489147952550821267296289926911601458270157001929719969442,0.540489147952550821267296289926911601458270157001929719969443,0.54172270761813054,0.541722707618130540896984509955880390202948822910642186881736,0.541722707618130540896984509955880390202948822910642186881737,0.0012335596655797196,0.001233559665579719629688220028968788744678665908712466912294,0.001233559665579719629688220028968788744678665908712466912295,True,interior,True,False,equally_weighted_Pauli_axes,False
577/2000,0.2885,178929/1000000,821071/1000000,1/3,0.84670930465762193,0.54027570885295528,0.540275708852955279371751992870387892721044030024471332855938,0.540275708852955279371751992870387892721044030024471332855939,0.54150374261822383,0.541503742618223827612959444936339844543449540914929024611733,0.541503742618223827612959444936339844543449540914929024611734,0.0012280337652685482,0.001228033765268548241207452065951951822405510890457691755794,0.001228033765268548241207452065951951822405510890457691755795,True,interior,True,False,equally_weighted_Pauli_axes,False
289/1000,0.289,44521/250000,205479/250000,1/3,0.84745378005176162,0.54006301314808600,0.540063013148085997742634878526711367862850083151575808917448,0.540063013148085997742634878526711367862850083151575808917449,0.54128553081960307,0.541285530819603065898327755291710298087023273002002686913195,0.541285530819603065898327755291710298087023273002002686913196,0.0012225176715170682,0.001222517671517068155692876764998930224173189850426877995747,0.001222517671517068155692876764998930224173189850426877995748,True,interior,True,False,equally_weighted_Pauli_axes,False
579/2000,0.2895,177241/1000000,822759/1000000,1/3,0.84819629019739576,0.53985105873600958,0.539851058736009580736929617255964276189290884813857397121046,0.539851058736009580736929617255964276189290884813857397121047,0.54106807015243790,0.541068070152437897949833576295942085491915281929848408435360,0.541068070152437897949833576295942085491915281929848408435361,0.0012170114164283172,0.001217011416428317212903959039977809302624397115991011314314,0.001217011416428317212903959039977809302624397115991011314315,True,interior,True,False,equally_weighted_Pauli_axes,False
29/100,0.29,441/2500,2059/2500,1/3,0.84893683667054029,0.53963984352546416,0.539639843525464155053528924184360975459880930653133929954519,0.539639843525464155053528924184360975459880930653133929954520,0.54085135855735494,0.540851358557354944125728963324395007264127342628026252311074,0.540851358557354944125728963324395007264127342628026252311075,0.0012115150318907891,0.001211515031890789072200039140034031804246411974892322356554,0.001211515031890789072200039140034031804246411974892322356555,True,interior,True,False,equally_weighted_Pauli_axes,False
581/2000,0.2905,175561/1000000,824439/1000000,1/3,0.84967542104178280,0.53942936543580110,0.539429365435801103346406474258758121069204780422732363526601,0.539429365435801103346406474258758121069204780422732363526602,0.54063539398538115,0.540635393985381145522886296349167659843129695763949915026588,0.540635393985381145522886296349167659843129695763949915026589,0.0012060285495800422,0.001206028549580042176479822090409538773924915341217551499986,0.001206028549580042176479822090409538773924915341217551499987,True,interior,True,False,equally_weighted_Pauli_axes,False
291/1000,0.291,43681/250000,206319/250000,1/3,0.85041204487629688,0.53921962239692721,0.539219622396927210862715928696324741599165624956034519924707,0.539219622396927210862715928696324741599165624956034519924708,0.54042017439788751,0.540420174397887505437527785359347294559830616028472445904139,0.540420174397887505437527785359347294559830616028472445904140,0.0012005520009602946,0.001200552000960294574811856663022552960664991072437925979432,0.001200552000960294574811856663022552960664991072437925979433,True,interior,True,False,equally_weighted_Pauli_axes,False
583/2000,0.2915,173889/1000000,826111/1000000,1/3,0.85114670973385632,0.53901061234924722,0.539010612349247221820608252997771523139927576078920573257858,0.539010612349247221820608252997771523139927576078920573257859,0.54020569776653323,0.540205697766533226561295039646808519168595849962691581131334,0.540205697766533226561295039646808519168595849962691581131335,0.0011950854172860047,0.001195085417286004740686786649036996028668273883771007873475,0.001195085417286004740686786649036996028668273883771007873476,True,interior,True,False,equally_weighted_Pauli_axes,False
73/250,0.292,2704/15625,12921/15625,1/3,0.85187941716884938,0.53880233324360680,0.538802333243606802271997823603437244411680092233870550174528,0.538802333243606802271997823603437244411680092233870550174529,0.53999196207321024,0.539991962073210240793343931791030883416110581542234081007223,0.539991962073210240793343931791030883416110581542234081007224,0.0011896288296034385,0.001189628829603438521346108187593639004430489308363530832695,0.001189628829603438521346108187593639004430489308363530832696,True,interior,True,False,equally_weighted_Pauli_axes,False
117/400,0.2925,6889/40000,33111/40000,1/3,0.85261016873029285,0.53859478304123591,0.538594783041235906225632293428455358994227211520523669535947,0.538594783041235906225632293428455358994227211520523669535948,0.53977896530998813,0.539778965309988128577815845955757118878953736638081318047541,0.539778965309988128577815845955757118878953736638081318047542,0.0011841822687522224,0.001184182268752222352183552527301759884726525117557648511594,0.001184182268752222352183552527301759884726525117557648511595,True,interior,True,False,equally_weighted_Pauli_axes,False
293/1000,0.293,42849/250000,207151/250000,1/3,0.85333896596184618,0.53838795971369254,0.538387959713692541835635426305081115400673699144841445111533,0.538387959713692541835635426305081115400673699144841445111534,0.53956670547905942,0.539566705479059424704409234951395775217010918285077683066724,0.539566705479059424704409234951395775217010918285077683066725,0.0011787457653668829,0.001178745765366882868773808646314659816337219140236237955191,0.001178745765366882868773808646314659816337219140236237955192,True,interior,True,False,equally_weighted_Pauli_axes,False
587/2000,0.2935,170569/1000000,829431/1000000,1/3,0.85406581040182544,0.53818186124280693,0.538181861242806934490199681656966361642599503271660209638176,0.538181861242806934490199681656966361642599503271660209638177,0.53935518059268531,0.539355180592685307537858564227999919190366089906209048256195,0.539355180592685307537858564227999919190366089906209048256196,0.0011733193498783730,0.001173319349878373047658882571033557547766586634548838618019,0.001173319349878373047658882571033557547766586634548838618020,True,interior,True,False,equally_weighted_Pauli_axes,False
147/500,0.294,10609/62500,51891/62500,1/3,0.85479070358321729,0.53797648562062608,0.537976485620626083664309753508870358137386078422186028520089,0.537976485620626083664309753508870358137386078422186028520090,0.53914438867314167,0.539144388673141668669924494564066421659820998361442496462301,0.539144388673141668669924494564066421659820998361442496462302,0.0011679030525155850,0.001167903052515585005614741055196063522434919939256467942212,0.001167903052515585005614741055196063522434919939256467942213,True,interior,True,False,equally_weighted_Pauli_axes,False
589/2000,0.2945,168921/1000000,831079/1000000,1/3,0.85551364703369281,0.53777183084935871,0.537771830849358710429283017897264417490285148444021290483750,0.537771830849358710429283017897264417490285148444021290483751,0.53893432775266556,0.538934327752665560015012808507542698774581309487963076418120,0.538934327752665560015012808507542698774581309487963076418121,0.0011624969033068496,0.001162496903306849585729790610278281284296161043941785934370,0.001162496903306849585729790610278281284296161043941785934371,True,interior,True,False,equally_weighted_Pauli_axes,False
59/200,0.295,1681/10000,8319/10000,1/3,0.85623464227562139,0.53756789494132059,0.537567894941320592540521351925662547600104451094186360998565,0.537567894941320592540521351925662547600104451094186360998566,0.53872499587340202,0.538724995873402015397773337751822298255696463592050266380196,0.538724995873402015397773337751822298255696463592050266380197,0.0011571009320814229,0.001157100932081422857251985826159750655592012497863905381631,0.001157100932081422857251985826159750655592012497863905381632,True,interior,True,False,equally_weighted_Pauli_axes,False
591/2000,0.2955,167281/1000000,832719/1000000,1/3,0.85695369082608441,0.53736467591888028,0.537364675918880284053184445067002104850078512734869215978614,0.537364675918880284053184445067002104850078512734869215978615,0.53851639108735124,0.538516391087351243707987178632354674533127718857986373772049,0.538516391087351243707987178632354674533127718857986373772050,0.0011517151684709597,0.001151715168470959654802733565352569683049206123117157793434,0.001151715168470959654802733565352569683049206123117157793435,True,interior,True,False,equally_weighted_Pauli_axes,False
37/125,0.296,2601/15625,13024/15625,1/3,0.85767079419688896,0.53716217181440522,0.537162171814405216443520875338133531148308348592632230169200,0.537162171814405216443520875338133531148308348592632230169201,0.53830851145631619,0.538308511456316190724733930291911087385212963785610013788279,0.538308511456316190724733930291911087385212963785610013788280,0.0011463396419109743,0.001146339641910974281213054953777556236904615192977783619079,0.001146339641910974281213054953777556236904615192977783619080,True,interior,True,False,equally_weighted_Pauli_axes,False
593/2000,0.2965,165649/1000000,834351/1000000,1/3,0.85838595389458148,0.53696038067020818,0.536960380670208178241333174244097856184947536338686370966155,0.536960380670208178241333174244097856184947536338686370966156,0.53810135505185047,0.538101355051850466738243655246822427566584911120024313708946,0.538101355051850466738243655246822427566584911120024313708947,0.0011409743816422885,0.001140974381642288496910481002724571381637374781337942742791,0.001140974381642288496910481002724571381637374781337942742792,True,interior,True,False,equally_weighted_Pauli_axes,False
297/1000,0.297,41209/250000,208791/250000,1/3,0.85909917142046127,0.53675930053849417,0.536759300538494170206510118172038512586486765377386451364581,0.536759300538494170206510118172038512586486765377386451364582,0.53789491995520664,0.537894919955206637123983807063428317456321540764025404519329,0.537894919955206637123983807063428317456321540764025404519330,0.0011356194167124669,0.001135619416712466917473688891389804869834775386638953154747,0.001135619416712466917473688891389804869834775386638953154748,True,interior,True,False,equally_weighted_Pauli_axes,False
119/400,0.2975,6561/40000,33439/40000,1/3,0.85981044827059408,0.53655892948130763,0.536558929481307633109736782704044457452896228096714484312406,0.536558929481307633109736782704044457452896228096714484312407,0.53768920425728487,0.537689204257284873049412518624432076331953021521010093870258,0.537689204257284873049412518624432076331953021521010093870259,0.0011302747759772399,0.001130274775977239939675735920387618879056793424295609557852,0.001130274775977239939675735920387618879056793424295609557853,True,interior,True,False,equally_weighted_Pauli_axes,False
149/500,0.298,10201/62500,52299/62500,1/3,0.86051978593582544,0.53635926557048005,0.536359265570480045204393662406483538231259206271437867171787,0.536359265570480045204393662406483538231259206271437867171788,0.53748420605858196,0.537484206058581959519449383573754693252509284952693647350228,0.537484206058581959519449383573754693252509284952693647350229,0.0011249404881019143,0.001124940488101914315055721167271155021250078681255780178441,0.001124940488101914315055721167271155021250078681255780178442,True,interior,True,False,equally_weighted_Pauli_axes,False
597/2000,0.2985,162409/1000000,837591/1000000,1/3,0.86122718590179416,0.53616030688757789,0.536160306887577886503283534673314009759509165669820471267134,0.536160306887577886503283534673314009759509165669820471267135,0.53727992346914066,0.537279923469140657992076142571182594190613902410804523704902,0.537279923469140657992076142571182594190613902410804523704903,0.0011196165815627715,0.001119616581562771488792607897868584431104736740984052437768,0.001119616581562771488792607897868584431104736740984052437769,True,interior,True,False,equally_weighted_Pauli_axes,False
299/1000,0.299,40401/250000,209599/250000,1/3,0.86193264964894556,0.53596205152385097,0.535962051523850967000181835666110214177584460418094123255663,0.535962051523850967000181835666110214177584460418094123255664,0.53707635460849942,0.537076354608499420820585418109432299963973655031214556986580,0.537076354608499420820585418109432299963973655031214556986581,0.0011143030846484538,0.001114303084648453820403582443322085786389194613120433730916,0.001114303084648453820403582443322085786389194613120433730917,True,interior,True,False,equally_weighted_Pauli_axes,False
599/2000,0.2995,160801/1000000,839199/1000000,1/3,0.86263617865254476,0.53576449758018112,0.535764497580181116002296184230090076548201287790095806759657,0.535764497580181116002296184230090076548201287790095806759658,0.53687349760564245,0.536873497605642454803848704032226585325412341958545503155275,0.536873497605642454803848704032226585325412341958545503155276,0.0011090000254613388,0.001109000025461338801552519802136508777211054168449696395618,0.001109000025461338801552519802136508777211054168449696395619,True,interior,True,False,equally_weighted_Pauli_axes,False
3/10,0.3,4/25,21/25,1/3,0.86333777438268988,0.53556764316703123,0.535567643167031229765546362735330948587024523534689937021386,0.535567643167031229765546362735330948587024523534689937021387,0.53667135059895013,0.536671350598950131150578050254358167418000859543473470243644,0.536671350598950131150578050254358167418000859543473470243645,0.0011037074319189014,0.001103707431918901385031687519027218830976336008783533222258,0.001103707431918901385031687519027218830976336008783533222259,True,interior,True,False,equally_weighted_Pauli_axes,False
601/2000,0.3005,159201/1000000,840799/1000000,1/3,0.86403743830432519,0.53537148640439467,0.535371486404394674650140531409751237761868195503603729449604,0.535371486404394674650140531409751237761868195503603729449605,0.53646991173614974,0.536469911736149739187912096238522954708660999992411091537391,0.536469911736149739187912096238522954708660999992411091537392,0.0010984253317550645,0.001098425331755064537771564828771716946792804488807362087786,0.001098425331755064537771564828771716946792804488807362087787,True,interior,True,False,equally_weighted_Pauli_axes,False
301/1000,0.301,39601/250000,210399/250000,1/3,0.86473517187725416,0.53517602542174504,0.535176025421745043039229667170041984634875673071231883291280,0.535176025421745043039229667170041984634875673071231883291281,0.53626917917426658,0.536269179174266581168769070717747263363555958932917050467067,0.536269179174266581168769070717747263363555958932917050467068,0.0010931537525215381,0.001093153752521538129539403547705278728680285861685167175786,0.001093153752521538129539403547705278728680285861685167175787,True,interior,True,False,equally_weighted_Pauli_axes,False
603/2000,0.3015,157609/1000000,842391/1000000,1/3,0.86543097655615250,0.53498125835798626,0.534981258357986259288473094954891286557763398765271357327239,0.534981258357986259288473094954891286557763398765271357327240,0.53606915107957541,0.536069151079575405556279828092830318153065952981828381796645,0.536069151079575405556279828092830318153065952981828381796646,0.0010878927215891463,0.001087892721589146267806733137939031595302554216557024469405,0.001087892721589146267806733137939031595302554216557024469406,True,interior,True,False,equally_weighted_Pauli_axes,False
151/500,0.302,9801/62500,52699/62500,1/3,0.86612485379058111,0.53478718336140303,0.534787183361403032999146398813209945070860374822949564623195,0.534787183361403032999146398813209945070860374822949564623196,0.53586982562755218,0.535869825627552176187245638402175750515726386714035428952804,0.535869825627552176187245638402175750515726386714035428952805,0.0010826422661491432,0.001082642266149143188099239588965805444866011891085864329609,0.001082642266149143188099239588965805444866011891085864329610,True,interior,True,False,equally_weighted_Pauli_axes,False
121/400,0.3025,6241/40000,33759/40000,1/3,0.86681680502499900,0.53459379858961166,0.534593798589611656931971805632106465303192170273936872127157,0.534593798589611656931971805632106465303192170273936872127158,0.53567120100282617,0.535671201002826174739960959122326212380186575804458650425164,0.535671201002826174739960959122326212380186575804458650425165,0.0010774024132145178,0.001077402413214517807989153490219747076994405530521778298007,0.001077402413214517807989153490219747076994405530521778298008,True,interior,True,False,equally_weighted_Pauli_axes,False
303/1000,0.303,38809/250000,211191/250000,1/3,0.86750683169877610,0.53440110220951115,0.534401102209511146903153135459749609093180056969869089129005,0.534401102209511146903153135459749609093180056969869089129006,0.53547327539913243,0.535473275399132433954903431965732349980779565021021664639926,0.535473275399132433954903431965732349980779565021021664639927,0.0010721731896212871,0.001072173189621287051750296505982740887599508051152575510921,0.001072173189621287051750296505982740887599508051152575510922,True,interior,True,False,equally_weighted_Pauli_axes,False
607/2000,0.3035,154449/1000000,845551/1000000,1/3,0.86819493524620608,0.53420909239723472,0.534209092397234721028155383335290363869070502198129693870549,0.534209092397234721028155383335290363869070502198129693870550,0.53527604701926450,0.535276047019264499079724472678128287981405663685069374496693,0.535276047019264499079724472678128287981405663685069374496694,0.0010669546220297781,0.001066954622029778051569089342837924112335161486939680626143,0.001066954622029778051569089342837924112335161486939680626144,True,interior,True,False,equally_weighted_Pauli_axes,False
38/125,0.304,2401/15625,13224/15625,1/3,0.86888111709651903,0.53401776733810162,0.534017767338101615702585678689134171753882418109454471975443,0.534017767338101615702585678689134171753882418109454471975444,0.53507951407502752,0.535079514075027515032676631138835630759171371643945285135773,0.535079514075027515032676631138835630759171371643945285135774,0.0010617467369258993,0.001061746736925899330090952449701459005288953534490813160330,0.001061746736925899330090952449701459005288953534490813160331,True,interior,True,False,equally_weighted_Pauli_axes,False
609/2000,0.3045,152881/1000000,847119/1000000,1/3,0.86956537867389418,0.53382712522656924,0.533827125226569235733110466347410363671451737143399752098051,0.533827125226569235733110466347410363671451737143399752098052,0.53488367478719164,0.534883674787191636801090935952855788455750454332936899827406,0.534883674787191636801090935952855788455750454332936899827407,0.0010565495606224011,0.001056549560622401067980469605445424784298717189537147729354,0.001056549560622401067980469605445424784298717189537147729355,True,interior,True,False,equally_weighted_Pauli_axes,False
61/200,0.305,1521/10000,8479/10000,1/3,0.87024772139747248,0.53363716426618564,0.533637164266185636054685941359838699582359339203122671421490,0.533637164266185636054685941359838699582359339203122671421491,0.53468852738544576,0.534688527385445760613771214313937398189557068970586213155094,0.534688527385445760613771214313937398189557068970586213155095,0.0010513631192601246,0.001051363119260124559085272954098698607197729767463541733603,0.001051363119260124559085272954098698607197729767463541733604,True,interior,True,False,equally_weighted_Pauli_axes,False
611/2000,0.3055,151321/1000000,848679/1000000,1/3,0.87092814668136915,0.53344788266954233,0.533447882669542332493487688881248767650792605872683517574710,0.533447882669542332493487688881248767650792605872683517574711,0.53449407010835157,0.534494070108351573448205375746541384189382883637618100921959,0.534494070108351573448205375746541384189382883637618100921960,0.0010461874388092410,0.001046187438809240954717686865292616538590277764934583347249,0.001046187438809240954717686865292616538590277764934583347250,True,interior,True,False,equally_weighted_Pauli_axes,False
153/500,0.306,9409/62500,53091/62500,1/3,0.87160665593468618,0.53325927865822744,0.533259278658227439057803738439300360390670197762481051503082,0.533259278658227439057803738439300360390670197762481051503083,0.53430030120329792,0.534300301203297918455308318755566417684104157729104210040983,0.534300301203297918455308318755566417684104157729104210040984,0.0010410225450704794,0.001041022545070479397504580316266057293433959966623158537900,0.001041022545070479397504580316266057293433959966623158537901,True,interior,True,False,equally_weighted_Pauli_axes,False
613/2000,0.3065,149769/1000000,850231/1000000,1/3,0.87228325056152477,0.53307135046277913,0.533071350462779129261805415467367949281697525853085287887260,0.533071350462779129261805415467367949281697525853085287887261,0.53410721892645547,0.534107218926455473906009884000724705621997101012712638977325,0.534107218926455473906009884000724705621997101012712638977326,0.0010358684636763446,0.001035868463676344644204468533356756340299575159627351090064,0.001035868463676344644204468533356756340299575159627351090065,True,interior,True,False,equally_weighted_Pauli_axes,False
307/1000,0.307,37249/250000,212751/250000,1/3,0.87295793196099772,0.53288409632263942,0.532884096322639419009535006838796278108055887068484056521190,0.532884096322639419009535006838796278108055887068484056521191,0.53391482154273174,0.533914821542731743285386528558696228530670158679364433511465,0.533914821542731743285386528558696228530670158679364433511466,0.0010307252200923243,0.001030725220092324275851521719899950422614271610880376990274,0.001030725220092324275851521719899950422614271610880376990275,True,interior,True,False,equally_weighted_Pauli_axes,False
123/400,0.3075,5929/40000,34071/40000,1/3,0.87363070152724173,0.53269751448610827,0.532697514486108268588650865107641001754890794786285776692748,0.532697514486108268588650865107641001754890794786285776692749,0.53372310732572635,0.533723107325726354181209496337491855373311692614502766057504,0.533723107325726354181209496337491855373311692614502766057505,0.0010255928396180856,0.001025592839618085592558631229850853618420897828216989364755,0.001025592839618085592558631229850853618420897828216989364756,True,interior,True,False,equally_weighted_Pauli_axes,False
77/250,0.308,2304/15625,13321/15625,1/3,0.87430156064942970,0.53251160321029800,0.532511603210298001345451641390783774374364095742273747609357,0.532511603210298001345451641390783774374364095742273747609358,0.53353207455768666,0.533532074557686663634747544350312021703553824744189157116097,0.533532074557686663634747544350312021703553824744189157116098,0.0010204713473886623,0.001020471347388662289295902959528247329189729001915409506740,0.001020471347388662289295902959528247329189729001915409506741,True,interior,True,False,equally_weighted_Pauli_axes,False
617/2000,0.3085,146689/1000000,853311/1000000,1/3,0.87497051071178292,0.53232636076108804,0.532326360761088036634464312222805902762985669281014466861955,0.532326360761088036634464312222805902762985669281014466861956,0.53334172152946367,0.533341721529463667642421059695138475614697415375146616303446,0.533341721529463667642421059695138475614697415375146616303447,0.0010153607683756310,0.001015360768375631007956747472332572851711746094132149441491,0.001015360768375631007956747472332572851711746094132149441492,True,interior,True,False,equally_weighted_Pauli_axes,False
309/1000,0.309,36481/250000,213519/250000,1/3,0.87563755309358322,0.53214178541307993,0.532141785413079934657427974343110716078734866039593167486375,0.532141785413079934657427974343110716078734866039593167486376,0.53315204654046821,0.533152046540468212517458946216938333806207319304139212786130,0.533152046540468212517458946216938333806207319304139212786131,0.0010102611273882779,0.001010261127388277860030971873827617727472453264546045299755,0.001010261127388277860030971873827617727472453264546045299756,True,interior,True,False,equally_weighted_Pauli_axes,False
619/2000,0.3095,145161/1000000,854839/1000000,1/3,0.87630268916918511,0.53195787544955275,0.531957875449552750827839416855045751706062342383190202613215,0.531957875449552750827839416855045751706062342383190202613216,0.53296304789862751,0.532963047898627505841062223956023614969669965570101831906491,0.532963047898627505841062223956023614969669965570101831906492,0.0010051724490747550,0.001005172449074755013222807100977863263607623186911629293276,0.001005172449074755013222807100977863263607623186911629293277,True,interior,True,False,equally_weighted_Pauli_axes,False
31/100,0.31,361/2500,2139/2500,1/3,0.87696592030802777,0.53177462916241870,0.531774629162418697318349607096300211362358294644908685350412,0.531774629162418697318349607096300211362358294644908685350413,0.53277472392034192,0.532774723920341924752731092484296906330573482590901818562772,0.532774723920341924752731092484296906330573482590901818562773,0.0010000947579232274,0.001000094757923227434381485387996694968215187945993133212359,0.001000094757923227434381485387996694968215187945993133212360,True,interior,True,False,equally_weighted_Pauli_axes,False
621/2000,0.3105,143641/1000000,856359/1000000,1/3,0.87762724787464710,0.53159204485217911,0.531592044852179109469214780777619107474635678663191912971532,0.531592044852179109469214780777619107474635678663191912971533,0.53258707293044212,0.532587072930442119349367458204768123877210935561997776146706,0.532587072930442119349367458204768123877210935561997776146707,0.00099502807826300988,0.000995028078263009880152677427149016402575256898805863175174,0.000995028078263009880152677427149016402575256898805863175175,True,interior,True,False,equally_weighted_Pauli_axes,False
311/1000,0.311,35721/250000,214279/250000,1/3,0.87828667322868761,0.53141012082788071,0.531410120827880714756714116093513869734400348129470131450565,0.531410120827880714756714116093513869734400348129470131450566,0.53240009326214641,0.532400093262146408982524786323421102991760058892318516416712,0.532400093262146408982524786323421102991760058892318516416713,0.00098997243426569423,0.000989972434265694225810670229907233257359710762848384966146,0.000989972434265694225810670229907233257359710762848384966147,True,interior,True,False,equally_weighted_Pauli_axes,False
623/2000,0.3115,142129/1000000,857871/1000000,1/3,0.87894419772491431,0.53122885540707220,0.531228855407072202040950275280789345647571476415175830256282,0.531228855407072202040950275280789345647571476415175830256283,0.53221378325701847,0.532213783257018469262743755108625248262484647890098378216382,0.532213783257018469262743755108625248262484647890098378216383,0.00098492784994626722,0.000984927849946267221793479827835902614913171474922547960099,0.000984927849946267221793479827835902614913171474922547960100,True,interior,True,False,equally_weighted_Pauli_axes,False
39/125,0.312,2209/15625,13416/15625,1/3,0.87959982271322456,0.53104824691576109,0.531048246915761088832751667649970317432627404086254089145254,0.531048246915761088832751667649970317432627404086254089145255,0.53202814126492531,0.532028141264925307599287682114271977052646627846150719891653,0.532028141264925307599287682114271977052646627846150719891654,0.00097989434916421877,0.000979894349164218766536014464301659620019223759896630746398,0.000979894349164218766536014464301659620019223759896630746399,True,interior,True,False,equally_weighted_Pauli_axes,False
5/16,0.3125,9/64,55/64,1/3,0.88025354953865982,0.53086829368837088,0.530868293688370884339498350411432426299296642043546505628150,0.530868293688370884339498350411432426299296642043546505628151,0.53184316564399553,0.531843165643995525122778152748572671251360341154302784894212,0.531843165643995525122778152748572671251360341154302784894213,0.00097487195562464078,0.000974871955624640783279802337140244952063699110756279266061,0.000974871955624640783279802337140244952063699110756279266062,True,interior,True,False,equally_weighted_Pauli_axes,False
313/1000,0.313,34969/250000,215031/250000,1/3,0.88090537954141737,0.53068899406769855,0.530688994067698546069599235809805703710685567391982623253634,0.530688994067698546069599235809805703710685567391982623253635,0.53165885476057786,0.531658854760577862857230779350964815095324061973591545765208,0.531658854760577862857230779350964815095324061973591545765209,0.00096986069287931679,0.000969860692879316787631543541159111384638494581608922511573,0.000969860692879316787631543541159111384638494581608922511574,True,interior,True,False,equally_weighted_Pauli_axes,False
627/2000,0.3135,139129/1000000,860871/1000000,1/3,0.88155531405686200,0.53051034640487223,0.530510346404872227795058886845277395671731022090215881941404,0.530510346404872227795058886845277395671731022090215881941405,0.53147520698920003,0.531475206989200030026805597492802089520465727353746062526002,0.531475206989200030026805597492802089520465727353746062526003,0.00096486058432780223,0.000964860584327802231746710647524693848734705263530180584598,0.000964860584327802231746710647524693848734705263530180584599,True,interior,True,False,equally_weighted_Pauli_axes,False
157/500,0.314,8649/62500,53851/62500,1/3,0.88220335441553758,0.53033234905930932,0.530332349059309316691089804756090644976875168065137334586119,0.530332349059309316691089804756090644976875168065137334586120,0.53129222071252781,0.531292220712527812401218284832678215340312622384484292664790,0.531292220712527812401218284832678215340312622384484292664791,0.00095987165321849571,0.000959871653218495710128480076587570363437454319346958078671,0.000959871653218495710128480076587570363437454319346958078672,True,interior,True,False,equally_weighted_Pauli_axes,False
629/2000,0.3145,137641/1000000,862359/1000000,1/3,0.88284950194317864,0.53015500039867476,0.530155000398674757491052859242633304190323988852909667781223,0.530155000398674757491052859242633304190323988852909667781224,0.53110989432132446,0.531109894321324458602209161733547757075693794736156333551009,0.531109894321324458602209161733547757075693794736156333551010,0.00095489392264970111,0.000954893922649701111156302490914452885369805883246665769786,0.000954893922649701111156302490914452885369805883246665769787,True,interior,True,False,equally_weighted_Pauli_axes,False
63/200,0.315,1369/10000,8631/10000,1/3,0.88349375796072190,0.52997829879883966,0.529978298798839661514146481470912597561577186492396755538566,0.529978298798839661514146481470912597561577186492396755538567,0.53092822621441034,0.530928226214410342311738773409636475408803758666640221067346,0.530928226214410342311738773409636475408803758666640221067347,0.00094992741557068080,0.000949927415570680797592291938723877847226572174243465528779,0.000949927415570680797592291938723877847226572174243465528780,True,interior,True,False,equally_weighted_Pauli_axes,False
631/2000,0.3155,136161/1000000,863839/1000000,1/3,0.88413612378431768,0.52980224264384020,0.529802242643840198442216499437607384439581045337087679166371,0.529802242643840198442216499437607384439581045337087679166372,0.53074721479862290,0.530747214798622898340673708573823914079734327566005530806607,0.530747214798622898340673708573823914079734327566005530806608,0.00094497215478269990,0.000944972154782699898457209136216529640153282228917851640236,0.000944972154782699898457209136216529640153282228917851640237,True,interior,True,False,equally_weighted_Pauli_axes,False
79/250,0.316,2116/15625,13509/15625,1/3,0.88477660072534132,0.52962683032583677,0.529626830325836768740825089769811279629876089900776827659375,0.529626830325836768740825089769811279629876089900776827659376,0.53056685848877683,0.530566858488776830534646104197470682077650729037043596876875,0.530566858488776830534646104197470682077650729037043596876876,0.00094002816294006179,0.000940028162940061793821014427659402447774639136266769217499,0.000940028162940061793821014427659402447774639136266769217500,True,interior,True,False,equally_weighted_Pauli_axes,False
633/2000,0.3165,134689/1000000,865311/1000000,1/3,0.88541519009040453,0.52945206024507345,0.529452060245073454638301269477764660993537300001415076016316,0.529452060245073454638301269477764660993537300001415076016317,0.53038715570762459,0.530387155707624589511516922011817427981056150801447433061314,0.530387155707624589511516922011817427981056150801447433061315,0.00093509546255113487,0.000935095462551134873215652534052766987518850800032357044997,0.000935095462551134873215652534052766987518850800032357044998,True,interior,True,False,equally_weighted_Pauli_axes,False
317/1000,0.317,33489/250000,216511/250000,1/3,0.88605189318136666,0.52927793080983775,0.529277930809837747594898651454046090888070561913297772791687,0.529277930809837747594898651454046090888070561913297772791688,0.53020810488581712,0.530208104885817118242448439147795917357839169681054162876307,0.530208104885817118242448439147795917357839169681054162876308,0.00093017407597937065,0.000930174075979370647549787693749826469768607767756390084619,0.000930174075979370647549787693749826469768607767756390084620,True,interior,True,False,equally_weighted_Pauli_axes,False
127/400,0.3175,5329/40000,34671/40000,1/3,0.88668671129534601,0.52910444043642055,0.529104440436420550212410810676827398326275476380643043051421,0.529104440436420550212410810676827398326275476380643043051422,0.53002970446186486,0.530029704461864863505997329934225899454505691644963935653317,0.530029704461864863505997329934225899454505691644963935653318,0.00092526402544431329,0.000925264025444313293586519257398501128230215264320892601896,0.000925264025444313293586519257398501128230215264320892601897,True,interior,True,False,equally_weighted_Pauli_axes,False
159/500,0.318,8281/62500,54219/62500,1/3,0.88731964572473092,0.52893158754907645,0.528931587549076450552642502680927980813909696934159013903614,0.528931587549076450552642502680927980813909696934159013903615,0.52985195288209905,0.529851952882099051261878063476588121849130241342328222606257,0.529851952882099051261878063476588121849130241342328222606258,0.00092036533302260071,0.000920365333022600709235560795660141035220544408169208702642,0.000920365333022600709235560795660141035220544408169208702643,True,interior,True,False,equally_weighted_Pauli_axes,False
637/2000,0.3185,131769/1000000,868231/1000000,1/3,0.88795069775719100,0.52875937057998427,0.528759370579984266851008067262064841440088136769025612096173,0.528759370579984266851008067262064841440088136769025612096174,0.52967484860063322,0.529674848600633224008118915646925459118485660200773611486274,0.529674848600633224008118915646925459118485660200773611486275,0.00091547802064895716,0.000915478020648957157110848384860617678397523431747999390100,0.000915478020648957157110848384860617678397523431747999390101,True,interior,True,False,equally_weighted_Pauli_axes,False
319/1000,0.319,32761/250000,217239/250000,1/3,0.88857986867568819,0.52858778796920786,0.528587787969207860629228541033031545705865806764172089151331,0.528587787969207860629228541033031545705865806764172089151332,0.52949839007932504,0.529498390079325038202241486541006325324505411852926663294011,0.529498390079325038202241486541006325324505411852926663294012,0.00091060211011717757,0.000910602110117177573012945507974779618639605088754574142680,0.000910602110117177573012945507974779618639605088754574142681,True,interior,True,False,equally_weighted_Pauli_axes,False
639/2000,0.3195,130321/1000000,869679/1000000,1/3,0.88920715975848777,0.52841683816465722,0.528416838164657216228628172212181010820660815770765409116620,0.528416838164657216228628172212181010820660815770765409116621,0.52932257578773832,0.529322575787738319843840996173473846964383478852917380355841,0.529322575787738319843840996173473846964383478852917380355842,0.00090573762308110362,0.000905737623081103615212823961292836143722663082151971239220,0.000905737623081103615212823961292836143722663082151971239221,True,interior,True,False,equally_weighted_Pauli_axes,False
8/25,0.32,81/625,544/625,1/3,0.88983257227916939,0.52824651962204978,0.528246519622049784802891037445331014674499689533918099356727,0.528246519622049784802891037445331014674499689533918099356728,0.52914740420310538,0.529147404203105376332530552190634318641013464554838580328539,0.529147404203105376332530552190634318641013464554838580328540,0.00090088458105559153,0.000900884581055591529639514745303303966513775020920480971812,0.000900884581055591529639514745303303966513775020920480971813,True,interior,True,False,equally_weighted_Pauli_axes,False
641/2000,0.3205,128881/1000000,871119/1000000,1/3,0.89045610750663796,0.52807683080487209,0.528076830804872090826331139076585735738458761701447878267492,0.528076830804872090826331139076585735738458761701447878267493,0.52897287381028956,0.528972873810289562731639773091723872086697605658632348102621,0.528972873810289562731639773091723872086697605658632348102622,0.00089604300541747191,0.000896043005417471905308634015138136348238843957184469835129,0.000896043005417471905308634015138136348238843957184469835130,True,interior,True,False,equally_weighted_Pauli_axes,False
321/1000,0.321,32041/250000,217959/250000,1/3,0.89107776670513458,0.52790777018434160,0.527907770184341599190756525895334815849120994716164929227194,0.527907770184341599190756525895334815849120994716164929227195,0.52879898310174810,0.528798983101748100584328317938717188552691808546333922857181,0.528798983101748100584328317938717188552691808546333922857182,0.00089121291740650139,0.000891212917406501393571792043382372703570813830168993629986,0.000891212917406501393571792043382372703570813830168993629987,True,interior,True,False,equally_weighted_Pauli_axes,False
643/2000,0.3215,127449/1000000,872551/1000000,1/3,0.89169755113424737,0.52773933623936884,0.527739336239368840980871423350358071868097978425025396477616,0.527739336239368840980871423350358071868097978425025396477617,0.52862573057749515,0.528625730577495147444889707807259444588434371235798515313552,0.528625730577495147444889707807259444588434371235798515313553,0.00088639433812630646,0.000886394338126306464018284456901372720336392810773118835936,0.000886394338126306464018284456901372720336392810773118835937,True,interior,True,False,equally_weighted_Pauli_axes,False
161/500,0.322,7921/62500,54579/62500,1/3,0.89231546204892221,0.52757152745651980,0.527571527456519796034861851720343938123795408156065827014475,0.527571527456519796034861851720343938123795408156065827014476,0.52845311474506512,0.528453114745065115303981994479799735004180303424720273239646,0.528453114745065115303981994479799735004180303424720273239647,0.00088158728854531927,0.000881587288545319269120142759455796880384895268654446225171,0.000881587288545319269120142759455796880384895268654446225172,True,interior,True,False,equally_weighted_Pauli_axes,False
129/400,0.3225,5041/40000,34959/40000,1/3,0.89293150069947353,0.52740434232997853,0.527404342329978530413351503048038643835285483406617437758895,0.527404342329978530413351503048038643835285483406617437758896,0.52828113411947624,0.528281134119476236102330987740988346437298909513415392406180,0.528281134119476236102330987740988346437298909513415392406181,0.00087679178949770569,0.000876791789497705688979484692949702602013426106797954647284,0.000876791789497705688979484692949702602013426106797954647285,True,interior,True,False,equally_weighted_Pauli_axes,False
323/1000,0.323,31329/250000,218671/250000,1/3,0.89354566833159497,0.52723777936151009,0.527237779361510086916297469439368234000620257886660468164778,0.527237779361510086916297469439368234000620257886660468164779,0.52810978722319437,0.528109787223194372543110524432058848456691934189896665605741,0.528109787223194372543110524432058848456691934189896665605742,0.00087200786168428563,0.000872007861684285626813054992690614456071676303236197440963,0.000872007861684285626813054992690614456071676303236197440964,True,interior,True,False,equally_weighted_Pauli_axes,False
647/2000,0.3235,124609/1000000,875391/1000000,1/3,0.89415796618637001,0.52707183706042363,0.527071837060423626803621475893884031286690732958752653015562,0.527071837060423626803621475893884031286690732958752653015563,0.52793907258609707,0.527939072586097072428714261422502901665674370277812387246453,0.527939072586097072428714261422502901665674370277812387246454,0.00086723552567344563,0.000867235525673445625092785528618870378983637319059734230891,0.000867235525673445625092785528618870378983637319059734230892,True,interior,True,False,equally_weighted_Pauli_axes,False
81/250,0.324,1936/15625,13689/15625,1/3,0.89476839550028258,0.52690651394353582,0.526906513943535820891443259363823743522760770786237046054626,0.526906513943535820891443259363823743522760770786237046054627,0.52776898874543786,0.527768988745437864762996293315146233245445228621026832503377,0.527768988745437864762996293315146233245445228621026832503378,0.00086247480190204387,0.000862474801902043871553033951322489722684457834789786448751,0.000862474801902043871553033951322489722684457834789786448752,True,interior,True,False,equally_weighted_Pauli_axes,False
649/2000,0.3245,123201/1000000,876799/1000000,1/3,0.89537695750522759,0.52674180853513449,0.526741808535134488211700321590139679444638549571398011364803,0.526741808535134488211700321590139679444638549571398011364804,0.52759953424581080,0.527599534245810795875275107890659422220847854063321240268197,0.527599534245810795875275107890659422220847854063321240268198,0.00085772571067630766,0.000857725710676307663574786300519742776209304491923228903394,0.000857725710676307663574786300519742776209304491923228903395,True,interior,True,False,equally_weighted_Pauli_axes,False
13/40,0.325,49/400,351/400,1/3,0.89598365342852141,0.52657771936694248,0.526577719366942480438704116203498479025856704029648783556238,0.526577719366942480438704116203498479025856704029648783556239,0.52743070763911520,0.527430707639115203837468553557397667708307674266640384297429,0.527430707639115203837468553557397667708307674266640384297430,0.00085298827217272340,0.000852988272172723398764437353899188682450970236991600741190,0.000852988272172723398764437353899188682450970236991600741191,True,interior,True,False,equally_weighted_Pauli_axes,False
651/2000,0.3255,121801/1000000,878199/1000000,1/3,0.89658848449291230,0.52641424497808181,0.526414244978081810301798441040885894974227988700122965845228,0.526414244978081810301798441040885894974227988700122965845229,0.52726250748452073,0.527262507484520729460658140835972859093488053083910522647425,0.527262507484520729460658140835972859093488053083910522647426,0.00084826250643891916,0.000848262506438919158859699795086964119260064383787556802197,0.000848262506438919158859699795086964119260064383787556802198,True,interior,True,False,equally_weighted_Pauli_axes,False
163/500,0.326,7569/62500,54931/62500,1/3,0.89719145191659085,0.52625138391503802,0.526251383915038022218753005962470641127783565869555888529543,0.526251383915038022218753005962470641127783565869555888529544,0.52709493234843256,0.527094932348432562172170653735515339337058386261097004627973,0.527094932348432562172170653735515339337058386261097004627974,0.00084354843339453995,0.000843548433394539953417647773044698209274820391541116098429,0.000843548433394539953417647773044698209274820391541116098430,True,interior,True,False,equally_weighted_Pauli_axes,False
653/2000,0.3265,120409/1000000,879591/1000000,1/3,0.89779255691320026,0.52608913473162480,0.526089134731624803399845427165930522205912957922311383309281,0.526089134731624803399845427165930522205912957922311383309282,0.52692798080445692,0.526927980804456919088915208684866933419659450706710729663744,0.526927980804456919088915208684866933419659450706710729663745,0.00083884607283211569,0.000838846072832115689069781518936411213746492784399346354462,0.000838846072832115689069781518936411213746492784399346354463,True,interior,True,False,equally_weighted_Pauli_axes,False
327/1000,0.327,29929/250000,220071/250000,1/3,0.89839180069184669,0.52592749598894883,0.525927495988948833687759834993685743369772670388763677485546,0.525927495988948833687759834993685743369772670388763677485547,0.52676165143336676,0.526761651433366755617226052960413422739092637747247390848879,0.526761651433366755617226052960413422739092637747247390848880,0.00083415544441792193,0.000834155444417921929466217966727679369319967358483713363333,0.000834155444417921929466217966727679369319967358483713363334,True,interior,True,False,equally_weighted_Pauli_axes,False
131/400,0.3275,4761/40000,35239/40000,1/3,0.89898918445710949,0.52576646625537487,0.525766466255374872413461429057577924595919179396334988819222,0.525766466255374872413461429057577924595919179396334988819223,0.52659594282306771,0.526595942823067705923837008596530153279114350423730197344062,0.526595942823067705923837008596530153279114350423730197344063,0.00082947656769283351,0.000829476567692833510375579538952228683195171027395208524839,0.000829476567692833510375579538952228683195171027395208524840,True,interior,True,False,equally_weighted_Pauli_axes,False
41/125,0.328,1849/15625,13776/15625,1/3,0.89958470940905138,0.52560604410649108,0.525606044106491080563095209583318134309156165898952966868525,0.525606044106491080563095209583318134309156165898952966868526,0.52643085356856425,0.526430853568564251636853991886820830375478258361858241205450,0.526430853568564251636853991886820830375478258361858241205451,0.00082480946207317107,0.000824809462073171073758782303502696066322092462905274336924,0.000824809462073171073758782303502696066322092462905274336925,True,interior,True,False,equally_weighted_Pauli_axes,False
657/2000,0.3285,117649/1000000,882351/1000000,1/3,0.90017837674322863,0.52544622812507458,0.525446228125074576565705276725469913319304477882845172003519,0.525446228125074576565705276725469913319304477882845172003520,0.52626638227192612,0.526266382271926117149698906330514747955607854506596826795330,0.526266382271926117149698906330514747955607854506596826795331,0.00082015414685154058,0.000820154146851540583993629605044834636303376623751654791811,0.000820154146851540583993629605044834636303376623751654791812,True,interior,True,False,equally_weighted_Pauli_axes,False
329/1000,0.329,29241/250000,220759/250000,1/3,0.90077018765070116,0.52528701690105722,0.525287016901057224026180022077187439173190488098801486197748,0.525287016901057224026180022077187439173190488098801486197749,0.52610252754225489,0.526102527542254889914972835240909565745691107704495210563446,0.526102527542254889914972835240909565745691107704495210563447,0.00081551064119766589,0.000815510641197665888792813163722126572500619605693724365697,0.000815510641197665888792813163722126572500619605693724365698,True,interior,True,False,equally_weighted_Pauli_axes,False
659/2000,0.3295,116281/1000000,883719/1000000,1/3,0.90136014331804258,0.52512840903149165,0.525128409031491649742299723109253834943122291824552506864937,0.525128409031491649742299723109253834943122291824552506864938,0.52593928799565086,0.525939287995650864129030249859803635775444186240108198993564,0.525939287995650864129030249859803635775444186240108198993565,0.00081087896415921439,0.000810878964159214386730526750549800832321894415555692128626,0.000810878964159214386730526750549800832321894415555692128627,True,interior,True,False,equally_weighted_Pauli_axes,False
33/100,0.33,289/2500,2211/2500,1/3,0.90194824492735025,0.52497040312051749,0.524970403120517490359097959011549010884144681425268311478588,0.524970403120517490359097959011549010884144681425268311478589,0.52577666225518011,0.525776662255180106221770284224152849196383021812166835817426,0.525776662255180106221770284224152849196383021812166835817427,0.00080625913466261586,0.000806259134662615862672325212603838312238340386898524338837,0.000806259134662615862672325212603838312238340386898524338838,True,interior,True,False,equally_weighted_Pauli_axes,False
661/2000,0.3305,114921/1000000,885079/1000000,1/3,0.90253449365625516,0.52481299777932787,0.524812997779327866027948345566814610356449080915439698642947,0.524812997779327866027948345566814610356449080915439698642948,0.52561464895084174,0.525614648950841740579737377785753638808872440929666277942314,0.525614648950841740579737377785753638808872440929666277942315,0.00080165117151387455,0.000801651171513874551789032218939028452423360014226579299366,0.000801651171513874551789032218939028452423360014226579299367,True,interior,True,False,equally_weighted_Pauli_axes,False
331/1000,0.331,28561/250000,221439/250000,1/3,0.90311889067793195,0.52465619162613608,0.524656191626136079451854770665847621950040562203749362989131,0.524656191626136079451854770665847621950040562203749362989132,0.52545324671953545,0.525453246719535453944083103736045223381275210119116190173474,0.525453246719535453944083103736045223381275210119116190173475,0.00079705509339937449,0.000797055093399374492228333070197601431234647915366827184343,0.000797055093399374492228333070197601431234647915366827184344,True,interior,True,False,equally_weighted_Pauli_axes,False
663/2000,0.3315,113569/1000000,886431/1000000,1/3,0.90370143716110871,0.52449998328614254,0.524499983286142538712358017706907118613455295840816524467597,0.524499983286142538712358017706907118613455295840816524467598,0.52529245420502922,0.525292454205029216938275122446325773873903912109811246963994,0.525292454205029216938275122446325773873903912109811246963995,0.00079247091888667823,0.000792470918886678225917104739418655260448616268994722496396,0.000792470918886678225917104739418655260448616268994722496397,True,interior,True,False,equally_weighted_Pauli_axes,False
83/250,0.332,1764/15625,13861/15625,1/3,0.90428213427007681,0.52434437139150190,0.524344371391501902287275791879612658067948512640994283805673,0.524344371391501902287275791879612658067948512640994283805674,0.52513227005792722,0.525132270057927221193649247370343329772506951542922232033461,0.525132270057927221193649247370343329772506951542922232033462,0.00078789866642531891,0.000787898666425318906373455490730671704558438901927948227788,0.000787898666425318906373455490730671704558438901927948227789,True,interior,True,False,equally_weighted_Pauli_axes,False
133/400,0.3325,4489/40000,35511/40000,1/3,0.90486098316470073,0.52418935458129044,0.524189354581290444682168098529215366508612728487351164625700,0.524189354581290444682168098529215366508612728487351164625701,0.52497269293563803,0.524972692935638030553987891997252761199351585384997321338218,0.524972692935638030553987891997252761199351585384997321338219,0.00078333835434758587,0.000783338354347585871819793468037394690738856897646156712518,0.000783338354347585871819793468037394690738856897646156712519,True,interior,True,False,equally_weighted_Pauli_axes,False
333/1000,0.333,27889/250000,222111/250000,1/3,0.90543798500042774,0.52403493150147364,0.524034931501473641111967031794311716806213432978061066490382,0.524034931501473641111967031794311716806213432978061066490383,0.52481372150234294,0.524813721502342944853273972858928684734935136567497272680013,0.524813721502342944853273972858928684734935136567497272680014,0.00077879000086930374,0.000778790000869303741306941064616967928721703589436206189631,0.000778790000869303741306941064616967928721703589436206189632,True,interior,True,False,equally_weighted_Pauli_axes,False
667/2000,0.3335,110889/1000000,889111/1000000,1/3,0.90601314092829763,0.52388110080487397,0.523881100804873969682630668124142044365014630369324766442124,0.523881100804873969682630668124142044365014630369324766442125,0.52465535442896457,0.524655354428964574773614952289678277022824279736731008265510,0.524655354428964574773614952289678277022824279736731008265511,0.00077425362409060509,0.000774253624090605090984284165536232657809649367406241823385,0.000774253624090605090984284165536232657809649367406241823386,True,interior,True,False,equally_weighted_Pauli_axes,False
167/500,0.334,6889/62500,55611/62500,1/3,0.90658645209495232,0.52372786115113893,0.523727861151138929535976260174546261916209584564401772144389,0.523727861151138929535976260174546261916209584564401772144390,0.52449759039313563,0.524497590393135626303058378129315889318655857763250023981149,0.524497590393135626303058378129315889318655857763250023981150,0.00076972924199669677,0.000769729241996696767082117954769627402446273198848251836760,0.000769729241996696767082117954769627402446273198848251836761,True,interior,True,False,equally_weighted_Pauli_axes,False
669/2000,0.3345,109561/1000000,890439/1000000,1/3,0.90715791964264546,0.52357521120670927,0.523575211206709273434019613664245639662266432754799581275049,0.523575211206709273434019613664245639662266432754799581275050,0.52434042807916789,0.524340428079167893325629263973606202786184922258851353677755,0.524340428079167893325629263973606202786184922258851353677756,0.00076521687245861989,0.000765216872458619891609650309360563123918489504051772402705,0.000765216872458619891609650309360563123918489504051772402706,True,interior,True,False,equally_weighted_Pauli_axes,False
67/200,0.335,1089/10000,8911/10000,1/3,0.90772754470925201,0.52342314964478745,0.523423149644787453272196709594508060730730687976796591669839,0.523423149644787453272196709594508060730730687976796591669840,0.52418386617802146,0.524183866178021456888412186811237010979679302205664879341934,0.524183866178021456888412186811237010979679302205664879341935,0.00076071653323400362,0.000760716533234003616215477216728950248948614228868287672094,0.000760716533234003616215477216728950248948614228868287672095,True,interior,True,False,equally_weighted_Pauli_axes,False
671/2000,0.3355,108241/1000000,891759/1000000,1/3,0.90829532842827773,0.52327167514530628,0.523271675145306277023771598374737784820524331977470241021138,0.523271675145306277023771598374737784820524331977470241021139,0.52402790338727409,0.524027903387274089702878278804282040466385303848119514158314,0.524027903387274089702878278804282040466385303848119514158315,0.00075622824196781268,0.000756228241967812679106680429544255645860971870649273137175,0.000756228241967812679106680429544255645860971870649273137176,True,interior,True,False,equally_weighted_Pauli_axes,False
42/125,0.336,1681/15625,13944/15625,1/3,0.90886127192886864,0.52312078639489778,0.523120786394897775630542617651857865491463484607295551441012,0.523120786394897775630542617651857865491463484607295551441013,0.52387253841109086,0.523872538411090864449920562564083308048937634581438576882962,0.523872538411090864449920562564083308048937634581438576882963,0.00075175201619308882,0.000751752016193088819377944912225442557474149974143025441949,0.000751752016193088819377944912225442557474149974143025441950,True,interior,True,False,equally_weighted_Pauli_axes,False
673/2000,0.3365,106929/1000000,893071/1000000,1/3,0.90942537633582044,0.52297048208686228,0.522970482086862278367648334214434860949388860599158911264360,0.522970482086862278367648334214434860949388860599158911264361,0.52371776996019396,0.523717769960193964470211516848210110402969733057921512910500,0.523717769960193964470211516848210110402969733057921512910501,0.00074728787333168610,0.000747287873331686102563182633775249453580872458762601646140,0.000747287873331686102563182633775249453580872458762601646141,True,interior,True,False,equally_weighted_Pauli_axes,False
337/1000,0.337,26569/250000,223431/250000,1/3,0.90998764276958790,0.52282076092113770,0.522820760921137695222846530022607373741927705989275321525591,0.522820760921137695222846530022607373741927705989275321525592,0.52356359675183270,0.523563596751832695433535540936037662318294939686105627255148,0.523563596751832695433535540936037662318294939686105627255149,0.00074283583069500021,0.000742835830695000210689010913430288576367233696830305729556,0.000742835830695000210689010913430288576367233696830305729557,True,interior,True,False,equally_weighted_Pauli_axes,False
27/80,0.3375,169/1600,1431/1600,1/3,0.91054807234629416,0.52267162160426900,0.522671621604269004843095276759388392667973870084116840194781,0.522671621604269004843095276759388392667973870084116840194782,0.52341001750975370,0.523410017509753696592677276456196852304035348485168279519489,0.523410017509753696592677276456196852304035348485168279519490,0.00073839590548469175,0.000738395905484691749581999696808459636061478401051439324708,0.000738395905484691749581999696808459636061478401051439324709,True,interior,True,False,equally_weighted_Pauli_axes,False
169/500,0.338,6561/62500,55939/62500,1/3,0.91110666617774004,0.52252306284937795,0.522523062849377946613605891811556141542307219656878269003950,0.522523062849377946613605891811556141542307219656878269003951,0.52325703096417135,0.523257030964171350239265697376798970762069302940897313624209,0.523257030964171350239265697376798970762069302940897313624210,0.00073396811479340363,0.000733968114793403625659805565242829219762083284019044620259,0.000733968114793403625659805565242829219762083284019044620260,True,interior,True,False,equally_weighted_Pauli_axes,False
677/2000,0.3385,104329/1000000,895671/1000000,1/3,0.91166342537141327,0.52237508337613292,0.522375083376132915446764546895120087339110986716556041398918,0.522375083376132915446764546895120087339110986716556041398919,0.52310463585173839,0.523104635851738387990684631443479170531270292514332658866514,0.523104635851738387990684631443479170531270292514332658866515,0.00072955247560547254,0.000729552475605472543920084548359083192159305797776617467596,0.000729552475605472543920084548359083192159305797776617467597,True,interior,True,False,equally_weighted_Pauli_axes,False
339/1000,0.339,25921/250000,224079/250000,1/3,0.91221835103049768,0.52222768191071906,0.522227681910719057870433700562996681991675190968540095330856,0.522227681910719057870433700562996681991675190968540095330857,0.52295283091551669,0.522952830915516692548764055913665013583709969406260376280736,0.522952830915516692548764055913665013583709969406260376280737,0.00072514900479763468,0.000725149004797634678330355350668331592034778437720280949879,0.000725149004797634678330355350668331592034778437720280949880,True,interior,True,False,equally_weighted_Pauli_axes,False
679/2000,0.3395,103041/1000000,896959/1000000,1/3,0.91277144425388240,0.52208085718580857,0.522080857185808568017147525959730143311017077530287085975664,0.522080857185808568017147525959730143311017077530287085975665,0.52280161490494829,0.522801614904948293582464230638594040392490346309512941082346,0.522801614904948293582464230638594040392490346309512941082347,0.00072075771913972557,0.000720757719139725565316704678863897081473268779225855106681,0.000720757719139725565316704678863897081473268779225855106682,True,interior,True,False,equally_weighted_Pauli_axes,False
17/50,0.34,64/625,561/625,1/3,0.91332270613617091,0.52193460794053118,0.521934607940531182127608270444319806263756616173196033762624,0.521934607940531182127608270444319806263756616173196033762625,0.52265098657582656,0.522650986575826556398157593493279208539257001380839473536519,0.522650986575826556398157593493279208539257001380839473536520,0.00071637863529537427,0.000716378635295374270549323048959402275500385207643439773894,0.000716378635295374270549323048959402275500385207643439773895,True,interior,True,False,equally_weighted_Pauli_axes,False
681/2000,0.3405,101761/1000000,898239/1000000,1/3,0.91387213776769013,0.52178893292044487,0.521788932920444870193674165914334548374495975718798568478709,0.521788932920444870193674165914334548374495975718798568478710,0.52250094469026756,0.522500944690267562072402435565296694320188559764342727510198,0.522500944690267562072402435565296694320188559764342727510199,0.00071201176982269188,0.000712011769822691878728269650962145945692584045544159031488,0.000712011769822691878728269650962145945692584045544159031489,True,interior,True,False,equally_weighted_Pauli_axes,False
341/1000,0.341,25281/250000,224719/250000,1/3,0.91441974023449947,0.52164383087750672,0.521643830877506723377705246626130895287494403215859818675762,0.521643830877506723377705246626130895287494403215859818675763,0.52235148801668168,0.522351488016681677733288772866330847315228238769917099796186,0.522351488016681677733288772866330847315228238769917099796187,0.00070765713917495436,0.000707657139174954355583526240199952027733835554057281120424,0.000707657139174954355583526240199952027733835554057281120425,True,interior,True,False,equally_weighted_Pauli_axes,False
683/2000,0.3415,100489/1000000,899511/1000000,1/3,0.91496551461839978,0.52149930057004404,0.521499300570044035856702350939684959429892668429350305940997,0.521499300570044035856702350939684959429892668429350305940998,0.52220261532974532,0.522202615329745315687521602021438088032976960826467044835278,0.522202615329745315687521602021438088032976960826467044835279,0.00070331475970127983,0.000703314759701279830819251081753128603084292397116738894281,0.000703314759701279830819251081753128603084292397116738894282,True,interior,True,False,equally_weighted_Pauli_axes,False
171/500,0.342,6241/62500,56259/62500,1/3,0.91550946199694230,0.52135534076272558,0.521355340762725579751137797933742530822482467446825939815310,0.521355340762725579751137797933742530822482467446825939815311,0.52205432541037288,0.522054325410372880101390921880010645394584064777482042314732,0.522054325410372880101390921880010645394584064777482042314733,0.00069898464764730035,0.000698984647647300350253123946268114572101597330656102499422,0.000698984647647300350253123946268114572101597330656102499423,True,interior,True,False,equally_weighted_Pauli_axes,False
137/400,0.3425,3969/40000,36031/40000,1/3,0.91605158344343757,0.52121195022653307,0.521211950226533071809734839895878909629862264676927160112135,0.521211950226533071809734839895878909629862264676927160112136,0.52190661704568890,0.521906617045688899954662561951162664854984810160491911917505,0.521906617045688899954662561951162664854984810160491911917506,0.00069466681915582814,0.000694666819155828144927722055283755225122545483564751805370,0.000694666819155828144927722055283755225122545483564751805371,True,interior,True,False,equally_weighted_Pauli_axes,False
343/1000,0.343,24649/250000,225351/250000,1/3,0.91659188002696424,0.52106912773873283,0.521069127738732830532708085553319126935655862102805305205364,0.521069127738732830532708085553319126935655862102805305205365,0.52175948902900035,0.521759489029000346997210011023467414506546962164926493465249,0.521759489029000346997210011023467414506546962164926493465250,0.00069036129026751646,0.000690361290267516464501925470148287570891100062121188259885,0.000690361290267516464501925470148287570891100062121188259886,True,interior,True,False,equally_weighted_Pauli_axes,False
687/2000,0.3435,97969/1000000,902031/1000000,1/3,0.91713035281237796,0.52092687208284762,0.520926872082847622427129742590822677802520143916833505694260,0.520926872082847622427129742590822677802520143916833505694261,0.52161294015976914,0.521612940159769137448896102813778269118438489646314161074897,0.521612940159769137448896102813778269118438489646314161074898,0.00068606807692151502,0.000686068076921515021766360222955591315918345729480655380637,0.000686068076921515021766360222955591315918345729480655380638,True,interior,True,False,equally_weighted_Pauli_axes,False
43/125,0.344,1521/15625,14104/15625,1/3,0.91766700286032007,0.52078518204862870,0.520785182048628696099137805426159967087669729289806342208782,0.520785182048628696099137805426159967087669729289806342208783,0.52146696924358482,0.521466969243584816193805596173272299129866050986989864510719,0.521466969243584816193805596173272299129866050986989864510720,0.00068178719495612009,0.000681787194956120094667790747112332042196321697183522301937,0.000681787194956120094667790747112332042196321697183522301938,True,interior,True,False,equally_weighted_Pauli_axes,False
689/2000,0.3445,96721/1000000,903279/1000000,1/3,0.91820183122722636,0.52064405643202800,0.520644056432028002898653267363616997287840481494502387764211,0.520644056432028002898653267363616997287840481494502387764212,0.52132157509213742,0.521321575092137422230426380213347117049659531530779338964179,0.521321575092137422230426380213347117049659531530779338964180,0.00067751866010941933,0.000677518660109419331773112849730119761819050036276951199967,0.000677518660109419331773112849730119761819050036276951199968,True,interior,True,False,equally_weighted_Pauli_axes,False
69/200,0.345,961/10000,9039/10000,1/3,0.91873483896533577,0.52050349403517060,0.520503494035170602843125105308416860412908456089666534400712,0.520503494035170602843125105308416860412908456089666534400713,0.52117675652319053,0.521176756523190534149779223571303938762396444857245947397286,0.521176756523190534149779223571303938762396444857245947397287,0.00067326248801993131,0.000673262488019931306654118262887078349487988767579412996573,0.000673262488019931306654118262887078349487988767579412996574,True,interior,True,False,equally_weighted_Pauli_axes,False
691/2000,0.3455,95481/1000000,904519/1000000,1/3,0.91926602712269903,0.52036349366632725,0.520363493666327254557575198737373900171022996978282590051778,0.520363493666327254557575198737373900171022996978282590051779,0.52103251236055449,0.521032512360554494423804644842771811977552975235154504446589,0.521032512360554494423804644842771811977552975235154504446590,0.00066901869422723987,0.000669018694227239866229446105397911806529978256871914394810,0.000669018694227239866229446105397911806529978256871914394811,True,interior,True,False,equally_weighted_Pauli_axes,False
173/500,0.346,5929/62500,56571/62500,1/3,0.91979539674318723,0.52022405413988719,0.520224054139887187978871519615210149615334191609113834687115,0.520224054139887187978871519615210149615334191609113834687116,0.52088884143405981,0.520888841434059811296531570080813125429200567086193321859572,0.520888841434059811296531570080813125429200567086193321859573,0.00066478729417262332,0.000664787294172623317660050465602975813866375477079487172457,0.000664787294172623317660050465602975813866375477079487172458,True,interior,True,False,equally_weighted_Pauli_axes,False
693/2000,0.3465,94249/1000000,905751/1000000,1/3,0.92032294886650043,0.52008517427633106,0.520085174276331058582717872089549955526514078269902572083369,0.520085174276331058582717872089549955526514078269902572083370,0.52074574257953074,0.520745742579530737080676914638558760529027293033194240924440,0.520745742579530737080676914638558760529027293033194240924441,0.00066056830319967850,0.000660568303199678497959042549008805002513214763291668841070,0.000660568303199678497959042549008805002513214763291668841071,True,interior,True,False,equally_weighted_Pauli_axes,False
347/1000,0.347,23409/250000,226591/250000,1/3,0.92084868452817614,0.51994685290220408,0.519946852902204081902313164534446254861861362929320345837806,0.519946852902204081902313164534446254861861362929320345837807,0.52060321463875902,0.520603214638759021672359021403368602689219320801269591658678,0.520603214638759021672359021403368602689219320801269591658679,0.00065636173655493977,0.000656361736554939770045856868922347827357957871949245820871,0.000656361736554939770045856868922347827357957871949245820872,True,interior,True,False,equally_weighted_Pauli_axes,False
139/400,0.3475,3721/40000,36279/40000,1/3,0.92137260475959783,0.51980908885008935,0.519809088850089347118003645200217673070209396419853659087356,0.519809088850089347118003645200217673070209396419853659087357,0.52046125645947784,0.520461256459477840106551936107493632945072437891166501617904,0.520461256459477840106551936107493632945072437891166501617905,0.00065216760938849299,0.000652167609388492988548290907275959874863041471312842530548,0.000652167609388492988548290907275959874863041471312842530549,True,interior,True,False,equally_weighted_Pauli_axes,False
87/250,0.348,1444/15625,14181/15625,1/3,0.92189471058800335,0.51967188095858131,0.519671880958581308507528698774524842890483973783719036772417,0.519671880958581308507528698774524842890483973783719036772418,0.52031986689533589,0.520319866895335892985762723083130117300130347862095697555353,0.520319866895335892985762723083130117300130347862095697555354,0.00064798593675458448,0.000647985936754584478234024308605274409646374078376660782935,0.000647985936754584478234024308605274409646374078376660782936,True,interior,True,False,equally_weighted_Pauli_axes,False
697/2000,0.3485,91809/1000000,908191/1000000,1/3,0.92241500303649332,0.51953522807225945,0.519535228072259453556645646158861842489248870034359311474516,0.519535228072259453556645646158861842489248870034359311474517,0.52017904480587168,0.520179044805871678624181331572771037294172521295640836002358,0.520179044805871678624181331572771037294172521295640836002359,0.00064381673361222507,0.000643816733612225067535685413909194804923651261281524527842,0.000643816733612225067535685413909194804923651261281524527843,True,interior,True,False,equally_weighted_Pauli_axes,False
349/1000,0.349,22801/250000,227199/250000,1/3,0.92293348312403954,0.51939912904166215,0.519399129041662146540012464626265775840325863114791254683091,0.519399129041662146540012464626265775840325863114791254683092,0.52003878905648794,0.520038789056487935759232813481020942676345860513865663224606,0.520038789056487935759232813481020942676345860513865663224607,0.00063966001482578922,0.000639660014825789219220348854755166836019997399074408541515,0.000639660014825789219220348854755166836019997399074408541516,True,interior,True,False,equally_weighted_Pauli_axes,False
699/2000,0.3495,90601/1000000,909399/1000000,1/3,0.92345015186549321,0.51926358272326065,0.519263582723260646392210390608661073855174328414914485007038,0.519263582723260646392210390608661073855174328414914485007039,0.51989909851842626,0.519899098518426255692055858313964821645015383352375196181061,0.519899098518426255692055858313964821645015383352375196181062,0.00063551579516560930,0.000635515795165609299845467705303747789841054937460711174023,0.000635515795165609299845467705303747789841054937460711174024,True,interior,True,False,equally_weighted_Pauli_axes,False
7/20,0.35,9/100,91/100,1/3,0.92396501027159333,0.51912858797943330,0.519128587979433297698701912601982715410256463787282539273864,0.519128587979433297698701912601982715410256463787282539273865,0.51975997206874186,0.519759972068741862727940530250149204831935150406684005448857,0.519759972068741862727940530250149204831935150406684005448858,0.00063138408930856503,0.000631384089308565029238617648166489421678686619401466174993,0.000631384089308565029238617648166489421678686619401466174994,True,interior,True,False,equally_weighted_Pauli_axes,False
701/2000,0.3505,89401/1000000,910599/1000000,1/3,0.92447805934897482,0.51899414367843989,0.518994143678439893646344626715209126917527165600148497640348,0.518994143678439893646344626715209126917527165600148497640349,0.51962140859027856,0.519621408590278561797182636396702471214205975463691952161496,0.519621408590278561797182636396702471214205975463691952161497,0.00062726491183866815,0.000627264911838668150838009681493344296678809863543454521148,0.000627264911838668150838009681493344296678809863543454521149,True,interior,True,False,equally_weighted_Pauli_axes,False
351/1000,0.351,22201/250000,227799/250000,1/3,0.92498930010017679,0.51886024869439621,0.518860248694396209782818721697664742015712621699689209019131,0.518860248694396209782818721697664742015712621699689209019132,0.51948340697164385,0.519483406971643852146153185316187987361124663392125960319831,0.519483406971643852146153185316187987361124663392125960319832,0.00062315827724764236,0.000623158277247642363334463618523245345412041692436751300700,0.000623158277247642363334463618523245345412041692436751300701,True,interior,True,False,equally_weighted_Pauli_axes,False
703/2000,0.3515,88209/1000000,911791/1000000,1/3,0.92549873352365068,0.51872690190724871,0.518726901907248707443976383284417255867613470127887498739841,0.518726901907248707443976383284417255867613470127887498739842,0.51934596610718421,0.519345966107184205997639762429212140241149067846513622165539,0.519345966107184205997639762429212140241149067846513622165540,0.00061906419993549855,0.000619064199935498553663379144794884373535597718626123425698,0.000619064199935498553663379144794884373535597718626123425699,True,interior,True,False,equally_weighted_Pauli_axes,False
44/125,0.352,1369/15625,14256/15625,1/3,0.92600636061376836,0.51859410220274941,0.518594102202749405717686048906841096685624753518837722814921,0.518594102202749405717686048906841096685624753518837722814922,0.51920908489696051,0.519209084896960511088693196137547733277586094913219166613165,0.519209084896960511088693196137547733277586094913219166613166,0.00061498269421110537,0.000614982694211105371007147230706636591961341394381443798244,0.000614982694211105371007147230706636591961341394381443798245,True,interior,True,False,equally_weighted_Pauli_axes,False
141/400,0.3525,3481/40000,36519/40000,1/3,0.92651218236083024,0.51846184847243092,0.518461848472430920822224082927483076684933312812118769019560,0.518461848472430920822224082927483076684933312812118769019561,0.51907276224672368,0.519072762246723676003308448486741814420018438834410247309238,0.519072762246723676003308448486741814420018438834410247309239,0.00061091377429275518,0.000610913774292755181084365559258737735085126022291478289678,0.000610913774292755181084365559258737735085126022291478289679,True,interior,True,False,equally_weighted_Pauli_axes,False
353/1000,0.353,21609/250000,228391/250000,1/3,0.92701619975107326,0.51833013961358167,0.518330139613581671786661949596132671737557391884767194327867,0.518330139613581671786661949596132671737557391884767194327868,0.51893699706789040,0.518936997067890397226284060802786937562258529708298574696903,0.518936997067890397226284060802786937562258529708298574696904,0.00060685745430872544,0.000606857454308725439622111206654265824701137823531380369035,0.000606857454308725439622111206654265824701137823531380369036,True,interior,True,False,equally_weighted_Pauli_axes,False
707/2000,0.3535,85849/1000000,914151/1000000,1/3,0.92751841376667894,0.51819897452922125,0.518198974529221251330009196343996832862442093517653089847541,0.518198974529221251330009196343996832862442093517653089847542,0.51880178827751909,0.518801788277519086853540532904259098272202727655044520554121,0.518801788277519086853540532904259098272202727655044520554122,0.00060281374829783552,0.000602813748297835523531336560262265409760634137391430706579,0.000602813748297835523531336560262265409760634137391430706580,True,interior,True,False,equally_weighted_Pauli_axes,False
177/500,0.354,5329/62500,57171/62500,1/3,0.92801882538578132,0.51806835212807596,0.518068352128075960845102374843541253900054400956391452834578,0.518068352128075960845102374843541253900054400956391452834579,0.51866713479828596,0.518667134798285959903035520230742119970886926156123181311902,0.518667134798285959903035520230742119970886926156123181311903,0.00059878267020999906,0.000598782670209999057933145387200866070832525199731728477323,0.000598782670209999057933145387200866070832525199731728477324,True,interior,True,False,equally_weighted_Pauli_axes,False
709/2000,0.3545,84681/1000000,915319/1000000,1/3,0.92851743558247486,0.51793827132455451,0.517938271324554508402378263137969070659566418682293428603206,0.517938271324554508402378263137969070659566418682293428603207,0.51853303555846128,0.518533035558461280179193493780585608170490470905091569923843,0.518533035558461280179193493780585608170490470905091569923844,0.00059476423390677178,0.000594764233906771776815230642616537510924052222798141320637,0.000594764233906771776815230642616537510924052222798141320638,True,interior,True,False,equally_weighted_Pauli_axes,False
71/200,0.355,841/10000,9159/10000,1/3,0.92901424532682237,0.51780873103872387,0.517808731038723868697737241541445255659898987759860681208538,0.517808731038723868697737241541445255659898987759860681208539,0.51839948949188576,0.518399489491885763652470311681028333029990089105118082098870,0.518399489491885763652470311681028333029990089105118082098871,0.00059075845316189495,0.000590758453161894954733070139583077370091101345257400890331,0.000590758453161894954733070139583077370091101345257400890332,True,interior,True,False,equally_weighted_Pauli_axes,False
711/2000,0.3555,83521/1000000,916479/1000000,1/3,0.92950925558486280,0.51767973019628530,0.517679730196285303877690241275697099949184890188043082337316,0.517679730196285303877690241275697099949184890188043082337317,0.51826649553794714,0.518266495537947138324299778515654776712763328016026585056126,0.518266495537947138324299778515654776712763328016026585056127,0.00058676534166183445,0.000586765341661834446609537239957676763578437827983502718809,0.000586765341661834446609537239957676763578437827983502718810,True,interior,True,False,equally_weighted_Pauli_axes,False
89/250,0.356,1296/15625,14329/15625,1/3,0.93000246731861908,0.51755126772855054,0.517551267728550544183891142289184284619363931999170013554065,0.517551267728550544183891142289184284619363931999170013554066,0.51813405264155686,0.518134052641556859556220490734650153710930362144517583157837,0.518134052641556859556220490734650153710930362144517583157838,0.00058278491300631537,0.000582784913006315372329348445465869091566430145347569603772,0.000582784913006315372329348445465869091566430145347569603773,True,interior,True,False,equally_weighted_Pauli_axes,False
713/2000,0.3565,82369/1000000,917631/1000000,1/3,0.93049388148610588,0.51742334257241813,0.517423342572418127367986650861183918297561248037733169885590,0.517423342572418127367986650861183918297561248037733169885591,0.51800215975312698,0.518002159753126979850457846733245062619813524881209945704250,0.518002159753126979850457846733245062619813524881209945704251,0.00057881718070885248,0.000578817180708852482471195872061144322252276843476775818659,0.000578817180708852482471195872061144322252276843476775818660,True,interior,True,False,equally_weighted_Pauli_axes,False
357/1000,0.357,20449/250000,229551/250000,1/3,0.93098349904133733,0.51729595367034990,0.517295953670349895836468335102796116003016807847881848558703,0.517295953670349895836468335102796116003016807847881848558704,0.51787081582854717,0.517870815828547172077638793398744933254935981935892456276915,0.517870815828547172077638793398744933254935981935892456276916,0.00057486215819727624,0.000574862158197276241170458295948817251919174088010607718211,0.000574862158197276241170458295948817251919174088010607718212,True,interior,True,False,equally_weighted_Pauli_axes,False
143/400,0.3575,3249/40000,36751/40000,1/3,0.93147132093433473,0.51716909997034765,0.517169099970347650493887425332423602068874660776357254268919,0.517169099970347650493887425332423602068874660776357254268920,0.51774001982916191,0.517740019829161905155646433826288418999803907839353572023538,0.517740019829161905155646433826288418999803907839353572023539,0.00057091985881425466,0.000570919858814254661759008493864816930929247062996317754618,0.000570919858814254661759008493864816930929247062996317754619,True,interior,True,False,equally_weighted_Pauli_axes,False
179/500,0.358,5041/62500,57459/62500,1/3,0.93195734811113417,0.51704278042592996,0.517042780425929960261392975956269085443993028185740668410122,0.517042780425929960261392975956269085443993028185740668410123,0.51760977072174777,0.517609770721747771191878772149614696462458838838330865014726,0.517609770721747771191878772149614696462458838838330865014727,0.00056699029581781093,0.000566990295817810930485796193345611018465810652590196604604,0.000566990295817810930485796193345611018465810652590196604605,True,interior,True,False,equally_weighted_Pauli_axes,False
717/2000,0.3585,80089/1000000,919911/1000000,1/3,0.93244158151379417,0.51691699399610913,0.516916993996109126256078806888918791072973117274680366274254,0.516916993996109126256078806888918791072973117274680366274255,0.51748006747849096,0.517480067478490963109361351715959388593562220617793134001666,0.517480067478490963109361351715959388593562220617793134001667,0.00056307348238183685,0.000563073482381836853282544827040597520589103343112767727412,0.000563073482381836853282544827040597520589103343112767727413,True,interior,True,False,equally_weighted_Pauli_axes,False
359/1000,0.359,19881/250000,230119/250000,1/3,0.93292402208040325,0.51679173964536830,0.516791739645368299625075058303796597038354569564957668626851,0.516791739645368299625075058303796597038354569564957668626852,0.51735090907696490,0.517350909076964901785278074968194838032706799341077661582409,0.517350909076964901785278074968194838032706799341077661582410,0.00055916943159660216,0.000559169431596602160203016664398240994352229776119992955557,0.000559169431596602160203016664398240994352229776119992955558,True,interior,True,False,equally_weighted_Pauli_axes,False
719/2000,0.3595,78961/1000000,921039/1000000,1/3,0.93340467074508748,0.51666701634363875,0.516667016343638752036696956942114780718837478165221290461019,0.516667016343638752036696956942114780718837478165221290461020,0.51722229450010801,0.517222294500108011738528792415307086570162337294733768524115,0.517222294500108011738528792415307086570162337294733768524116,0.00055527815646925970,0.000555278156469259701831835473192305851324859129512478063096,0.000555278156469259701831835473192305851324859129512478063097,True,interior,True,False,equally_weighted_Pauli_axes,False
9/25,0.36,49/625,576/625,1/3,0.93388352843801795,0.51654282306627730,0.516542823066277297839267251500540063601759046174924777095503,0.516542823066277297839267251500540063601759046174924777095504,0.51709422273620164,0.517094222736201644410897021318486326582263466613529053922082,0.517094222736201644410897021318486326582263466613529053922083,0.00055139966992434657,0.000551399669924346571629769817946262980504420438604276826578,0.000551399669924346571629769817946262980504420438604276826579,True,interior,True,False,equally_weighted_Pauli_axes,False
721/2000,0.3605,77841/1000000,922159/1000000,1/3,0.93436059608541827,0.51641915879404387,0.516419158794043866906460466863590047310678371225419694236063,0.516419158794043866906460466863590047310678371225419694236064,0.51696669277884815,0.516966692778848148094317101941971135575931770473373962695363,0.516966692778848148094317101941971135575931770473373962695364,0.00054753398480428119,0.000547533984804281187856635078381088265253399247954268459299,0.000547533984804281187856635078381088265253399247954268459300,True,interior,True,False,equally_weighted_Pauli_axes,False
361/1000,0.361,19321/250000,230679/250000,1/3,0.93483587460957198,0.51629602251307923,0.516296022513079227196177382277928726879988750283949590618815,0.516296022513079227196177382277928726879988750283949590618816,0.51683970362694908,0.516839703626949083564567912656713549187343745774817335876702,0.516839703626949083564567912656713549187343745774817335876703,0.00054368111386985637,0.000543681113869856368390530378784822307354995490867745257886,0.000543681113869856368390530378784822307354995490867745257887,True,interior,True,False,equally_weighted_Pauli_axes,False
723/2000,0.3615,76729/1000000,923271/1000000,1/3,0.93530936492882993,0.51617341321488286,0.516173413214882856058047679238725047250480383034527323252668,0.516173413214882856058047679238725047250480383034527323252669,0.51671325428468358,0.516713254284683584489490629665730629547783513397445077758405,0.516713254284683584489490629665730629547783513397445077758406,0.00053984106980072843,0.000539841069800728431442950427005582297303130362917754505737,0.000539841069800728431442950427005582297303130362917754505738,True,interior,True,False,equally_weighted_Pauli_axes,False
181/500,0.362,4761/62500,57739/62500,1/3,0.93578106795761767,0.51605132989629096,0.516051329896290959332678245349294582040553618923241116030687,0.516051329896290959332678245349294582040553618923241116030688,0.51658734376148686,0.516587343761486861687531610139283155974041596124952130453358,0.516587343761486861687531610139283155974041596124952130453359,0.00053601386519590235,0.000536013865195902354853364789988573933487977201711014422671,0.000536013865195902354853364789988573933487977201711014422672,True,interior,True,False,equally_weighted_Pauli_axes,False
29/80,0.3625,121/1600,1479/1600,1/3,0.93625098460644272,0.51592977155945464,0.515929771559454637293714867513509343923839577657554824669931,0.515929771559454637293714867513509343923839577657554824669932,0.51646197107202885,0.516461971072028850320048969361420165329543985634273377359029,0.516461971072028850320048969361420165329543985634273377359030,0.00053219951257421303,0.000532199512574213026334101847910821405704407976718552689097,0.000532199512574213026334101847910821405704407976718552689098,True,interior,True,False,equally_weighted_Pauli_axes,False
363/1000,0.363,18769/250000,231231/250000,1/3,0.93671911578190188,0.51580873721181820,0.515808737211818196491666700720012857216915329363644517849723,0.515808737211818196491666700720012857216915329363644517849724,0.51633713523619300,0.516337135236192999108393476197775386819559033305482072019982,0.516337135236192999108393476197775386819559033305482072019983,0.00052839802437480262,0.000528398024374802616726775477762529602643703941837554170258,0.000528398024374802616726775477762529602643703941837554170259,True,interior,True,False,equally_weighted_Pauli_axes,False
727/2000,0.3635,74529/1000000,925471/1000000,1/3,0.93718546238668847,0.51568822586609761,0.515688225866097606566256649067951176371204403342025527062331,0.515688225866097606566256649067951176371204403342025527062332,0.51621283527905520,0.516212835279055200674281662828846619423274058800953711763204,0.516212835279055200674281662828846619423274058800953711763205,0.00052460941295759411,0.000524609412957594108025013760895443052069655458928184700872,0.000524609412957594108025013760895443052069655458928184700873,True,interior,True,False,equally_weighted_Pauli_axes,False
91/250,0.364,1156/15625,14469/15625,1/3,0.93765002531959952,0.51556823654025910,0.515568236540259101101807327840981343443005441073170274845155,0.515568236540259101101807327840981343443005441073170274845156,0.51608907023086286,0.516089070230862862109422183298566764453798937177848028178565,0.516089070230862862109422183298566764453798937177848028178566,0.00052083369060376101,0.000520833690603761007614855457585421010793496104677753333409,0.000520833690603761007614855457585421010793496104677753333410,True,interior,True,False,equally_weighted_Pauli_axes,False
729/2000,0.3645,73441/1000000,926559/1000000,1/3,0.93811280547554296,0.51544876825749792,0.515448768257497921607852266308946280945557245205510719565093,0.515448768257497921607852266308946280945557245205510719565094,0.51596583912701411,0.515965839127014114887736103147107082390264416886556176069906,0.515965839127014114887736103147107082390264416886556176069907,0.00051707086951619328,0.000517070869516193279883836838160801444707171681045456504813,0.000517070869516193279883836838160801444707171681045456504814,True,interior,True,False,equally_weighted_Pauli_axes,False
73/200,0.365,729/10000,9271/10000,1/3,0.93857380374554474,0.51532982004621720,0.515329820046217203714776130235346543514982964367896296499725,0.515329820046217203714776130235346543514982964367896296499726,0.51584314100803716,0.515843141008037163240828594550798002027811822966229149285932,0.515843141008037163240828594550798002027811822966229149285933,0.00051332096181995953,0.000513320961819959526052464315451458512828858598332852786206,0.000513320961819959526052464315451458512828858598332852786207,True,interior,True,False,equally_weighted_Pauli_axes,False
731/2000,0.3655,72361/1000000,927639/1000000,1/3,0.93903302101675595,0.51521139094000700,0.515211390940007004681836653351751655749193131146216752399338,0.515211390940007004681836653351751655749193131146216752399339,0.51572097491956977,0.515720974919569770124624076561821980974878635531159165262187,0.515720974919569770124624076561821980974878635531159165262188,0.00050958397956276544,0.000509583979562765442787423210070325225685504384942412862848,0.000509583979562765442787423210070325225685504384942412862849,True,interior,True,False,equally_weighted_Pauli_axes,False
183/500,0.366,4489/62500,58011/62500,1/3,0.93949045817245985,0.51509347997762347,0.515093479977623471322405323818538678329316795056878917034830,0.515093479977623471322405323818538678329316795056878917034831,0.51559933991233888,0.515599339912338879912269800146485648899183275600486039853002,0.515599339912338879912269800146485648899183275600486039853003,0.00050585993471540859,0.000505859934715408589864476327946970569866480543607122818171,0.000505859934715408589864476327946970569866480543607122818172,True,interior,True,False,equally_weighted_Pauli_axes,False
733/2000,0.3665,71289/1000000,928711/1000000,1/3,0.93994611609207892,0.51497608620296815,0.514976086202968147458684323432693015305788848087132445685194,0.514976086202968147458684323432693015305788848087132445685195,0.51547823504214038,0.515478235042140376955544848102309615222031898495989900851288,0.515478235042140376955544848102309615222031898495989900851289,0.00050214883917222950,0.000502148839172229496860524669616599916243050408857455166093,0.000502148839172229496860524669616599916243050408857455166094,True,interior,True,False,equally_weighted_Pauli_axes,False
367/1000,0.367,17689/250000,232311/250000,1/3,0.94039999565118184,0.51485920866506742,0.514859208665067420025514405675670787416775385981488236168843,0.514859208665067420025514405675670787416775385981488236168844,0.51535765936981898,0.515357659369818979164083109425909556747663879412096208624113,0.515357659369818979164083109425909556747663879412096208624114,0.00049845070475155914,0.000498450704751559138568703750238769330888493430607972455270,0.000498450704751559138568703750238769330888493430607972455271,True,interior,True,False,equally_weighted_Pauli_axes,False
147/400,0.3675,2809/40000,37191/40000,1/3,0.94085209772149046,0.51474284641805210,0.514742846418052102950182958407246907451131472150415560289581,0.514742846418052102950182958407246907451131472150415560289582,0.51523761196124827,0.515237611961248265758730598713653732905529799701311378623713,0.515237611961248265758730598713653732905529799701311378623714,0.00049476554319616281,0.000494765543196162808547640306406825454398327550895818334132,0.000494765543196162808547640306406825454398327550895818334133,True,interior,True,False,equally_weighted_Pauli_axes,False
46/125,0.368,1089/15625,14536/15625,1/3,0.94130242317088669,0.51462699852113716,0.514626998521137157942374056157477761799691826515802873205059,0.514626998521137157942374056157477761799691826515802873205060,0.51511809188731084,0.515118091887310838362310119762138456349167438354299336766110,0.515118091887310838362310119762138456349167438354299336766111,0.00049109336617368042,0.000491093366173680419936063604660694549475611838496463561050,0.000491093366173680419936063604660694549475611838496463561051,True,interior,True,False,equally_weighted_Pauli_axes,False
737/2000,0.3685,69169/1000000,930831/1000000,1/3,0.94175097286341943,0.51451166403860155,0.514511664038601551335573486943810984797214416844585492222751,0.514511664038601551335573486943810984797214416844585492222752,0.51499909822387861,0.514999098223878614597960308476086199970959043008841494543733,0.514999098223878614597960308476086199970959043008841494543734,0.00048743418527706326,0.000487434185277063262386821532275215173744626164256002320982,0.000487434185277063262386821532275215173744626164256002320983,True,interior,True,False,equally_weighted_Pauli_axes,False
369/1000,0.369,17161/250000,232839/250000,1/3,0.94219774765931136,0.51439684203976825,0.514396842039768246128352154161109707509656818471258570231194,0.514396842039768246128352154161109707509656818471258570231195,0.51488063005179325,0.514880630051793253372052117065453565974980528431109676685741,0.514880630051793253372052117065453565974980528431109676685742,0.00048378801202500724,0.000483788012025007243699962904343858465323709959851106454546,0.000483788012025007243699962904343858465323709959851106454547,True,interior,True,False,equally_weighted_Pauli_axes,False
739/2000,0.3695,68121/1000000,931879/1000000,1/3,0.94264274841496582,0.51428253159898433,0.514282531598984328381001513675689856362428100668289466361794,0.514282531598984328381001513675689856362428100668289466361795,0.51476268645684671,0.514762686456846711025464396770132011485183995874959104005094,0.514762686456846711025464396770132011485183995874959104005095,0.00048015485786238264,0.000480154857862382644462883094442155122755895206669637643300,0.000480154857862382644462883094442155122755895206669637643301,True,interior,True,False,equally_weighted_Pauli_axes,False
37/100,0.37,169/2500,2331/2500,1/3,0.94308597598297354,0.51416873179560127,0.514168731795601267129985411693731157075043615550389495813413,0.514168731795601267129985411693731157075043615550389495813414,0.51464526652976193,0.514645266529761927543721971381224038215439350166667648880097,0.514645266529761927543721971381224038215439350166667648880098,0.00047653473416066041,0.000476534734160660413736559687492881140395734616278153066683,0.000476534734160660413736559687492881140395734616278153066684,True,interior,True,False,equally_weighted_Pauli_axes,False
741/2000,0.3705,67081/1000000,932919/1000000,1/3,0.94352743121211939,0.51405544171395531,0.514055441713955306989604435815488497613259471710868040495263,0.514055441713955306989604435815488497613259471710868040495264,0.51452836936617364,0.514528369366173642023165034038084200511875372262803567337711,0.514528369366173642023165034038084200511875372262803567337712,0.00047292765221833503,0.000472927652218335033560598222595702898615900551935526842448,0.000472927652218335033560598222595702898615900551935526842449,True,interior,True,False,equally_weighted_Pauli_axes,False
371/1000,0.371,16641/250000,233359/250000,1/3,0.94396711494738912,0.51394266044334799,0.513942660443347992617142269203025533983148024646028815927504,0.513942660443347992617142269203025533983148024646028815927505,0.51441199406660934,0.514411994066609336596928404660066999344941274127918728364414,0.514411994066609336596928404660066999344941274127918728364415,0.00046933362326134398,0.000469333623261343979786135457041465361793249481889912436910,0.000469333623261343979786135457041465361793249481889912436911,True,interior,True,False,equally_weighted_Pauli_axes,False
743/2000,0.3715,66049/1000000,933951/1000000,1/3,0.94440502802997599,0.51383038707802682,0.513830387078026824224579129055766385822321683801281069062981,0.513830387078026824224579129055766385822321683801281069062982,0.51429613973647031,0.514296139736470308031063708564945753261076427188167026189425,0.514296139736470308031063708564945753261076427188167026189426,0.00046575265844348381,0.000465752658443483806484579509179367438754743386885957126443,0.000465752658443483806484579509179367438754743386885957126444,True,interior,True,False,equally_weighted_Pauli_axes,False
93/250,0.372,1024/15625,14601/15625,1/3,0.94484117129728747,0.51371862071716604,0.513718620717166043326715752554830510059427924152565321566238,0.513718620717166043326715752554830510059427924152565321566239,0.51418080548601287,0.514180805486012866207637426198347115387337163571654527595102,0.514180805486012866207637426198347115387337163571654527595103,0.00046218476884682288,0.000462184768846822880921673643516605327909239419089206028864,0.000462184768846822880921673643516605327909239419089206028865,True,interior,True,False,equally_weighted_Pauli_axes,False
149/400,0.3725,2601/40000,37399/40000,1/3,0.94527554558295179,0.51360736046484755,0.513607360464847547922253137000690453014156322853361619960653,0.513607360464847547922253137000690453014156322853361619960654,0.51406599043032966,0.514065990430329658718083561606468551650590912518075070104128,0.514065990430329658718083561606468551650590912518075070104129,0.00045862996548211080,0.000458629965482110795830424605778098636434589664713450143474,0.000458629965482110795830424605778098636434589664713450143475,True,interior,True,False,equally_weighted_Pauli_axes,False
373/1000,0.373,16129/250000,233871/250000,1/3,0.94570815171682452,0.51349660543004194,0.513496605430041936311018910944298466246425432233670671784972,0.513496605430041936311018910944298466246425432233670671784973,0.51395169368933112,0.513951693689331120796481919840974724389707102488828140353824,0.513951693689331120796481919840974724389707102488828140353825,0.00045508825928918449,0.000455088259289184485463008896676258143281670255157468568851,0.000455088259289184485463008896676258143281670255157468568852,True,interior,True,False,equally_weighted_Pauli_axes,False
747/2000,0.3735,64009/1000000,935991/1000000,1/3,0.94613899052499515,0.51338635472658968,0.513386354726589678757121368703339591813883510916715721600733,0.513386354726589678757121368703339591813883510916715721600734,0.51383791438772705,0.513837914387727049828772201826503071342183924395135526925738,0.513837914387727049828772201826503071342183924395135526925739,0.00045155966113737107,0.000451559661137371071650833123163479528300413478419805325005,0.000451559661137371071650833123163479528300413478419805325006,True,interior,True,False,equally_weighted_Pauli_axes,False
187/500,0.374,3969/62500,58531/62500,1/3,0.94656806282979353,0.51327660747318242,0.513276607473182416214347394924858593587137136633503017538862,0.513276607473182416214347394924858593587137136633503017538863,0.51372465165500830,0.513724651655008303680200844772120442460140288207625896462846,0.513724651655008303680200844772120442460140288207625896462847,0.00044804418182588747,0.000448044181825887465853449847261848873003151574122878923983,0.000448044181825887465853449847261848873003151574122878923984,True,interior,True,False,equally_weighted_Pauli_axes,False
749/2000,0.3745,63001/1000000,936999/1000000,1/3,0.94699536944979641,0.51316736279334439,0.513167362793344385336601286192332410204116561266031000493070,0.513167362793344385336601286192332410204116561266031000493071,0.51361190462542862,0.513611904625428622089532276945532332927786794626507674506386,0.513611904625428622089532276945532332927786794626507674506387,0.00044454183208423675,0.000444541832084236752930990753199922723670233360476674013315,0.000444541832084236752930990753199922723670233360476674013316,True,interior,True,False,equally_weighted_Pauli_axes,False
3/8,0.375,1/16,15/16,1/3,0.94742091119983382,0.51305861981541397,0.513058619815413969002608384763287401522783762556001455403647,0.513058619815413969002608384763287401522783762556001455403648,0.51349967243798657,0.513499672437986570384739532146354432793876643875876352136960,0.513499672437986570384739532146354432793876643875876352136961,0.00044105262257260138,0.000441052622572601382131147383067031271092881319874896733312,0.000441052622572601382131147383067031271092881319874896733313,True,interior,True,False,equally_weighted_Pauli_axes,False
751/2000,0.3755,62001/1000000,937999/1000000,1/3,0.94784468889099549,0.51295037767252537,0.512950377672525371590481011408557599165412859432790855328270,0.512950377672525371590481011408557599165412859432790855328271,0.51338795423640760,0.513387954236407604781021490784986335304500692487352489679506,0.513387954236407604781021490784986335304500692487352489679507,0.00043757656388223319,0.000437576563882233190540479376428736139087833054561634351236,0.000437576563882233190540479376428736139087833054561634351237,True,interior,True,False,equally_weighted_Pauli_axes,False
47/125,0.376,961/15625,14664/15625,1/3,0.94826670333063722,0.51284263550259042,0.512842635502590418244064950479962176248239078748990494394093,0.512842635502590418244064950479962176248239078748990494394094,0.51327674916912626,0.513276749169126258528075885110493245827399908147620789369744,0.513276749169126258528075885110493245827399908147620789369745,0.00043411366653584028,0.000434113666535840284010934630531069579160829398630294975650,0.000434113666535840284010934630531069579160829398630294975651,True,interior,True,False,equally_weighted_Pauli_axes,False
753/2000,0.3765,61009/1000000,938991/1000000,1/3,0.94868695532238721,0.51273539244828048,0.512735392448280477379253225726544044784366016983559543947611,0.512735392448280477379253225726544044784366016983559543947612,0.51316605638926845,0.513166056389268448179589124650859769477802933356364040414575,0.513166056389268448179589124650859769477802933356364040414576,0.00043066394098797080,0.000430663940987970800335898924315724693436916372804496466963,0.000430663940987970800335898924315724693436916372804496466964,True,interior,True,False,equally_weighted_Pauli_axes,False
377/1000,0.377,15129/250000,234871/250000,1/3,0.94910544566615238,0.51262864765700851,0.512628647657008505684670629535355572925359668092666627162302,0.512628647657008505684670629535355572925359668092666627162303,0.51305587505463390,0.513055875054633899263886458011575783316705103655242652111432,0.513055875054633899263886458011575783316705103655242652111433,0.00042722739762539358,0.000427227397625393579215828476220210391345435562576024949129,0.000427227397625393579215828476220210391345435562576024949130,True,interior,True,False,equally_weighted_Pauli_axes,False
151/400,0.3775,2401/40000,37599/40000,1/3,0.94952217515812463,0.51252240028091121,0.512522400280911214877297945337424780783596678709812054275935,0.512522400280911214877297945337424780783596678709812054275936,0.51294620432767869,0.512946204327678690640619477426184183964628992626867353138356,0.512946204327678690640619477426184183964628992626867353138357,0.00042380404676747576,0.000423804046767475763321532088759403181032313917055298862420,0.000423804046767475763321532088759403181032313917055298862421,True,interior,True,False,equally_weighted_Pauli_axes,False
189/500,0.378,3721/62500,58779/62500,1/3,0.94993714459078703,0.51241664947683136,0.512416649476831359479719541723766974509160898399882068978244,0.512416649476831359479719541723766974509160898399882068978245,0.51283704337549792,0.512837043375497916834252976449557399381757217293035696863554,0.512837043375497916834252976449557399381757217293035696863555,0.00042039389866655735,0.000420393898666557354533434725790424872596318893153627885310,0.000420393898666557354533434725790424872596318893153627885311,True,interior,True,False,equally_weighted_Pauli_axes,False
757/2000,0.3785,59049/1000000,940951/1000000,1/3,0.95035035475292010,0.51231139440630014,0.512311394406300144891742520937517911155303138383894417679705,0.512311394406300144891742520937517911155303138383894417679706,0.51272839136980847,0.512728391369808467640950167555966141850336453124373114682771,0.512728391369808467640950167555966141850336453124373114682772,0.00041699696350832275,0.000416996963508322749207646618448230695033314740478697003065,0.000416996963508322749207646618448230695033314740478697003066,True,interior,True,False,equally_weighted_Pauli_axes,False
379/1000,0.379,14641/250000,235359/250000,1/3,0.95076180642960792,0.51220663423551976,0.512206634235519755035150372231854114559482350838675260310504,0.512206634235519755035150372231854114559482350838675260310505,0.51262024748693192,0.512620247486931924311244728872076886442631763493676439206900,0.512620247486931924311244728872076886442631763493676439206901,0.00041361325141216928,0.000413613251412169276094356640222771883149412655001178896396,0.000413613251412169276094356640222771883149412655001178896397,True,interior,True,False,equally_weighted_Pauli_axes,False
759/2000,0.3795,58081/1000000,941919/1000000,1/3,0.95117150040224430,0.51210236813534600,0.512102368135345998856319605363368826263792604196566044227480,0.512102368135345998856319605363368826263792604196566044227481,0.51251261090777757,0.512512610907777571616630546717325899456518463552054244778790,0.512512610907777571616630546717325899456518463552054244778791,0.00041024277243157276,0.000410242772431572760310941353957073192725859355488200551310,0.000410242772431572760310941353957073192725859355488200551311,True,interior,True,False,equally_weighted_Pauli_axes,False
19/50,0.38,36/625,589/625,1/3,0.95157943744853884,0.51199859528127107,0.511998595281271074977344609409545315703943287874129479825945,0.511998595281271074977344609409545315703943287874129479825946,0.51240548081782553,0.512405480817825525113895817129198123570065662549931345204944,0.512405480817825525113895817129198123570065662549931345204945,0.00040688553655445014,0.000406885536554450136551207719652807866122374675801865378998,0.000406885536554450136551207719652807866122374675801865378999,True,interior,True,False,equally_weighted_Pauli_axes,False
761/2000,0.3805,57121/1000000,942879/1000000,1/3,0.95198561834252308,0.51189531485340645,0.511895314853406453792184480327141626151884803746434493780978,0.511895314853406453792184480327141626151884803746434493780979,0.51229885640710997,0.512298856407109972926677824473925476527354655125201324751642,0.512298856407109972926677824473925476527354655125201324751643,0.00040354155370351913,0.000403541553703519134493344146783850375469851378766830970664,0.000403541553703519134493344146783850375469851378766830970665,True,interior,True,False,equally_weighted_Pauli_axes,False
381/1000,0.381,14161/250000,235839/250000,1/3,0.95239004385455643,0.51179252603646588,0.511792526036465876310166265421995824560246044154075920488242,0.511792526036465876310166265421995824560246044154075920488243,0.51219273687020253,0.512192736870202531369318683260612717537304883685780229037114,0.512192736870202531369318683260612717537304883685780229037115,0.00040021083373665506,0.000400210833736655059152417838616892977058839531704308548872,0.000400210833736655059152417838616892977058839531704308548873,True,interior,True,False,equally_weighted_Pauli_axes,False
763/2000,0.3815,56169/1000000,943831/1000000,1/3,0.95279271475133226,0.51169022801974847,0.511690228019748469054952457500103153120165579404038278855489,0.511690228019748469054952457500103153120165579404038278855490,0.51208712140619571,0.512087121406195713743661060441056940160307358584978613736158,0.512087121406195713743661060441056940160307358584978613736159,0.00039689338644724469,0.000396893386447244688708602940953787040141779180940334880668,0.000396893386447244688708602940953787040141779180940334880669,True,interior,True,False,equally_weighted_Pauli_axes,False
191/500,0.382,3481/62500,59019/62500,1/3,0.95319363179588386,0.51158841999712197,0.511588419997121974332807104395731324372357797497120969276831,0.511588419997121974332807104395731324372357797497120969276832,0.51198200921868651,0.511982009218686511644936835269991963977946751250839952028267,0.511982009218686511644936835269991963977946751250839952028268,0.00039358922156453731,0.000393589221564537312129730874260639605588953753718982751436,0.000393589221564537312129730874260639605588953753718982751437,True,interior,True,False,equally_weighted_Pauli_axes,False
153/400,0.3825,2209/40000,37791/40000,1/3,0.95359279574759035,0.51148710116700610,0.511487101167006095189675044522854954582909913075036479235493,0.511487101167006095189675044522854954582909913075036479235494,0.51187739951576009,0.511877399515760088118371243184670178489280599641440341544364,0.511877399515760088118371243184670178489280599641440341544365,0.00039029834875399293,0.000390298348753992928696198661815223906370686566403862308870,0.000390298348753992928696198661815223906370686566403862308871,True,interior,True,False,equally_weighted_Pauli_axes,False
383/1000,0.383,13689/250000,236311/250000,1/3,0.95399020736218259,0.51138627073235595,0.511386270732355954382222995042047950371595641888138002262878,0.511386270732355954382222995042047950371595641888138002262879,0.51177329150997358,0.511773291509973582013550725636403720765032623114409203513308,0.511773291509973582013550725636403720765032623114409203513309,0.00038702077761762763,0.000387020777617627631327730594355770393436981226271201250430,0.000387020777617627631327730594355770393436981226271201250431,True,interior,True,False,equally_weighted_Pauli_axes,False
767/2000,0.3835,54289/1000000,945711/1000000,1/3,0.95438586739174911,0.51128592790064567,0.511285927900645666693579960474567064401804118451602278095826,0.511285927900645666693579960474567064401804118451602278095827,0.51166968441834002,0.511669684418340022888984901453643227413316473451512932667108,0.511669684418340022888984901453643227413316473451512932667109,0.00038375651769435620,0.000383756517694356195404940979076163011512354999910654571282,0.000383756517694356195404940979076163011512354999910654571283,True,interior,True,False,equally_weighted_Pauli_axes,False
48/125,0.384,841/15625,14784/15625,1/3,0.95477977658474188,0.51118607188385202,0.511186071883852023930058145808999428065636110247021056772602,0.511186071883852023930058145808999428065636110247021056772603,0.51156657746231236,0.511566577462312355824632214856980335932038548048482863419011,0.511566577462312355824632214856980335932038548048482863419012,0.00038050557846033189,0.000380505578460331894574069047980907866402437801461806646409,0.000380505578460331894574069047980907866402437801461806646410,True,interior,True,False,equally_weighted_Pauli_axes,False
769/2000,0.3845,53361/1000000,946639/1000000,1/3,0.95517193568598219,0.51108670189843829,0.511086701898438291940634694449359235604231589507168339163495,0.511086701898438291940634694449359235604231589507168339163496,0.51146396986776758,0.511463969867767575505455324088971385887597393062479027681728,0.511463969867767575505455324088971385887597393062479027681729,0.00037726796932928356,0.000377267969329283564820629639612150283365803555310688518233,0.000377267969329283564820629639612150283365803555310688518234,True,interior,True,False,equally_weighted_Pauli_axes,False
77/200,0.385,529/10000,9471/10000,1/3,0.95556234543666638,0.51098781716533812,0.510987817165338119006429568351202308953272425776305561572655,0.510987817165338119006429568351202308953272425776305561572656,0.51136186086499097,0.511361860864990968944326591910746352666415365579609561917950,0.511361860864990968944326591910746352666415365579609561917951,0.00037404369965284994,0.000374043699652849937897023559544043713142939803304000345294,0.000374043699652849937897023559544043713142939803304000345295,True,interior,True,False,equally_weighted_Pauli_axes,False
771/2000,0.3855,52441/1000000,947559/1000000,1/3,0.95595100657437161,0.51088941690993955,0.510889416909939554952826181529259830258440633173902543152343,0.510889416909939554952826181529259830258440633173902543152344,0.51126024968866047,0.511260249688660466217816539883993502558375033832701665403653,0.511260249688660466217816539883993502558375033832701665403654,0.00037083277872091126,0.000370832778720911264990358354733672299934400658799122251310,0.000370832778720911264990358354733672299934400658799122251311,True,interior,True,False,equally_weighted_Pauli_axes,False
193/500,0.386,3249/62500,59251/62500,1/3,0.95633791983306160,0.51079150036206918,0.510791500362069180342249420533805189204061939900250938718137,0.510791500362069180342249420533805189204061939900250938718138,0.51115913557783110,0.511159135577831098593569243166813561534560548736205152565123,0.511159135577831098593569243166813561534560548736205152565124,0.00036763521576191825,0.000367635215761918251319822633008372330498608835954213846986,0.000367635215761918251319822633008372330498608835954213846987,True,interior,True,False,equally_weighted_Pauli_axes,False
773/2000,0.3865,51529/1000000,948471/1000000,1/3,0.95672308594309226,0.51069406675597635,0.510694066755976345110940863864492722869673362363205978405889,0.510694066755976345110940863864492722869673362363205978405890,0.51105851777591956,0.511058517775919563433098778153521810084679818975911927547555,0.511058517775919563433098778153521810084679818975911927547556,0.00036445101994321832,0.000364451019943218322157914289029087215006456612705949141665,0.000364451019943218322157914289029087215006456612705949141666,True,interior,True,False,equally_weighted_Pauli_axes,False
387/1000,0.387,12769/250000,237231/250000,1/3,0.95710650563121741,0.51059711533031752,0.510597115330317516018353769694707007038877403593768473894030,0.510597115330317516018353769694707007038877403593768473894031,0.51095839553068890,0.510958395530688895258930394260232550413533930596746802781015,0.510958395530688895258930394260232550413533930596746802781016,0.00036128020037137924,0.000361280200371379240576624565525543374656527002978328886985,0.000361280200371379240576624565525543374656527002978328886986,True,interior,True,False,equally_weighted_Pauli_axes,False
31/80,0.3875,81/1600,1519/1600,1/3,0.95748817962059436,0.51050064532814073,0.510500645328140732283031156535250234230662062010645559139578,0.510500645328140732283031156535250234230662062010645559139579,0.51085876809423324,0.510858768094233242380059462055392402386773341664118150262566,0.510858768094233242380059462055392402386773341664118150262567,0.00035812276609251010,0.000358122766092510097028305520142168156111279653472591122988,0.000358122766092510097028305520142168156111279653472591122989,True,interior,True,False,equally_weighted_Pauli_axes,False
97/250,0.388,784/15625,14841/15625,1/3,0.95786810863078951,0.51040465599687017,0.510404655996870168784029469185156883317640761946349803790328,0.510404655996870168784029469185156883317640761946349803790329,0.51075963472296275,0.510759634722962748474710847335922985262516977566138875211989,0.510759634722962748474710847335922985262516977566138875211990,0.00035497872609257969,0.000354978726092579690681378150766101944876215619789071421661,0.000354978726092579690681378150766101944876215619789071421662,True,interior,True,False,equally_weighted_Pauli_axes,False
777/2000,0.3885,49729/1000000,950271/1000000,1/3,0.95824629337778392,0.51030914658829081,0.510309146588290806212108312952838343224439292186761161452096,0.510309146588290806212108312952838343224439292186761161452097,0.51066099467758854,0.510660994677588538534351565302770183101934154792058166203699,0.510660994677588538534351565302770183101934154792058166203700,0.00035184808929773232,0.000351848089297732322243252349931839877494862605297004751602,0.000351848089297732322243252349931839877494862605297004751603,True,interior,True,False,equally_weighted_Pauli_axes,False
389/1000,0.389,12321/250000,237679/250000,1/3,0.95862273457397885,0.51021411635853321,0.510214116358533207560023959025539390844626025792074963125682,0.510214116358533207560023959025539390844626025792074963125683,0.51056284722310781,0.510562847223107808577840767455976976866441253955285951786644,0.510562847223107808577840767455976976866441253955285951786645,0.00034873086457460102,0.000348730864574601017816808430437586021815228163210988660962,0.000348730864574601017816808430437586021815228163210988660963,True,interior,True,False,equally_weighted_Pauli_axes,False
779/2000,0.3895,48841/1000000,951159/1000000,1/3,0.95899743292820122,0.51011956456805840,0.510119564568058400346341175299244481310391096904899851953710,0.510119564568058400346341175299244481310391096904899851953711,0.51046519162878902,0.510465191628789018549493689129126607569230597105250248008734,0.510465191628789018549493689129126607569230597105250248008735,0.00034562706073061820,0.000345627060730618203152513829882126258839500200350396055023,0.000345627060730618203152513829882126258839500200350396055024,True,interior,True,False,equally_weighted_Pauli_axes,False
39/100,0.39,121/2500,2379/2500,1/3,0.95937038914570913,0.51002549048164286,0.510025490481642863972214818218704761804234054636028165547532,0.510025490481642863972214818218704761804234054636028165547533,0.51036802716815719,0.510368027168157187819690516839149218135021958886764034948223,0.510368027168157187819690516839149218135021958886764034948224,0.00034253668651432385,0.000342536686514323847475698620444456330787904250735869400690,0.000342536686514323847475698620444456330787904250735869400691,True,interior,True,False,equally_weighted_Pauli_axes,False
781/2000,0.3905,47961/1000000,952039/1000000,1/3,0.95974160392819726,0.50993189336836362,0.509931893368363621615589926512485175121900405456846220128924,0.509931893368363621615589926512485175121900405456846220128925,0.51027135311897929,0.510271353118979292711477597209402422916548323156338095989292,0.510271353118979292711477597209402422916548323156338095989293,0.00033945975061567110,0.000339459750615671095887670696917247794647917699491875860367,0.000339459750615671095887670696917247794647917699491875860368,True,interior,True,False,equally_weighted_Pauli_axes,False
391/1000,0.391,11881/250000,238119/250000,1/3,0.96011107797380228,0.50983877250158344,0.509838772501583436072227177511266596164847806770820249970100,0.509838772501583436072227177511266596164847806770820249970101,0.51017516876324977,0.510175168763249765481387374790375848452003417207192483753972,0.510175168763249765481387374790375848452003417207192483753973,0.00033639626166632941,0.000336396261666329409160197279109252287155610436372233783872,0.000336396261666329409160197279109252287155610436372233783873,True,interior,True,False,equally_weighted_Pauli_axes,False
783/2000,0.3915,47089/1000000,952911/1000000,1/3,0.96047881197710826,0.50974612715893611,0.509746127158936108957879887500812107635000807993374006284077,0.509746127158936108957879887500812107635000807993374006284078,0.51007947338717609,0.510079473387176094187445282644017597679416247164227490978417,0.510079473387176094187445282644017597679416247164227490978418,0.00033334622823998523,0.000333346228239985229565395143205490044415439170853484694340,0.000333346228239985229565395143205490044415439170853484694341,True,interior,True,False,equally_weighted_Pauli_axes,False
49/125,0.392,729/15625,14896/15625,1/3,0.96084480662915198,0.50965395662231188,0.509653956622311882690829641941757024796719072003486049905345,0.509653956622311882690829641941757024796719072003486049905346,0.50998426628116452,0.509984266281164522882036881439190052145734729421511286825359,0.509984266281164522882036881439190052145734729421511286825360,0.00033030965885264019,0.000330309658852640191207239497433027349015657418025236920013,0.000330309658852640191207239497433027349015657418025236920014,True,interior,True,False,equally_weighted_Pauli_axes,False
157/400,0.3925,1849/40000,38151/40000,1/3,0.96120906261742824,0.50956226017784294,0.509562260177842944678830508254606392406374834214839752126474,0.509562260177842944678830508254606392406374834214839752126475,0.50988954673980585,0.509889546739805851571977210807288120031209984132088420268007,0.509889546739805851571977210807288120031209984132088420268008,0.00032728656196290689,0.000327286561962906893146702552681727624835149917248668141533,0.000327286561962906893146702552681727624835149917248668141534,True,interior,True,False,equally_weighted_Pauli_axes,False
393/1000,0.393,11449/250000,238551/250000,1/3,0.96157158062589520,0.50947103711588903,0.509471037115889033139316988341705251088339657903722983057455,0.509471037115889033139316988341705251088339657903722983057456,0.50979531406186134,0.509795314061861335392756938065293505584706648262188550879602,0.509795314061861335392756938065293505584706648262188550879603,0.00032427694597230225,0.000324276945972302253439949723588254496366990358465567822146,0.000324276945972302253439949723588254496366990358465567822147,True,interior,True,False,equally_weighted_Pauli_axes,False
787/2000,0.3935,45369/1000000,954631/1000000,1/3,0.96193236133497958,0.50938028673102314,0.509380286731023143986498781517064315464102246117356177343329,0.509380286731023143986498781517064315464102246117356177343330,0.50970156755024868,0.509701567550248682448536817862293341299726285187943896369869,0.509701567550248682448536817862293341299726285187943896369870,0.00032128081922553846,0.000321280819225538462038036345229025835624039070587719026539,0.000321280819225538462038036345229025835624039070587719026540,True,interior,True,False,equally_weighted_Pauli_axes,False
197/500,0.394,2809/62500,59691/62500,1/3,0.96229140542158189,0.50929000832201734,0.509290008322017338223696418797845146037522260394696359697246,0.509290008322017338223696418797845146037522260394696359697247,0.50960830651202815,0.509608306512028149774023562115739275642403691392869945930795,0.509608306512028149774023562115739275642403691392869945930796,0.00031829819001081155,0.000318298190010811550327143317894129604881430998173586233548,0.000318298190010811550327143317894129604881430998173586233549,True,interior,True,False,equally_weighted_Pauli_axes,False
789/2000,0.3945,44521/1000000,955479/1000000,1/3,0.96264871355908166,0.50920020119182865,0.509200201191828649283966260717682777831484316379387216275203,0.509200201191828649283966260717682777831484316379387216275204,0.50951553025838874,0.509515530258388736878886809623227251497169552548651624660559,0.509515530258388736878886809623227251497169552548651624660560,0.00031532906656008759,0.000315329066560087594920548905544473665685236169264408385356,0.000315329066560087594920548905544473665685236169264408385357,True,interior,True,False,equally_weighted_Pauli_axes,False
79/200,0.395,441/10000,9559/10000,1/3,0.96300428641734258,0.50911086464758509,0.509110864647585089766721583514669604106250899949816280570679,0.509110864647585089766721583514669604106250899949816280570680,0.50942323810463448,0.509423238104634476339868822428025999264289702253544629804205,0.509423238104634476339868822428025999264289702253544629804206,0.00031237345704938657,0.000312373457049386573147238913356395158038802303728349233525,0.000312373457049386573147238913356395158038802303728349233526,True,interior,True,False,equally_weighted_Pauli_axes,False
791/2000,0.3955,43681/1000000,956319/1000000,1/3,0.96335812466271763,0.50902199800057176,0.509021998000571757022678869752831649867143814713401000135876,0.509021998000571757022678869752831649867143814713401000135877,0.50933142937017082,0.509331429370170820910196161500263649053151037273791448254782,0.509331429370170820910196161500263649053151037273791448254783,0.00030943136959906389,0.000309431369599063887517291747431999186007222560390448118906,0.000309431369599063887517291747431999186007222560390448118907,True,interior,True,False,equally_weighted_Pauli_axes,False
99/250,0.396,676/15625,14949/15625,1/3,0.96371022895805420,0.50893360056621704,0.508933600566217037044045322687269876574082968227884909904874,0.508933600566217037044045322687269876574082968227884909904875,0.50924010337849113,0.509240103378491126620326244381714061740309081275163588767330,0.509240103378491126620326244381714061740309081275163588767331,0.00030650281227408958,0.000306502812274089576280921694444185166226113047278678862456,0.000306502812274089576280921694444185166226113047278678862457,True,interior,True,False,equally_weighted_Pauli_axes,False
793/2000,0.3965,42849/1000000,957151/1000000,1/3,0.96406059996269917,0.50884567166407891,0.508845671664078906121415389056804347604014125389022886803674,0.508845671664078906121415389056804347604014125389022886803675,0.50914925945716323,0.509149259457163231348451695672228285790580201714033823954137,0.509149259457163231348451695672228285790580201714033823954138,0.00030358779308432523,0.000303587793084325227036306615423938186566076325010937150462,0.000303587793084325227036306615423938186566076325010937150463,True,interior,True,False,equally_weighted_Pauli_axes,False
397/1000,0.397,10609/250000,239391/250000,1/3,0.96440923833250393,0.50875821061783133,0.508758210617831329733361049145614976519434545041286300782900,0.508758210617831329733361049145614976519434545041286300782901,0.50905889693781613,0.509058896937816128343542097919690219108768585368362761541960,0.509058896937816128343542097919690219108768585368362761541961,0.00030068631998479861,0.000300686319984798610181048774075242589334040327076460759060,0.000300686319984798610181048774075242589334040327076460759061,True,interior,True,False,equally_weighted_Pauli_axes,False
159/400,0.3975,1681/40000,38319/40000,1/3,0.96475614471982944,0.50867121675525076,0.508671216755250758139183159182557566234504137477414271674581,0.508671216755250758139183159182557566234504137477414271674582,0.50896901515612673,0.508969015156126734188026462727432069496931599037936640621973,0.508969015156126734188026462727432069496931599037936640621974,0.00029779840087597605,0.000297798400875976048843303544874503262427461560522368947391,0.000297798400875976048843303544874503262427461560522368947392,True,interior,True,False,equally_weighted_Pauli_axes,False
199/500,0.398,2601/62500,59899/62500,1/3,0.96510131977355115,0.50858468940820272,0.508584689408202718149739549391690869116190270972719688699594,0.508584689408202718149739549391690869116190270972719688699595,0.50887961345180675,0.508879613451806750691510793669118633456536032027097784056649,0.508879613451806750691510793669118633456536032027097784056650,0.00029492404360403254,0.000294924043604032541771244277427764340345761054378095357055,0.000294924043604032541771244277427764340345761054378095357056,True,interior,True,False,equally_weighted_Pauli_axes,False
797/2000,0.3985,41209/1000000,958791/1000000,1/3,0.96544476413906404,0.50849862791262850,0.508498627912628500555680227919105534853492585011438851141658,0.508498627912628500555680227919105534853492585011438851141659,0.50879069116858962,0.508790691168589620211183824734336028322153565687559986297304,0.508790691168589620211183824734336028322153565687559986297305,0.00029206325596111966,0.000292063255961119655503596815230493468660980676121135155646,0.000292063255961119655503596815230493468660980676121135155647,True,interior,True,False,equally_weighted_Pauli_axes,False
399/1000,0.399,10201/250000,239799/250000,1/3,0.96578647845828748,0.50841303160853194,0.508413031608531942696801249827138240755445645988151809677993,0.508413031608531942696801249827138240755445645988151809677994,0.50870224765421757,0.508702247654217573898790708264600224043427632958553552642530,0.508702247654217573898790708264600224043427632958553552642531,0.00028921604568563120,0.000289216045685631201989458437461983287981986970401742964537,0.000289216045685631201989458437461983287981986970401742964538,True,interior,True,False,equally_weighted_Pauli_axes,False
799/2000,0.3995,40401/1000000,959599/1000000,1/3,0.96612646336967018,0.50832789983996631,0.508327899839966305660576911531323528519436422138344776299261,0.508327899839966305660576911531323528519436422138344776299262,0.50861428226042877,0.508614282260428772378249409373504284635438247399091582592938,0.508614282260428772378249409373504284635438247399091582592939,0.00028638242046246672,0.000286382420462466717672497842180756116001825260746806293677,0.000286382420462466717672497842180756116001825260746806293678,True,interior,True,False,equally_weighted_Pauli_axes,False
2/5,0.4,1/25,24/25,1/3,0.96646471950819501,0.50824323195502125,0.508243231955021245602245251434872079423015660612989088078708,0.508243231955021245602245251434872079423015660612989088078709,0.50852679434294454,0.508526794342944538362148151353490681736536069985658356009111,0.508526794342944538362148151353490681736536069985658356009112,0.00028356238792329276,0.000283562387923292759902899918618602313520409372669267930403,0.000283562387923292759902899918618602313520409372669267930404,True,interior,True,False,equally_weighted_Pauli_axes,False
801/2000,0.4005,39601/1000000,960399/1000000,1/3,0.96680124750538389,0.50815902730580988,0.508159027305809878683104700916527356157732618865942394025972,0.508159027305809878683104700916527356157732618865942394025973,0.50843978326145668,0.508439783261456680719494757249870683074493382377633191749903,0.508439783261456680719494757249870683074493382377633191749904,0.00028075595564680204,0.000280755955646802036390056333343326916760763511690797723931,0.000280755955646802036390056333343326916760763511690797723932,True,interior,True,False,equally_weighted_Pauli_axes,False
401/1000,0.401,9801/250000,240199/250000,1/3,0.96713604798930256,0.50807528524845594,0.508075285248455939127930456962466228561981686707681831996674,0.508075285248455939127930456962466228561981686707681831996675,0.50835324837961491,0.508353248379614909511190452376182012507716609164400645891156,0.508353248379614909511190452376182012507716609164400645891157,0.00027796313115897038,0.000277963131158970383259995413715783945734922456718813894481,0.000277963131158970383259995413715783945734922456718813894482,True,interior,True,False,equally_weighted_Pauli_axes,False
803/2000,0.4015,38809/1000000,961191/1000000,1/3,0.96746912158456542,0.50799200514308103,0.507992005143081029906638056234934122543347199031933213463389,0.507992005143081029906638056234934122543347199031933213463390,0.50826718906501434,0.508267189065014341513771933884708978965666123158254361815898,0.508267189065014341513771933884708978965666123158254361815899,0.00027518392193331161,0.000275183921933311607133877649774856422318924126321148352509,0.000275183921933311607133877649774856422318924126321148352510,True,interior,True,False,equally_weighted_Pauli_axes,False
201/500,0.402,2401/62500,60099/62500,1/3,0.96780046891234021,0.50790918635379197,0.507909186353791965549509034829598691431586408134120253010485,0.507909186353791965549509034829598691431586408134120253010486,0.50818160468918310,0.508181604689183095756006576541097186573258172582520618097304,0.508181604689183095756006576541097186573258172582520618097305,0.00027241833539113021,0.000272418335391130206497541711498495141671764448400365086818,0.000272418335391130206497541711498495141671764448400365086819,True,interior,True,False,equally_weighted_Pauli_axes,False
161/400,0.4025,1521/40000,38479/40000,1/3,0.96813009059035279,0.50782682824866821,0.507826828248668206609449769971672226589513848740438442186049,0.507826828248668206609449769971672226589513848740438442186050,0.50809649462756998,0.508096494627569978596936825682602898882284436605068487674000,0.508096494627569978596936825682602898882284436605068487674001,0.00026966637890177199,0.000269666378901771987487055710930672292770587864630045487951,0.000269666378901771987487055710930672292770587864630045487952,True,interior,True,False,equally_weighted_Pauli_axes,False
403/1000,0.403,9409/250000,240591/250000,1/3,0.96845798723289182,0.50774493019974939,0.507744930199749385288879928045089865024338606367275704672304,0.507744930199749385288879928045089865024338606367275704672305,0.50801185825953226,0.508011858259532257877951423249219654388551315512586438864156,0.508011858259532257877951423249219654388551315512586438864157,0.00026692805978287259,0.000266928059782872589071495204129789364212709145310734191851,0.000266928059782872589071495204129789364212709145310734191852,True,interior,True,False,equally_weighted_Pauli_axes,False
807/2000,0.4035,37249/1000000,962751/1000000,1/3,0.96878415945081345,0.50766349158302292,0.507663491583022921752941693306778027271860126651652427796865,0.507663491583022921752941693306778027271860126651652427796866,0.50792769496832353,0.507927694968323525685413412264868201477052391641319118500847,0.507927694968323525685413412264868201477052391641319118500848,0.00026420338530060393,0.000264203385300603932471718958090174205192264989666690703981,0.000264203385300603932471718958090174205192264989666690703982,True,interior,True,False,equally_weighted_Pauli_axes,False
101/250,0.404,576/15625,15049/15625,1/3,0.96910860785154591,0.50758251177841173,0.507582511778411730654785426170242669798220165406289950938700,0.507582511778411730654785426170242669798220165406289950938701,0.50784400414108165,0.507844004141081649264298157958432938019257843881930574599291,0.507844004141081649264298157958432938019257843881930574599292,0.00026149236266991861,0.000261492362669918609512731788190268221037678475640623660590,0.000261492362669918609512731788190268221037678475640623660591,True,interior,True,False,equally_weighted_Pauli_axes,False
809/2000,0.4045,36481/1000000,963519/1000000,1/3,0.96943133303909416,0.50750199016976202,0.507501990169762017402721898937151746732478620147460158758732,0.507501990169762017402721898937151746732478620147460158758733,0.50776078516881681,0.507760785168816809627189195876709035085360022661833904854530,0.507760785168816809627189195876709035085360022661833904854531,0.00025879499905479222,0.000258794999054792224467296939557288352881402514373746095798,0.000258794999054792224467296939557288352881402514373746095799,True,interior,True,False,equally_weighted_Pauli_axes,False
81/200,0.405,361/10000,9639/10000,1/3,0.96975233561404448,0.50742192614483116,0.507421926144831163703036077359831693144801603796765418715916,0.507421926144831163703036077359831693144801603796765418715917,0.50767803744639963,0.507678037446399627406845852187929765116988522087968895807235,0.507678037446399627406845852187929765116988522087968895807236,0.00025611130156846370,0.000256111301568463703809774828098071972186918291203477091318,0.000256111301568463703809774828098071972186918291203477091319,True,interior,True,False,equally_weighted_Pauli_axes,False
811/2000,0.4055,35721/1000000,964279/1000000,1/3,0.97007161617356900,0.50734231909527570,0.507342319095275701916232852671450310177579845971268462993185,0.507342319095275701916232852671450310177579845971268462993186,0.50759576037254938,0.507595760372549375504394559580362812825842292320477111092348,0.507595760372549375504394559580362812825842292320477111092349,0.00025344127727367359,0.000253441277273673588161706908912502648262446349208648099162,0.000253441277273673588161706908912502648262446349208648099163,True,interior,True,False,equally_weighted_Pauli_axes,False
203/500,0.406,2209/62500,60291/62500,1/3,0.97038917531143025,0.50726316841663938,0.507263168416639377768431472188313879405631243191460689886970,0.507263168416639377768431472188313879405631243191460689886971,0.50751395334982228,0.507513953349822278089005891770925813252964823217188454216015,0.507513953349822278089005891770925813252964823217188454216016,0.00025078493318290032,0.000250784933182900320574419582611933847333580025727764329045,0.000250784933182900320574419582611933847333580025727764329046,True,interior,True,False,equally_weighted_Pauli_axes,False
813/2000,0.4065,34969/1000000,965031/1000000,1/3,0.97070501361798562,0.50718447350834130,0.507184473508341300963542955990515088789459089960899554911693,0.507184473508341300963542955990515088789459089960899554911694,0.50743261578459990,0.507432615784599895508701836099786965656527114593171975708545,0.507432615784599895508701836099786965656527114593171975708546,0.00024814227625859455,0.000248142276258594545158880109271876867068024632272420796851,0.000248142276258594545158880109271876867068024632272420796852,True,interior,True,False,equally_weighted_Pauli_axes,False
407/1000,0.407,8649/250000,241351/250000,1/3,0.97101913168019188,0.50710623377366418,0.507106233773664183245753808531037798554064091615812619859720,0.507106233773664183245753808531037798554064091615812619859721,0.50735174708707759,0.507351747087077594675692989874486578185542291968657799124704,0.507351747087077594675692989874486578185542291968657799124705,0.00024551331341341143,0.000245513313413411429939181343448779631478200352845179264983,0.000245513313413411429939181343448779631478200352845179264984,True,interior,True,False,equally_weighted_Pauli_axes,False
163/400,0.4075,1369/40000,38631/40000,1/3,0.97133153008160960,0.50702844861974266,0.507028448619742663465700120635862884570400154112390617445168,0.507028448619742663465700120635862884570400154112390617445169,0.50727134667125310,0.507271346671253104493373472376597298492328877280730275130710,0.507271346671253104493373472376597298492328877280730275130711,0.00024289805151044103,0.000242898051510441027673351740734413921928723168339657685542,0.000242898051510441027673351740734413921928723168339657685543,True,interior,True,False,equally_weighted_Pauli_axes,False
51/125,0.408,529/15625,15096/15625,1/3,0.97164220940240755,0.50695111745755172,0.506951117457551719207548989914425028618346955511274555915932,0.506951117457551719207548989914425028618346955511274555915933,0.50719141395491516,0.507191413954915155895802658578986752601978810455453626953909,0.507191413954915155895802658578986752601978810455453626953910,0.00024029649736343669,0.000240296497363436688253668664561723983631854944179071037976,0.000240296497363436688253668664561723983631854944179071037977,True,interior,True,False,equally_weighted_Pauli_axes,False
817/2000,0.4085,33489/1000000,966511/1000000,1/3,0.97195117021936713,0.50687423970189516,0.506874239701895164538009344156373304408225652015804782419924,0.506874239701895164538009344156373304408225652015804782419925,0.50711194835963221,0.507111948359632206074177627982913519509969001207337422151088,0.507111948359632206074177627982913519509969001207337422151089,0.00023770865773704154,0.000237708657737041536168283826540215101743349191532639731164,0.000237708657737041536168283826540215101743349191532639731165,True,interior,True,False,equally_weighted_Pauli_axes,False
409/1000,0.409,8281/250000,241719/250000,1/3,0.97225841310588666,0.50679781477139423,0.506797814771394233442072008312045943322975495648573849570010,0.506797814771394233442072008312045943322975495648573849570011,0.50703294931074125,0.507032949310741246468448745457225407883116920947064543895762,0.507032949310741246468448745457225407883116920947064543895763,0.00023513453934701303,0.000235134539347013026376737145179464560141425298490694325752,0.000235134539347013026376737145179464560141425298490694325753,True,interior,True,False,equally_weighted_Pauli_axes,False
819/2000,0.4095,32761/1000000,967239/1000000,1/3,0.97256393863198579,0.50672184208847625,0.506721842088476248514029484044722096297083380619264164357766,0.506721842088476248514029484044722096297083380619264164357767,0.50695441623733669,0.506954416237336694105853311005748621734465014810562218447392,0.506954416237336694105853311005748621734465014810562218447393,0.00023257414886044559,0.000232574148860445591823826961026525437381634191298054089625,0.000232574148860445591823826961026525437381634191298054089626,True,interior,True,False,equally_weighted_Pauli_axes,False
41/100,0.41,81/2500,2419/2500,1/3,0.97286774736430975,0.50664632107936337,0.506646321079363374476049681975504335574058466726541965266702,0.506646321079363374476049681975504335574058466726541965266703,0.50687634857225937,0.506876348572259365871738990063283666925099055474514772401605,0.506876348572259365871738990063283666925099055474514772401606,0.00023002749289599140,0.000230027492895991395689308087779331351040588747972807134903,0.000230027492895991395689308087779331351040588747972807134904,True,interior,True,False,equally_weighted_Pauli_axes,False
821/2000,0.4105,32041/1000000,967959/1000000,1/3,0.97316983986613366,0.50657125117406146,0.506571251174061456100275028487150685563638366025789028269337,0.506571251174061456100275028487150685563638366025789028269338,0.50679874575208554,0.506798745752085535301620020913343816946862391012514475169099,0.506798745752085535301620020913343816946862391012514475169100,0.00022749457802407920,0.000227494578024079201344992426193131383224024986725446899761,0.000227494578024079201344992426193131383224024986725446899762,True,interior,True,False,equally_weighted_Pauli_axes,False
411/1000,0.411,7921/250000,242079/250000,1/3,0.97347021669736672,0.50649663180634894,0.506496631806348940114089226708103522502167947703478605436974,0.506496631806348940114089226708103522502167947703478605436975,0.50672160721711607,0.506721607217116071486955244474965898197285719021210369256071,0.506721607217116071486955244474965898197285719021210369256072,0.00022497541076713137,0.000224975410767131372866017766862375695117771317731763819096,0.000224975410767131372866017766862375695117771317731763819097,True,interior,True,False,equally_weighted_Pauli_axes,False
823/2000,0.4115,31329/1000000,968671/1000000,1/3,0.97376887841455653,0.50642246241376588,0.506422462413765880671838748013736856354646162449543024484482,0.506422462413765880671838748013736856354646162449543024484483,0.50664493241136566,0.506644932411365659690658065046603300789158870929282055451461,0.506644932411365659690658065046603300789158870929282055451462,0.00022246999759977902,0.000222469997599779018819317032866444434512708479739030966978,0.000222469997599779018819317032866444434512708479739030966979,True,interior,True,False,equally_weighted_Pauli_axes,False
103/250,0.412,484/15625,15141/15625,1/3,0.97406582557089320,0.50634874243760303,0.506348742437603027979915126592458558884400318756556562476418,0.506348742437603027979915126592458558884400318756556562476419,0.50656872078255210,0.506568720782552103271844777355656832523295968855764322894984,0.506568720782552103271844777355656832523295968855764322894985,0.00021997834494907529,0.000219978344949075291929650763198273638895650099207760418565,0.000219978344949075291929650763198273638895650099207760418566,True,interior,True,False,equally_weighted_Pauli_axes,False
33/80,0.4125,49/1600,1551/1600,1/3,0.97436105871621353,0.50627547132289100,0.506275471322890999665697583474074408120641822800400638350833,0.506275471322890999665697583474074408120641822800400638350834,0.50649297178208571,0.506492971782085706522799531910498291402579507993924956433836,0.506492971782085706522799531910498291402579507993924956433837,0.00021750045919470686,0.000217500459194706857101948436423883281937685193524318083002,0.000217500459194706857101948436423883281937685193524318083003,True,interior,True,False,equally_weighted_Pauli_axes,False
413/1000,0.413,7569/250000,242431/250000,1/3,0.97465457839700519,0.50620264851838953,0.506202648518389534484423673688775558732382510626474699972098,0.506202648518389534484423673688775558732382510626474699972099,0.50641768486505874,0.506417684865058738024581801416141649132561872812449918202516,0.506417684865058738024581801416141649132561872812449918202517,0.00021503634666920354,0.000215036346669203540158127727366090400179362185975218230418,0.000215036346669203540158127727366090400179362185975218230419,True,interior,True,False,equally_weighted_Pauli_axes,False
827/2000,0.4135,29929/1000000,970071/1000000,1/3,0.97494638515641081,0.50613027347657683,0.506130273476576827961598784364083591903937330803844189254623,0.506130273476576827961598784364083591903937330803844189254624,0.50634285949023497,0.506342859490234974131125797909187471938610853387707216705826,0.506342859490234974131125797909187471938610853387707216705827,0.00021258601365814617,0.000212586013658146169527013545103880034673522583863027451203,0.000212586013658146169527013545103880034673522583863027451204,True,interior,True,False,equally_weighted_Pauli_axes,False
207/500,0.414,1849/62500,60651/62500,1/3,0.97523647953423203,0.50605834565363895,0.506058345653638949572073663712502323088380446489995396106989,0.506058345653638949572073663712502323088380446489995396106990,0.50626849512003932,0.506268495120039322195081113117680487060543806009030187656940,0.506268495120039322195081113117680487060543806009030187656941,0.00021014946640037262,0.000210149466400372623007449405178163972163359519034791549951,0.000210149466400372623007449405178163972163359519034791549952,True,interior,True,False,equally_weighted_Pauli_axes,False
829/2000,0.4145,29241/1000000,970759/1000000,1/3,0.97552486206693363,0.50598686450945934,0.505986864509459341060412979870987789988839697249049591481759,0.505986864509459341060412979870987789988839697249049591481760,0.50619459122054752,0.506194591220547523152020151018654157784281676595661339242814,0.506194591220547523152020151018654157784281676595661339242815,0.00020772671108818209,0.000207726711088182091607171147666367795441979346611747761055,0.000207726711088182091607171147666367795441979346611747761056,True,interior,True,False,equally_weighted_Pauli_axes,False
83/200,0.415,289/10000,9711/10000,1/3,0.97581153328764750,0.50591582950760840,0.505915829507608395510647441025436399971945795075200068597155,0.505915829507608395510647441025436399971945795075200068597156,0.50612114726147593,0.506121147261475933082990927172893506992695709375188392227489,0.506121147261475933082990927172893506992695709375188392227490,0.00020531775386753757,0.000205317753867537572343486147457107020749914299988323630334,0.000205317753867537572343486147457107020749914299988323630335,True,interior,True,False,equally_weighted_Pauli_axes,False
831/2000,0.4155,28561/1000000,971439/1000000,1/3,0.97609649372617668,0.50584524011533312,0.505845240115333116776947498560163195346376068346773082606465,0.505845240115333116776947498560163195346376068346773082606466,0.50604816271617138,0.506048162716171383378723757570711428372532699509854336088833,0.506048162716171383378723757570711428372532699509854336088834,0.00020292260083826660,0.000202922600838266601776259010548233026156631163081253482368,0.000202922600838266601776259010548233026156631163081253482369,True,interior,True,False,equally_weighted_Pauli_axes,False
52/125,0.416,441/15625,15184/15625,1/3,0.97637974390899931,0.50577509580354686,0.505775095803546858890178345280549534439542380983589971205225,0.505775095803546858890178345280549534439542380983589971205226,0.50597563706160112,0.505975637061601119132107481741749838730030608196271930423203,0.505975637061601119132107481741749838730030608196271930423204,0.00020054125805426024,0.000200541258054260241929136461200304290488227212681959217978,0.000200541258054260241929136461200304290488227212681959217979,True,interior,True,False,equally_weighted_Pauli_axes,False
833/2000,0.4165,27889/1000000,972111/1000000,1/3,0.97666128435927261,0.50570539604681915,0.505705396046819145058694051054562651675881860312888956158193,0.505705396046819145058694051054562651675881860312888956158194,0.50590356977834282,0.505903569778342815388835390016910391453990735077976774004858,0.505903569778342815388835390016910391453990735077976774004859,0.00019817373152367033,0.000198173731523670330141338962347739778108874765087817846665,0.000198173731523670330141338962347739778108874765087817846666,True,interior,True,False,equally_weighted_Pauli_axes,False
417/1000,0.417,6889/250000,243111/250000,1/3,0.97694111559683678,0.50563614032336557,0.505636140323365565885103486339751815795525776899519369888606,0.505636140323365565885103486339751815795525776899519369888607,0.50583196035057467,0.505831960350574670889383180289550166823062474083516014528656,0.505831960350574670889383180289550166823062474083516014528657,0.00019582002720910500,0.000195820027209105004279693949798351027536697183996644640049,0.000195820027209105004279693949798351027536697183996644640050,True,interior,True,False,equally_weighted_Pauli_axes,False
167/400,0.4175,1089/40000,38911/40000,1/3,0.97721923813821892,0.50556732811503776,0.505567328115037756424092405711631698728601381206725791044062,0.505567328115037756424092405711631698728601381206725791044063,0.50576080826606558,0.505760808266065578938721280594637432482493848280379203364466,0.505760808266065578938721280594637432482493848280379203364467,0.00019348015102782251,0.000193480151027822514628874883005733753892467073653412320404,0.000193480151027822514628874883005733753892467073653412320405,True,interior,True,False,equally_weighted_Pauli_axes,False
209/500,0.418,1681/62500,60819/62500,1/3,0.97749565249663689,0.50549895890731345,0.505498958907313451709714932287565211184691688042105971966463,0.505498958907313451709714932287565211184691688042105971966464,0.50569011301616538,0.505690113016165375043381963500915784577375112637970217875949,0.505690113016165375043381963500915784577375112637970217875950,0.00019115410885192333,0.000191154108851923333667031213350573392683424595864245909486,0.000191154108851923333667031213350573392683424595864245909487,True,interior,True,False,equally_weighted_Pauli_axes,False
837/2000,0.4185,26569/1000000,973431/1000000,1/3,0.97777035918200314,0.50543103218928662,0.505431032189286620383873931367552763435275646369012959288560,0.505431032189286620383873931367552763435275646369012959288561,0.50561987409579516,0.505619874095795160958698067911098528009962548173529831349539,0.505619874095795160958698067911098528009962548173529831349540,0.00018884190650854057,0.000188841906508540574824136543545764574686901804516872060979,0.000188841906508540574824136543545764574686901804516872060980,True,interior,True,False,equally_weighted_Pauli_axes,False
419/1000,0.419,6561/250000,243439/250000,1/3,0.97804335870092855,0.50536354745365768,0.505363547453657676060993617153597650278427362453895969868472,0.505363547453657676060993617153597650278427362453895969868473,0.50555009100343770,0.505550091003437704792205052656738653466435164437806213351942,0.505550091003437704792205052656738653466435164437806213351943,0.00018654354978002873,0.000186543549780028731211435503141003188007801983910243483469,0.000186543549780028731211435503141003188007801983910243483470,True,interior,True,False,equally_weighted_Pauli_axes,False
839/2000,0.4195,25921/1000000,974079/1000000,1/3,0.97831465155672622,0.50529650419672377,0.505296504196723766067149427493811459927971169603020145697574,0.505296504196723766067149427493811459927971169603020145697575,0.50548076324112792,0.505480763241127916812351751597320754313414484778162981930810,0.505480763241127916812351751597320754313414484778162981930811,0.00018425904440415075,0.000184259044404150745202324103509294385443315175142836233236,0.000184259044404150745202324103509294385443315175142836233237,True,interior,True,False,equally_weighted_Pauli_axes,False
21/50,0.42,16/625,609/625,1/3,0.97858423824941523,0.50522990191836914,0.505229901918369137195159953648253411814315981702136534918518,0.505229901918369137195159953648253411814315981702136534918519,0.50541189031444340,0.505411890314443400614797797220677906468438356226759437418787,0.505411890314443400614797797220677906468438356226759437418788,0.00018198839607426342,0.000181988396074263419637843572424494654122374524622902500269,0.000181988396074263419637843572424494654122374524622902500270,True,interior,True,False,equally_weighted_Pauli_axes,False
841/2000,0.4205,25281/1000000,974719/1000000,1/3,0.97885211927572437,0.50516374012205558,0.505163740122055578120363748526806155323062699844386914977314,0.505163740122055578120363748526806155323062699844386914977315,0.50534347173249508,0.505343471732495079301687442543091363694700071985927769021126,0.505343471732495079301687442543091363694700071985927769021127,0.00017973161043950118,0.000179731610439501181323694016285208371637372141540854043812,0.000179731610439501181323694016285208371637372141540854043813,True,interior,True,False,equally_weighted_Pauli_axes,False
421/1000,0.421,6241/250000,243759/250000,1/3,0.97911829512909587,0.50509801831481294,0.505098018314812938125000379178305045210989058221236906039024,0.505098018314812938125000379178305045210989058221236906039025,0.50527550700791790,0.505275507007917896332380651108768090808952307514190612934994,0.505275507007917896332380651108768090808952307514190612934995,0.00017748869310495821,0.000177488693104958207380271930463045597963249292953706895969,0.000177488693104958207380271930463045597963249292953706895970,True,interior,True,False,equally_weighted_Pauli_axes,False
843/2000,0.4215,24649/1000000,975351/1000000,1/3,0.97938276629968908,0.50503273600722972,0.505032736007229721782290357047467519613615214259973485319422,0.505032736007229721782290357047467519613615214259973485319423,0.50520799565686159,0.505207995656861590707193051934981065023736919460683028406563,0.505207995656861590707193051934981065023736919460683028406564,0.00017525964963186892,0.000175259649631868924902694887513545410121705200709543087140,0.000175259649631868924902694887513545410121705200709543087141,True,interior,True,False,equally_weighted_Pauli_axes,False
211/500,0.422,1521/62500,60979/62500,1/3,0.97964553327438412,0.50496789271344376,0.504967892713443759254462790276857775268134971109841076360676,0.504967892713443759254462790276857775268134971109841076360677,0.50514093719898155,0.505140937198981546148746878366170995292940224226073433886394,0.505140937198981546148746878366170995292940224226073433886395,0.00017304448553778689,0.000173044485537786894284088089313220024805253116232357525718,0.000173044485537786894284088089313220024805253116232357525719,True,interior,True,False,equally_weighted_Pauli_axes,False
169/400,0.4225,961/40000,39039/40000,1/3,0.97990659653678553,0.50490348795113295,0.504903487951132951862112971834458489524509891349032777533510,0.504903487951132951862112971834458489524509891349032777533511,0.50507433115742971,0.505074331157429713948565533213904851625309513624642379683688,0.505074331157429713948565533213904851625309513624642379683689,0.00017084320629676209,0.000170843206296762086452561379446362100799622275609602150177,0.000170843206296762086452561379446362100799622275609602150178,True,interior,True,False,equally_weighted_Pauli_axes,False
423/1000,0.423,5929/250000,244071/250000,1/3,0.98016595656722590,0.50483952124150609,0.504839521241506092585384859339011997704342315250117864511537,0.504839521241506092585384859339011997704342315250117864511538,0.50500817705884561,0.505008177058845609149555151717677101555422247613039985848636,0.505008177058845609149555151717677101555422247613039985848637,0.00016865581733951656,0.000168655817339516564170292378665103851079932362922121337098,0.000168655817339516564170292378665103851079932362922121337099,True,interior,True,False,equally_weighted_Pauli_axes,False
847/2000,0.4235,23409/1000000,976591/1000000,1/3,0.98042361384276938,0.50477599210929376,0.504775992109293761160565729128797575873989123667634567373002,0.504775992109293761160565729128797575873989123667634567373003,0.50494247443334738,0.504942474433347379738007671454328328697725455445540148895278,0.504942474433347379738007671454328328697725455445540148895279,0.00016648232405361858,0.000166482324053618577441942325530752823736331777905581522276,0.000166482324053618577441942325530752823736331777905581522277,True,interior,True,False,equally_weighted_Pauli_axes,False
53/125,0.424,361/15625,15264/15625,1/3,0.98067956883721531,0.50471290008273929,0.504712900082739293438752408538145864447151642233012417813231,0.504712900082739293438752408538145864447151642233012417813232,0.50487722281452295,0.504877222814522948521731665304165193141488023040821627792458,0.504877222814522948521731665304165193141488023040821627792459,0.00016432273178365508,0.000164322731783655082979256766019328694336380807809209979227,0.000164322731783655082979256766019328694336380807809209979228,True,interior,True,False,equally_weighted_Pauli_axes,False
849/2000,0.4245,22801/1000000,977199/1000000,1/3,0.98093382202110174,0.50465024469358982,0.504650244693589824676300614863803851555887465440627930058380,0.504650244693589824676300614863803851555887465440627930058381,0.50481242173942123,0.504812421739421227373869749185243956659501030538415218863858,0.504812421739421227373869749185243956659501030538415218863859,0.00016217704583140270,0.000162177045831402697569134321440105103613565097787288805478,0.000162177045831402697569134321440105103613565097787288805479,True,interior,True,False,equally_weighted_Pauli_axes,False
17/40,0.425,9/400,391/400,1/3,0.98118637386170889,0.50458802547708741,0.504588025477087406429801263686181060387537298639527874008196,0.504588025477087406429801263686181060387537298639527874008197,0.50474807074854340,0.504748070748543403524894938031897613165185973419296525685241,0.504748070748543403524894938031897613165185973419296525685242,0.00016004527145599710,0.000160045271455997095093674345716552777648674779768651677044,0.000160045271455997095093674345716552777648674779768651677045,True,interior,True,False,equally_weighted_Pauli_axes,False
851/2000,0.4255,22201/1000000,977799/1000000,1/3,0.98143722482306268,0.50452624197196020,0.504526241971960196731340357857159626893708178222773235087758,0.504526241971960196731340357857159626893708178222773235087759,0.50468416938583430,0.504684169385834297588193087279922707485681061686031145522677,0.504684169385834297588193087279922707485681061686031145522678,0.00015792741387410086,0.000157927413874100856852729422763080591972883463257910434918,0.000157927413874100856852729422763080591972883463257910434919,True,interior,True,False,equally_weighted_Pauli_axes,False
213/500,0.426,1369/62500,61131/62500,1/3,0.98168637536593816,0.50446489372041372,0.504464893720413723222792434628474431808242437481134546157871,0.504464893720413723222792434628474431808242437481134546157872,0.50462071719867379,0.504620717198673793007534717131161803989119670282063671549512,0.504620717198673793007534717131161803989119670282063671549513,0.00015582347826006978,0.000155823478260069784742282502687372180877232800929125391640,0.000155823478260069784742282502687372180877232800929125391641,True,interior,True,False,equally_weighted_Pauli_axes,False
853/2000,0.4265,21609/1000000,978391/1000000,1/3,0.98193382594786294,0.50440398026812222,0.504403980268122218930871733398293391963663506113233963965380,0.504403980268122218930871733398293391963663506113233963965381,0.50455771373786834,0.504557713737868336617617265667848227659883653024339213431391,0.504557713737868336617617265667848227659883653024339213431392,0.00015373346974611769,0.000153733469746117686745532269554835696220146911105249466011,0.000153733469746117686745532269554835696220146911105249466012,True,interior,True,False,equally_weighted_Pauli_axes,False
427/1000,0.427,5329/250000,244671/250000,1/3,0.98217957702312062,0.50434350116422003,0.504343501164220030367620450018044730206497370873324216459492,0.504343501164220030367620450018044730206497370873324216459493,0.50449515855764251,0.504495158557642510011718345415482038494481220620056726036577,0.504495158557642510011718345415482038494481220620056726036578,0.00015165739342247964,0.000151657393422479644097895397437308287983849746732509577084,0.000151657393422479644097895397437308287983849746732509577085,True,interior,True,False,equally_weighted_Pauli_axes,False
171/400,0.4275,841/40000,39159/40000,1/3,0.98242362904275410,0.50428345596129310,0.504283455961293097643949863460061912972905953347051445457510,0.504283455961293097643949863460061912972905953347051445457511,0.50443305121563067,0.504433051215630671413342075554648516070645125275510016490111,0.504433051215630671413342075554648516070645125275510016490112,0.00014959525433757377,0.000149595254337573769392212094586603097739171928458571032600,0.000149595254337573769392212094586603097739171928458571032601,True,interior,True,False,equally_weighted_Pauli_axes,False
107/250,0.428,324/15625,15301/15625,1/3,0.98266598245456903,0.50422384421537051,0.504223844215370506286767953166133913564145455525550388086659,0.504223844215370506286767953166133913564145455525550388086660,0.50437139127286867,0.504371391272868667751564216417225333221432109544866930454071,0.504371391272868667751564216417225333221432109544866930454072,0.00014754705749816146,0.000147547057498161464796263251091419657286654019316542367411,0.000147547057498161464796263251091419657286654019316542367412,True,interior,True,False,equally_weighted_Pauli_axes,False
857/2000,0.4285,20449/1000000,979551/1000000,1/3,0.98290663770313704,0.50416466548591611,0.504164665485916110453126565197558964348580906057719178130423,0.504164665485916110453126565197558964348580906057719178130424,0.50431017829378562,0.504310178293785616642587830367171914256627467006172649192267,0.504310178293785616642587830367171914256627467006172649192268,0.00014551280786950619,0.000145512807869506189461265169612949908046560948453471061843,0.000145512807869506189461265169612949908046560948453471061844,True,interior,True,False,equally_weighted_Pauli_axes,False
429/1000,0.429,5041/250000,244959/250000,1/3,0.98314559522979911,0.50410591933582023,0.504105919335820227237702425381258017081266218069347106782233,0.504105919335820227237702425381258017081266218069347106782234,0.50424941184619576,0.504249411846195757982809718311332708400136722637962621778066,0.504249411846195757982809718311332708400136722637962621778067,0.00014349251037553075,0.000143492510375530745107292930074691318870504568615514995832,0.000143492510375530745107292930074691318870504568615514995833,True,interior,True,False,equally_weighted_Pauli_axes,False
859/2000,0.4295,19881/1000000,980119/1000000,1/3,0.98338285547266881,0.50404760533139140,0.504047605331391401772789529377955242979477420262254200305927,0.504047605331391401772789529377955242979477420262254200305928,0.50418909150129037,0.504189091501290374861469117034754946120584447084363139250926,0.504189091501290374861469117034754946120584447084363139250927,0.00014148616989897309,0.000141486169898973088679587656799703141107026822108938944998,0.000141486169898973088679587656799703141107026822108938944999,True,interior,True,False,equally_weighted_Pauli_axes,False
43/100,0.43,49/2500,2451/2500,1/3,0.98361841886663559,0.50398972304234824,0.503989723042348242822825852781953456084717379596420247755125,0.503989723042348242822825852781953456084717379596420247755126,0.50412921683362978,0.504129216833629783503704270921737768305538236799927665744712,0.504129216833629783503704270921737768305538236799927665744713,0.00013949379128154068,0.000139493791281540680878418139784312220820857203507417989587,0.000139493791281540680878418139784312220820857203507417989588,True,interior,True,False,equally_weighted_Pauli_axes,False
861/2000,0.4305,19321/1000000,980679/1000000,1/3,0.98385228584336793,0.50393227204181133,0.503932272041811328578305107221473064329033240064133943002412,0.503932272041811328578305107221473064329033240064133943002413,0.50406978742113539,0.504069787421135391957579692530219491736207506093006043576304,0.504069787421135391957579692530219491736207506093006043576305,0.00013751537932406338,0.000137515379324063379274585308746427407174266028872100573891,0.000137515379324063379274585308746427407174266028872100573892,True,interior,True,False,equally_weighted_Pauli_axes,False
431/1000,0.431,4761/250000,245239/250000,1/3,0.98408445683131665,0.50387525190629518,0.503875251906295182356734607635559249749284170185166363197702,0.503875251906295182356734607635559249749284170185166363197703,0.50401080284508183,0.504010802845081827241367378580958801727549330455908961185881,0.504010802845081827241367378580958801727549330455908961185882,0.00013555093878664488,0.000135550938786644884632770945399551978265160270742597988178,0.000135550938786644884632770945399551978265160270742597988179,True,interior,True,False,equally_weighted_Pauli_axes,False
863/2000,0.4315,18769/1000000,981231/1000000,1/3,0.98431493225571797,0.50381866221570032,0.503818662215700317921093396596052576589071097271509931864698,0.503818662215700317921093396596052576589071097271509931864699,0.50395226269008913,0.503952262690089130670069128395190092056244698867120279958151,0.503952262690089130670069128395190092056244698867120279958152,0.00013360047438881275,0.000133600474388812748975731799137515467173601595610348093453,0.000133600474388812748975731799137515467173601595610348093454,True,interior,True,False,equally_weighted_Pauli_axes,False
54/125,0.432,289/15625,15336/15625,1/3,0.98454371253859676,0.50376250255330535,0.503762502553305354129020777343277027952506042673176494106703,0.503762502553305354129020777343277027952506042673176494106704,0.50389416654411502,0.503894166544115021082854596416274112743083116397506409617224,0.503894166544115021082854596416274112743083116397506409617225,0.00013166399080966695,0.000131663990809666953833819072997084790577073724329915510520,0.000131663990809666953833819072997084790577073724329915510521,True,interior,True,False,equally_weighted_Pauli_axes,False
173/400,0.4325,729/40000,39271/40000,1/3,0.98477079809876960,0.50370677250575920,0.503706772505759198628724520236480634528939862884673539419266,0.503706772505759198628724520236480634528939862884673539419267,0.50383651399844723,0.503836513998447225695760973510908156784184796885400207988295,0.503836513998447225695760973510908156784184796885400207988296,0.00012974149268802707,0.000129741492688027067036453274427522255244934000726668569028,0.000129741492688027067036453274427522255244934000726668569029,True,interior,True,False,equally_weighted_Pauli_axes,False
433/1000,0.433,4489/250000,245511/250000,1/3,0.98499618935184791,0.50365147166307330,0.503651471663073300320340408229363525412899611709238190778980,0.503651471663073300320340408229363525412899611709238190778981,0.50377930464769588,0.503779304647695878306655406186482722540303703239514234710518,0.503779304647695878306655406186482722540303703239514234710519,0.00012783298462257799,0.000127832984622577986314997957119197127404091530276043931537,0.000127832984622577986314997957119197127404091530276043931538,True,interior,True,False,equally_weighted_Pauli_axes,False
867/2000,0.4335,17689/1000000,982311/1000000,1/3,0.98521988671024102,0.50359659961861397,0.503596599618613970304200654949705651925006603900802359822278,0.503596599618613970304200654949705651925006603900802359822279,0.50372253808978598,0.503722538089785984582100600216820693732982711549551514872532,0.503722538089785984582100600216820693732982711549551514872533,0.00012593847117201428,0.000125938471172014277899945267115041807976107648749155050253,0.000125938471172014277899945267115041807976107648749155050254,True,interior,True,False,equally_weighted_Pauli_axes,False
217/500,0.434,1089/62500,61411/62500,1/3,0.98544189058315923,0.50354215596909477,0.503542155969094771040178241727826472914892776410629742506011,0.503542155969094771040178241727826472914892776410629742506012,0.50366621392594995,0.503666213925949954158387685599836219353751191242354068582877,0.503666213925949954158387685599836219353751191242354068582878,0.00012405795685518312,0.000124057956855183118209443872009746438858414831724326076865,0.000124057956855183118209443872009746438858414831724326076866,True,interior,True,False,equally_weighted_Pauli_axes,False
869/2000,0.4345,17161/1000000,982839/1000000,1/3,0.98566220137661682,0.50348814031456897,0.503488140314568973444967553791508369619364487752415557700456,0.503488140314568973444967553791508369619364487752415557700457,0.50361033176072020,0.503610331760720199291608512082352221237777954835574740990515,0.503610331760720199291608512082352221237777954835574740990516,0.00012219144615122585,0.000122191446151225846640958290843851618413467083159183290059,0.000122191446151225846640958290843851618413467083159183290060,True,interior,True,False,equally_weighted_Pauli_axes,False
87/200,0.435,169/10000,9831/10000,1/3,0.98588081949343507,0.50343455225842208,0.503434552258422081656839025724795804546448252930335408240598,0.503434552258422081656839025724795804546448252930335408240599,0.50355489120192180,0.503554891201921799794232266144070015158353591004605597943922,0.503554891201921799794232266144070015158353591004605597943923,0.00012033894349971814,0.000120338943499718137393240419274210611905338074270189703324,0.000120338943499718137393240419274210611905338074270189703325,True,interior,True,False,equally_weighted_Pauli_axes,False
871/2000,0.4355,16641/1000000,983359/1000000,1/3,0.98609774533324520,0.50338139140736443,0.503381391407364425200067005680930106828832121497506466524984,0.503381391407364425200067005680930106828832121497506466524985,0.50349989186066523,0.503499891860665233998228817475067251253058866187679514219835,0.503499891860665233998228817475067251253058866187679514219836,0.00011850045330080880,0.000118500453300808798161811794137144424226744690173047694850,0.000118500453300808798161811794137144424226744690173047694851,True,interior,True,False,equally_weighted_Pauli_axes,False
109/250,0.436,256/15625,15369/15625,1/3,0.98631297929249140,0.50332865737142382,0.503328657371423818283875888875019446594901334732528383464815,0.503328657371423818283875888875019446594901334732528383464816,0.50344533335133918,0.503445333351339175487343680441570192563814506521225625636132,0.503445333351339175487343680441570192563814506521225625636133,0.00011667597991535720,0.000116675979915357203467791566550745968913171788697242171316,0.000116675979915357203467791566550745968913171788697242171317,True,interior,True,False,equally_weighted_Pauli_axes,False
873/2000,0.4365,16129/1000000,983871/1000000,1/3,0.98652652176443365,0.50327634976393829,0.503276349763938285973379924329121414425636645929215336541100,0.503276349763938285973379924329121414425636645929215336541101,0.50339121529160336,0.503391215291603355343677077352949256307825763613504801714581,0.503391215291603355343677077352949256307825763613504801714582,0.00011486552766506937,0.000114865527665069370297153023827841882189117684289465173480,0.000114865527665069370297153023827841882189117684289465173481,True,interior,True,False,equally_weighted_Pauli_axes,False
437/1000,0.437,3969/250000,246031/250000,1/3,0.98673837313915074,0.50322446820154886,0.503224468201548856972607134126720271867145569456518306431578,0.503224468201548856972607134126720271867145569456518306431579,0.50333753730238149,0.503337537302381489656252477781804427680248714149229190603792,0.503337537302381489656252477781804427680248714149229190603793,0.00011306910083263268,0.000113069100832632683645343655084155813103144692710884172214,0.000113069100832632683645343655084155813103144692710884172215,True,interior,True,False,equally_weighted_Pauli_axes,False
7/16,0.4375,1/64,63/64,1/3,0.98694853380354305,0.50317301230419242,0.503173012304192422762297669653100817168182968574441490642017,0.503173012304192422762297669653100817168182968574441490642018,0.50328429900785427,0.503284299007854272041778322749952803065283419416276920994917,0.503284299007854272041778322749952803065283419416276920994918,0.00011128670366184928,0.000111286703661849279480653096851985897100450841835430352900,0.000111286703661849279480653096851985897100450841835430352901,True,interior,True,False,equally_weighted_Pauli_axes,False
219/500,0.438,961/62500,61539/62500,1/3,0.98715700414133546,0.50312198169509466,0.503121981695094662837751831239441335471314067003951823568647,0.503121981695094662837751831239441335471314067003951823568648,0.50323150003545243,0.503231500035452430930310584031093843827854142427903330180367,0.503231500035452430930310584031093843827854142427903330180368,0.00010951834035776809,0.000109518340357768092558752791652508356540075423951506611719,0.000109518340357768092558752791652508356540075423951506611720,True,interior,True,False,equally_weighted_Pauli_axes,False
877/2000,0.4385,15129/1000000,984871/1000000,1/3,0.98736378453308017,0.50307137600076304,0.503071376000763035794573061782690636246367728218059954642604,0.503071376000763035794573061782690636246367728218059954642605,0.50317914001584985,0.503179140015849851371013515659671447374920192199451958723486,0.503179140015849851371013515659671447374920192199451958723487,0.00010776401508681558,0.000107764015086815576440453876980811128552463981392004080882,0.000107764015086815576440453876980811128552463981392004080883,True,interior,True,False,equally_weighted_Pauli_axes,False
439/1000,0.439,3721/250000,246279/250000,1/3,0.98756887535615950,0.50302119485097984,0.503021194850979836012706655491898885605429757467166148316657,0.503021194850979836012706655491898885605429757467166148316658,0.50312721858295676,0.503127218582956761115691584282460504855961337780776128537779,0.503127218582956761115691584282460504855961337780776128537780,0.00010602373197692510,0.000106023731976925102984928790561619250531580313609980221122,0.000106023731976925102984928790561619250531580313609980221123,True,interior,True,False,equally_weighted_Pauli_axes,False
879/2000,0.4395,14641/1000000,985359/1000000,1/3,0.98777227698478867,0.50297143787879532,0.502971437878795315691715862862026638775554240743908286406781,0.502971437878795315691715862862026638775554240743908286406782,0.50307573537391298,0.503075735373912980740227273350691058160221946519448718564133,0.503075735373912980740227273350691058160221946519448718564134,0.00010429749511766505,0.000104297495117665048511410488664419384667705775540432157352,0.000104297495117665048511410488664419384667705775540432157353,True,interior,True,False,equally_weighted_Pauli_axes,False
11/25,0.44,9/625,616/625,1/3,0.98797398979001857,0.50292210472052087,0.502922104720520871992763683997173578853989976136310015774591,0.502922104720520871992763683997173578853989976136310015774592,0.50302469002908124,0.503024690029081237566507398245286173534955013817490637933485,0.503024690029081237566507398245286173534955013817490637933486,0.00010258530856036557,0.000102585308560365573743714248112594680965037681180622158894,0.000102585308560365573743714248112594680965037681180622158895,True,interior,True,False,equally_weighted_Pauli_axes,False
881/2000,0.4405,14161/1000000,985839/1000000,1/3,0.98817401413973848,0.50287319501572230,0.502873195015722299045281084962212023149280591166978667680273,0.502873195015722299045281084962212023149280591166978667680274,0.50297408219204054,0.502974082192040543149854899002940616738257409669857666319434,0.502974082192040543149854899002940616738257409669857666319435,0.00010088717631824410,0.000100887176318244104573814040728593588976818502878998639161,0.000100887176318244104573814040728593588976818502878998639162,True,interior,True,False,equally_weighted_Pauli_axes,False
441/1000,0.441,3481/250000,246519/250000,1/3,0.98837235039867879,0.50282470840721310,0.502824708407213104578800805182475157959570482167500900829127,0.502824708407213104578800805182475157959570482167500900829128,0.50292391150957963,0.502923911509579634099403946955308301613504870774650407253514,0.502923911509579634099403946955308301613504870774650407253515,0.000099203102366529521,0.000099203102366529520603141772833143653934388607149506424386,0.000099203102366529520603141772833143653934388607149506424387,True,interior,True,False,equally_weighted_Pauli_axes,False
883/2000,0.4415,13689/1000000,986311/1000000,1/3,0.98856899892841366,0.50277664454104789,0.502776644541047890942920506079895281545302455813519532232598,0.502776644541047890942920506079895281545302455813519532232599,0.50287417763169048,0.502874177631690476001263762752835461680275608375243492879657,0.502874177631690476001263762752835461680275608375243492879658,0.000097533090642585058,0.000097533090642585058343256672940180134973152561723960647058,0.000097533090642585058343256672940180134973152561723960647059,True,interior,True,False,equally_weighted_Pauli_axes,False
221/500,0.442,841/62500,61659/62500,1/3,0.98876396008736373,0.50272900306651580,0.502729003066515800280829898987125805175587136729564954887329,0.502729003066515800280829898987125805175587136729564954887330,0.50282488021156183,0.502824880211561830216710946234557288322349884677957326503632,0.502824880211561830216710946234557288322349884677957326503633,0.000095877145046029936,0.000095877145046029935881047247431483146762747948392371616302,0.000095877145046029935881047247431483146762747948392371616303,True,interior,True,False,equally_weighted_Pauli_axes,False
177/400,0.4425,529/40000,39471/40000,1/3,0.98895723423079870,0.50268178363613402,0.502681783636134023624293839601626325206938118339437012175736,0.502681783636134023624293839601626325206938118339437012175737,0.50277601890557288,0.502776018905572883330031512625673519990434054661675290417266,0.502776018905572883330031512625673519990434054661675290417267,0.000094235269438859706,0.000094235269438859705737673024047194783495936322238278241529,0.000094235269438859705737673024047194783495936322238278241530,True,interior,True,False,equally_weighted_Pauli_axes,False
443/1000,0.443,3249/250000,246751/250000,1/3,0.98914882171083998,0.50263498590564137,0.502634985905641373680427341353565453563515559078440845335708,0.502634985905641373680427341353565453563515559078440845335709,0.50272759337328694,0.502727593373286939023002362694403863713490974449304061240183,0.502727593373286939023002362694403863713490974449304061240184,0.000092607467645565343,0.000092607467645565342575021340838410149975415370863215904474,0.000092607467645565342575021340838410149975415370863215904475,True,interior,True,False,equally_weighted_Pauli_axes,False
887/2000,0.4435,12769/1000000,987231/1000000,1/3,0.98933872287646327,0.50258860953399192,0.502588609533991921083029194444502265650921516642931152038064,0.502588609533991921083029194444502265650921516642931152038065,0.50267960327744517,0.502679603277445172155357733788947757798911874942088683715568,0.502679603277445172155357733788947757798911874942088683715569,0.000090993743453251072,0.000090993743453251072328539344445492147990358299157531677503,0.000090993743453251072328539344445492147990358299157531677504,True,interior,True,False,equally_weighted_Pauli_axes,False
111/250,0.444,196/15625,15429/15625,1/3,0.98952693807350113,0.50254265418334869,0.502542654183348693883658533217956750743277728302070142469197,0.502542654183348693883658533217956750743277728302070142469198,0.50263204828396044,0.502632048283960444832929430040351453376106785917124937987719,0.502632048283960444832929430040351453376106785917124937987720,0.000089394100611750949,0.000089394100611750949270896822394702632829057615054795518521,0.000089394100611750949270896822394702632829057615054795518522,True,interior,True,False,equally_weighted_Pauli_axes,False
889/2000,0.4445,12321/1000000,987679/1000000,1/3,0.98971346764464549,0.50249711951907744,0.502497119519077440060043423082195641815929401710750045541472,0.502497119519077440060043423082195641815929401710750045541473,0.50258492806191118,0.502584928061911184247480458332761152569835851074367220529623,0.502584928061911184247480458332761152569835851074367220529624,0.000087808542833744187,0.000087808542833744187437035250565510753906449363617174988150,0.000087808542833744187437035250565510753906449363617174988151,True,interior,True,False,equally_weighted_Pauli_axes,False
89/200,0.445,121/10000,9879/10000,1/3,0.98989831192945022,0.50245200520974045,0.502452005209740452821802489452142634483388698756235565827285,0.502452005209740452821802489452142634483388698756235565827286,0.50253824228353532,0.502538242283535322074570245736317450226540899385781934362800,0.502538242283535322074570245736317450226540899385781934362801,0.000086237073794869253,0.000086237073794869252767756284174815743152200629546368535515,0.000086237073794869252767756284174815743152200629546368535516,True,interior,True,False,equally_weighted_Pauli_axes,False
891/2000,0.4455,11881/1000000,988119/1000000,1/3,0.99008147126433358,0.50240731092709046,0.502407310927090458495839934055784375265906149517856439403805,0.502407310927090458495839934055784375265906149517856439403806,0.50249199062422430,0.502491990624224295218096026762800291946705164288067514217527,0.502491990624224295218096026762800291946705164288067514217528,0.000084679697133836722,0.000084679697133836722256092707015916680799014770211074813722,0.000084679697133836722256092707015916680799014770211074813723,True,interior,True,False,equally_weighted_Pauli_axes,False
223/500,0.446,729/62500,61771/62500,1/3,0.99026294598258071,0.50236303634606457,0.502363036346064566776141126331318740820616450494060285038445,0.502363036346064566776141126331318740820616450494060285038446,0.50244617276251711,0.502446172762517107692449406811706050457749053099841977555964,0.502446172762517107692449406811706050457749053099841977555965,0.000083136416452540916,0.000083136416452540916308280480387309637132602605781692517519,0.000083136416452540916308280480387309637132602605781692517520,True,interior,True,False,equally_weighted_Pauli_axes,False
893/2000,0.4465,11449/1000000,988551/1000000,1/3,0.99044273641434606,0.50231918114477828,0.502319181144778283125050466334812762876129841795844180697357,0.502319181144778283125050466334812762876129841795844180697358,0.50240078838009445,0.502400788380094453435509672288005809232560106476206827294429,0.502400788380094453435509672288005809232560106476206827294430,0.000081607235316170310,0.000081607235316170310459205953193046356430264680362646597072,0.000081607235316170310459205953193046356430264680362646597073,True,interior,True,False,equally_weighted_Pauli_axes,False
447/1000,0.447,2809/250000,247191/250000,1/3,0.99062084288665585,0.50227574500451958,0.502275745004519583115455536347791541553863930478067578985511,0.502275745004519583115455536347791541553863930478067578985512,0.50235583716177290,0.502355837161772899847966267860162450018348552171777569253905,0.502355837161772899847966267860162450018348552171777569253906,0.000080092157253316733,0.000080092157253316732510731512370908464484621693709990268393,0.000080092157253316732510731512370908464484621693709990268394,True,interior,True,False,equally_weighted_Pauli_axes,False
179/400,0.4475,441/40000,39559/40000,1/3,0.99079726572341040,0.50223272760974305,0.502232727609743048505631835950139739146837801764645785580496,0.502232727609743048505631835950139739146837801764645785580497,0.50231131879549913,0.502311318795499131856722135973066113188208544600226562513869,0.502311318795499131856722135973066113188208544600226562513870,0.000078591185756083351,0.000078591185756083351090300022926374041370742835580776933373,0.000078591185756083351090300022926374041370742835580776933374,True,interior,True,False,equally_weighted_Pauli_axes,False
56/125,0.448,169/15625,15456/15625,1/3,0.99097200524538660,0.50219012864806406,0.502190128648064064840820773416131780046293674857264070417530,0.502190128648064064840820773416131780046293674857264070417531,0.50226723297234426,0.502267232972344256302377450850224618779275509156720955790512,0.502267232972344256302377450850224618779275509156720955790513,0.000077104324280191462,0.000077104324280191461556677434092838732981834299456885372981,0.000077104324280191461556677434092838732981834299456885372982,True,interior,True,False,equally_weighted_Pauli_axes,False
897/2000,0.4485,10609/1000000,989391/1000000,1/3,0.99114506177024015,0.50214794781025308,0.502147947810253080377920207603667789476265722511487239201699,0.502147947810253080377920207603667789476265722511487239201700,0.50222357938649817,0.502223579386498166453029815670017788120329667282418599469209,0.502223579386498166453029815670017788120329667282418599469210,0.000075631576245086075,0.000075631576245086075109608066349998644063944770931360267510,0.000075631576245086075109608066349998644063944770931360267511,True,interior,True,False,equally_weighted_Pauli_axes,False
449/1000,0.449,2601/250000,247399/250000,1/3,0.99131643561250800,0.50210618479022993,0.502106184790229926131961840748486454016177229119756889506542,0.502106184790229926131961840748486454016177229119756889506543,0.50218035773526397,0.502180357735263966448852363294049376962548869114386311941040,0.502180357735263966448852363294049376962548869114386311941041,0.000074172945034040317,0.000074172945034040316890522545562922946371639994629422434497,0.000074172945034040316890522545562922946371639994629422434498,True,interior,True,False,equally_weighted_Pauli_axes,False
899/2000,0.4495,10201/1000000,989799/1000000,1/3,0.99148612708361056,0.50206483928505820,0.502064839285058196845333294475068978907614496290102763001924,0.502064839285058196845333294475068978907614496290102763001925,0.50213756771905246,0.502137567719052455484125542840609596818328444217849134967188,0.502137567719052455484125542840609596818328444217849134967189,0.000072728433994258639,0.000072728433994258638792248365540617910713947927746371965263,0.000072728433994258638792248365540617910713947927746371965264,True,interior,True,False,equally_weighted_Pauli_axes,False
9/20,0.45,1/100,99/100,1/3,0.99165413649185404,0.50202391099493969,0.502023910994939692682974898655003308188248056482554234270024,0.502023910994939692682974898655003308188248056482554234270025,0.50209520904137667,0.502095209041376671535601820591221861362831678798818079530551,0.502095209041376671535601820591221861362831678798818079530552,0.000071298046436978853,0.000071298046436978852626921936218553174583622316263845260526,0.000071298046436978852626921936218553174583622316263845260527,True,interior,True,False,equally_weighted_Pauli_axes,False
901/2000,0.4505,9801/1000000,990199/1000000,1/3,0.99182046414243269,0.50198339962320892,0.501983399623208921459042224287380826239610775349699723140535,0.501983399623208921459042224287380826239610775349699723140536,0.50205328140884649,0.502053281408846494448275207342714181492272761460709275530135,0.502053281408846494448275207342714181492272761460709275530136,0.000069881785637572989,0.000069881785637572989232983055333355252661986111009552389600,0.000069881785637572989232983055333355252661986111009552389601,True,interior,True,False,equally_weighted_Pauli_axes,False
451/1000,0.451,2401/250000,247599/250000,1/3,0.99198511033743104,0.50194330487632766,0.501943304876327661202775335207371317263881035305977695799067,0.501943304876327661202775335207371317263881035305977695799068,0.50201178453116331,0.502011784531163308191809577624018809920448765463682666795538,0.502011784531163308191809577624018809920448765463682666795539,0.000068479654835646989,0.000068479654835646989034242416647492656567730157704970996471,0.000068479654835646989034242416647492656567730157704970996472,True,interior,True,False,equally_weighted_Pauli_axes,False
903/2000,0.4515,9409/1000000,990591/1000000,1/3,0.99214807537582608,0.50190362646387958,0.501903626463879582873554756081378051511752000774445368412550,0.501903626463879582873554756081378051511752000774445368412551,0.50197071812111472,0.501970718121114722103051300553882987928495678195135844189904,0.501970718121114722103051300553882987928495678195135844189905,0.000067091657235139229,0.000067091657235139229496544472504936416743677420690475777353,0.000067091657235139229496544472504936416743677420690475777354,True,interior,True,False,equally_weighted_Pauli_axes,False
113/250,0.452,144/15625,15481/15625,1/3,0.99230935955348950,0.50186436409856493,0.501864364098564933037352391835309619062580272960031928853521,0.501864364098564933037352391835309619062580272960031928853522,0.50193008189456935,0.501930081894569350932212888017679637234690931784608530666785,0.501930081894569350932212888017679637234690931784608530666786,0.000065717796004417895,0.000065717796004417894860496182370018172110658824576601813263,0.000065717796004417894860496182370018172110658824576601813264,True,interior,True,False,equally_weighted_Pauli_axes,False
181/400,0.4525,361/40000,39639/40000,1/3,0.99246896316318981,0.50182551749619528,0.501825517496195276319003221496286147155161751997279963486249,0.501825517496195276319003221496286147155161751997279963486250,0.50188987557047165,0.501889875570471653512465312921901913102260562851179365808715,0.501889875570471653512465312921901913102260562851179365808716,0.000064358074276377193,0.000064358074276377193462091425615765947098810853899402322465,0.000064358074276377193462091425615765947098810853899402322466,True,interior,True,False,equally_weighted_Pauli_axes,False
453/1000,0.453,2209/250000,247791/250000,1/3,0.99262688649459449,0.50178708637568830,0.501787086375688297446930661624045696636138999554240448375615,0.501787086375688297446930661624045696636138999554240448375616,0.50185009887083683,0.501850098870836829874817487327185005880389455933380024941988,0.501850098870836829874817487327185005880389455933380024941989,0.000063012495148532428,0.000063012495148532427886825703139309244250456379139576566372,0.000063012495148532427886825703139309244250456379139576566373,True,interior,True,False,equally_weighted_Pauli_axes,False
907/2000,0.4535,8649/1000000,991351/1000000,1/3,0.99278312983427213,0.50174907045906266,0.501749070459062662709155184401783842852129603016024162546673,0.501749070459062662709155184401783842852129603016024162546674,0.50181075152074578,0.501810751520745776632292245209874051967507219547263175781474,0.501810751520745776632292245209874051967507219547263175781475,0.000061681061683113923,0.000061681061683113923137060808090209115377616531239013234801,0.000061681061683113923137060808090209115377616531239013234802,True,interior,True,False,equally_weighted_Pauli_axes,False
227/500,0.454,529/62500,61971/62500,1/3,0.99293769346569450,0.50171146947143294,0.501711469471432940641602215513303845715343407123125585443741,0.501711469471432940641602215513303845715343407123125585443742,0.50177183324834010,0.501771833248340100459529174576243154233967869152643348015835,0.501771833248340100459529174576243154233967869152643348015836,0.000060363776907159818,0.000060363776907159817926959062939308518624462029517762572093,0.000060363776907159817926959062939308518624462029517762572094,True,interior,True,False,equally_weighted_Pauli_axes,False
909/2000,0.4545,8281/1000000,991719/1000000,1/3,0.99309057766923865,0.50167428314100458,0.501674283141004581771901658763014945063734036540640019376406,0.501674283141004581771901658763014945063734036540640019376407,0.50173334378481719,0.501733343784817189496055914954676660804835113487982777912072,0.501733343784817189496055914954676660804835113487982777912073,0.000059060643812607724,0.000059060643812607724154256191661715741101076947342758535666,0.000059060643812607724154256191661715741101076947342758535667,True,interior,True,False,equally_weighted_Pauli_axes,False
91/200,0.455,81/10000,9919/10000,1/3,0.99324178272218890,0.50163751119906896,0.501637511199068957244037728760785738368517841424196635501092,0.501637511199068957244037728760785738368517841424196635501093,0.50169528286442534,0.501695282864425342503571204417051909140554116296478159467980,0.501695282864425342503571204417051909140554116296478159467981,0.000057771665356385260,0.000057771665356385259533475656266170772036274872281523966888,0.000057771665356385259533475656266170772036274872281523966889,True,interior,True,False,equally_weighted_Pauli_axes,False
911/2000,0.4555,7921/1000000,992079/1000000,1/3,0.99339130889873895,0.50160115337999846,0.501601153379998456151364249824363403906975935270354231513926,0.501601153379998456151364249824363403906975935270354231513927,0.50165765022445896,0.501657650224458955609675149935292562992175458622365929704918,0.501657650224458955609675149935292562992175458622365929704919,0.000056496844460499458,0.000056496844460499458310900110929159085199523352011698190992,0.000056496844460499458310900110929159085199523352011698190993,True,interior,True,False,equally_weighted_Pauli_axes,False
57/125,0.456,121/15625,15504/15625,1/3,0.99353915646999380,0.50156520942124164,0.501565209421241641407647327655144243030725666516696109437003,0.501565209421241641407647327655144243030725666516696109437004,0.50162044560525377,0.501620445605253766472565029984145950256257504848234936980262,0.501620445605253766472565029984145950256257504848234936980263,0.000055236184012125065,0.000055236184012125064917702329001707225531838331538827543258,0.000055236184012125064917702329001707225531838331538827543259,True,interior,True,False,equally_weighted_Pauli_axes,False
913/2000,0.4565,7569/1000000,992431/1000000,1/3,0.99368532570397177,0.50152967906331846,0.501529679063318463987934448614859259169998581693588246545769,0.501529679063318463987934448614859259169998581693588246545770,0.50158366875018216,0.501583668750182155703288542006606321229723248469852058430984,0.501583668750182155703288542006606321229723248469852058430985,0.000053989686863691715,0.000053989686863691715354093391747062059724666776263811885215,0.000053989686863691715354093391747062059724666776263811885216,True,interior,True,False,equally_weighted_Pauli_axes,False
457/1000,0.457,1849/250000,248151/250000,1/3,0.99382981686560648,0.50149456204981554,0.501494562049815535373176737068139916722929733427471390167623,0.501494562049815535373176737068139916722929733427471390167624,0.50154731940564851,0.501547319405648505384210902053182441702045641134582379194376,0.501547319405648505384210902053182441702045641134582379194377,0.000052757355832970011,0.000052757355832970011034164985042524979115907707110989026752,0.000052757355832970011034164985042524979115907707110989026753,True,interior,True,False,equally_weighted_Pauli_axes,False
183/400,0.4575,289/40000,39711/40000,1/3,0.99397263021674873,0.50145985812738146,0.501459858127381458034649430967759037817152076653794953509539,0.501459858127381458034649430967759037817152076653794953509540,0.50151139732108461,0.501511397321084614524407711229439554610009511712042261100900,0.501511397321084614524407711229439554610009511712042261100901,0.000051539193703156490,0.000051539193703156489758280261680516792857435058247307591361,0.000051539193703156489758280261680516792857435058247307591362,True,interior,True,False,equally_weighted_Pauli_axes,False
229/500,0.458,441/62500,62059/62500,1/3,0.99411376601616842,0.50142556704572221,0.501425567045722213796324745577498333633478780914948474622735,0.501425567045722213796324745577498333633478780914948474622736,0.50147590224894517,0.501475902248945171294742144437546834076121598241760939041666,0.501475902248945171294742144437546834076121598241760939041667,0.000050335203222957498,0.000050335203222957498417398860048500442642817326812464418930,0.000050335203222957498417398860048500442642817326812464418931,True,interior,True,False,equally_weighted_Pauli_axes,False
917/2000,0.4585,6889/1000000,993111/1000000,1/3,0.99425322451955650,0.50139168855759661,0.501391688557596609915451310118186764035490862348327557110688,0.501391688557596609915451310118186764035490862348327557110689,0.50144083394470328,0.501440833944703281887422911447672992445342121048828028430274,0.501440833944703281887422911447672992445342121048828028430275,0.000049145387106671972,0.000049145387106671971971601329486228409851258700500471319586,0.000049145387106671971971601329486228409851258700500471319587,True,interior,True,False,equally_weighted_Pauli_axes,False
459/1000,0.459,1681/250000,248319/250000,1/3,0.99439100597952673,0.50135822241881178,0.501358222418811782723685406596833055413756518209274119111887,0.501358222418811782723685406596833055413756518209274119111888,0.50140619216684606,0.501406192166846055846868708036338604460180651618597958322771,0.501406192166846055846868708036338604460180651618597958322772,0.000047969748034273123,0.000047969748034273123183301439505549046424133409323839210884,0.000047969748034273123183301439505549046424133409323839210885,True,interior,True,False,equally_weighted_Pauli_axes,False
919/2000,0.4595,6561/1000000,993439/1000000,1/3,0.99452711064561762,0.50132516838821876,0.501325168388218758673201437804475281559613163056338102518088,0.501325168388218758673201437804475281559613163056338102518089,0.50137197667687025,0.501371976676870247720725634525595324240838970010654331443061,0.501371976676870247720725634525595324240838970010654331443062,0.000046808288651489048,0.000046808288651489047524196721120042681225806954316228924973,0.000046808288651489047524196721120042681225806954316228924974,True,interior,True,False,equally_weighted_Pauli_axes,False
23/50,0.46,4/625,621/625,1/3,0.99466153876429418,0.50129252622770807,0.501292526227708072634282525379965483365580013507168887111846,0.501292526227708072634282525379965483365580013507168887111847,0.50133818723927795,0.501338187239277954881896428595812151413969528814718755879508,0.501338187239277954881896428595812151413969528814718755879509,0.000045661011569882248,0.000045661011569882247613903215846668048389515307549868767661,0.000045661011569882247613903215846668048389515307549868767662,True,interior,True,False,equally_weighted_Pauli_axes,False
921/2000,0.4605,6241/1000000,993759/1000000,1/3,0.99479429057894977,0.50126029570220544,0.501260295702205443292957011146787117228052365281871396408706,0.501260295702205443292957011146787117228052365281871396408707,0.50130482362157237,0.501304823621572371374444456085105800801307750422281240195441,0.501304823621572371374444456085105800801307750422281240195442,0.000044527919366928081,0.000044527919366928081487444938318683573255385140409843786735,0.000044527919366928081487444938318683573255385140409843786736,True,interior,True,False,equally_weighted_Pauli_axes,False
461/1000,0.461,1521/250000,248479/250000,1/3,0.99492536632990782,0.50122847657966751,0.501228476579667505499303027139061355130175192203970954046376,0.501228476579667505499303027139061355130175192203970954046377,0.50127188559425360,0.501271885594253597638231344311956951709028455500626833338388,0.501271885594253597638231344311956951709028455500626833338389,0.000043409014586092139,0.000043409014586092138928317172895596578853263296655879292011,0.000043409014586092138928317172895596578853263296655879292012,True,interior,True,False,equally_weighted_Pauli_axes,False
923/2000,0.4615,5929/1000000,994071/1000000,1/3,0.99505476625442361,0.50119706863107760,0.501197068631077599419091332641141664282326605117454142874180,0.501197068631077599419091332641141664282326605117454142874181,0.50123937293081451,0.501239372930814505969135043278989559917505108505980273395342,0.501239372930814505969135043278989559917505108505980273395343,0.000042304299736906550,0.000042304299736906550043710637847895635178503388526130521162,0.000042304299736906550043710637847895635178503388526130521163,True,interior,True,False,equally_weighted_Pauli_axes,False
231/500,0.462,361/62500,62139/62500,1/3,0.99518249058668601,0.50116607163044162,0.501166071630441616343476410282272846252419847516555700724123,0.501166071630441616343476410282272846252419847516555700724124,0.50120728540773666,0.501207285407736661573675076292725261952064675692638387684220,0.501207285407736661573675076292725261952064675692638387684221,0.000041213777295045230,0.000041213777295045230198666010452415699644828176082686960096,0.000041213777295045230198666010452415699644828176082686960097,True,interior,True,False,equally_weighted_Pauli_axes,False
37/80,0.4625,9/1600,1591/1600,1/3,0.99530853955781915,0.50113548535478390,0.501135485354783901013477487183439733093802473046940579677708,0.501135485354783901013477487183439733093802473046940579677709,0.50117562280448630,0.501175622804486299078843907776543308696925018940779078482001,0.501175622804486299078843907776543308696925018940779078482002,0.000040137449702398065,0.000040137449702398065366420593103575603122545893838498804292,0.000040137449702398065366420593103575603122545893838498804293,True,interior,True,False,equally_weighted_Pauli_axes,False
463/1000,0.463,1369/250000,248631/250000,1/3,0.99543291339588413,0.50110530958414321,0.501105309584143210318014820107953242457204157670081705312183,0.501105309584143210318014820107953242457204157670081705312184,0.50114438490351035,0.501144384903510354359907826434834126741525023508505468035871,0.501144384903510354359907826434834126741525023508505468035872,0.000039075319367144042,0.000039075319367144041893006326880884284320865838423762723688,0.000039075319367144041893006326880884284320865838423762723689,True,interior,True,False,equally_weighted_Pauli_axes,False
927/2000,0.4635,5329/1000000,994671/1000000,1/3,0.99555561232588067,0.50107554410156873,0.501075544101568728226282373621476062166663896955344004832981,0.501075544101568728226282373621476062166663896955344004832982,0.50111357149023255,0.501113571490232551550897629890542895232714713116805226550357,0.501113571490232551550897629890542895232714713116805226550358,0.000038027388663823325,0.000038027388663823324615256269066833066050816161461221717375,0.000038027388663823324615256269066833066050816161461221717376,True,interior,True,False,equally_weighted_Pauli_axes,False
58/125,0.464,81/15625,15544/15625,1/3,0.99567663656974876,0.50104618869311614,0.501046188693116136817246044873012587040418473887927605479987,0.501046188693116136817246044873012587040418473887927605479988,0.50108318235304955,0.501083182353049545104458815293138682946502037015861537513227,0.501083182353049545104458815293138682946502037015861537513228,0.000036993659933408287,0.000036993659933408287212770420126095906083563127933932033240,0.000036993659933408287212770420126095906083563127933932033241,True,interior,True,False,equally_weighted_Pauli_axes,False
929/2000,0.4645,5041/1000000,994959/1000000,1/3,0.99579598634637023,0.50101724314784374,0.501017243147843743271056964578936480663436074705528060254115,0.501017243147843743271056964578936480663436074705528060254116,0.50105321728332712,0.501053217283327116769673041398407234095473678694968083661985,0.501053217283327116769673041398407234095473678694968083661986,0.000035974135483373499,0.000035974135483373498616076819470753432037603989440023407870,0.000035974135483373498616076819470753432037603989440023407871,True,interior,True,False,equally_weighted_Pauli_axes,False
93/200,0.465,49/10000,9951/10000,1/3,0.99591366187157040,0.50098870725780866,0.500988707257808662689162247311658824911040885183394529210540,0.500988707257808662689162247311658824911040885183394529210541,0.50102367607539643,0.501023676075396427358397442875531012635416746285577351747475,0.501023676075396427358397442875531012635416746285577351747476,0.000034968817587764669,0.000034968817587764669235195563872187724375861102182822536935,0.000034968817587764669235195563872187724375861102182822536936,True,interior,True,False,equally_weighted_Pauli_axes,False
931/2000,0.4655,4761/1000000,995239/1000000,1/3,0.99602966335811962,0.50096058081806306,0.500960580818063056611880990828501847583759937705770880970136,0.500960580818063056611880990828501847583759937705770880970137,0.50099455852655032,0.500994558526550323172596058131662579899165840013087616536247,0.500994558526550323172596058131662579899165840013087616536248,0.000033977708487266561,0.000033977708487266560715067303160732315405902307316735566110,0.000033977708487266560715067303160732315405902307316735566111,True,interior,True,False,equally_weighted_Pauli_axes,False
233/500,0.466,289/62500,62211/62500,1/3,0.99614399101573483,0.50093286362665043,0.500932863626650427104191448881317350141586387152391994706189,0.500932863626650427104191448881317350141586387152391994706190,0.50096586443703970,0.500965864437039696967058288210826075006326722973058775838556,0.500965864437039696967058288210826075006326722973058775838557,0.000033000810389269863,0.000033000810389269862866839329508724864740335820666781132367,0.000033000810389269862866839329508724864740335820666781132368,True,interior,True,False,equally_weighted_Pauli_axes,False
933/2000,0.4665,4489/1000000,995511/1000000,1/3,0.99625664505108105,0.50090555548460197,0.500905555484601966282446239080944618732263619474338962529364,0.500905555484601966282446239080944618732263619474338962529365,0.50093759361006990,0.500937593610069903323813046203316795547444307540676972682780,0.500937593610069903323813046203316795547444307540676972682781,0.000032038125467937041,0.000032038125467937041366807122372176815180688066338010153416,0.000032038125467937041366807122372176815180688066338010153417,True,interior,True,False,equally_weighted_Pauli_axes,False
467/1000,0.467,1089/250000,248911/250000,1/3,0.99636762566777292,0.50087865619593296,0.500878656195932961156696310721092617746071434082531146836710,0.500878656195932961156696310721092617746071434082531146836711,0.50090974585179723,0.500909745851797228316454193413553519887552883952623789872865,0.500909745851797228316454193413553519887552883952623789872866,0.000031089655864267160,0.000031089655864267159757882692460902141481449870092643036154,0.000031089655864267159757882692460902141481449870092643036155,True,interior,True,False,equally_weighted_Pauli_axes,False
187/400,0.4675,169/40000,39831/40000,1/3,0.99647693306637619,0.50085216556763925,0.500852165567639253665261300182518618952869214293590678391816,0.500852165567639253665261300182518618952869214293590678391817,0.50088232097132541,0.500882320971325413344493099046486251745706206460807182735280,0.500882320971325413344493099046486251745706206460807182735281,0.000030155403686159679,0.000030155403686159679231798863967632792836992167216504343463,0.000030155403686159679231798863967632792836992167216504343464,True,interior,True,False,equally_weighted_Pauli_axes,False
117/250,0.468,64/15625,15561/15625,1/3,0.99658456744440911,0.50082608340969376,0.500826083409693755780133956259494282487262346649022098779942,0.500826083409693755780133956259494282487262346649022098779943,0.50085531878070223,0.500855318780702233019747812610445144188531557906557033154282,0.500855318780702233019747812610445144188531557906557033154283,0.000029235371008477240,0.000029235371008477239613856350950861701269211257534934374340,0.000029235371008477239613856350950861701269211257534934374341,True,interior,True,False,equally_weighted_Pauli_axes,False
937/2000,0.4685,3969/1000000,996031/1000000,1/3,0.99669052899634393,0.50080040953504302,0.500800409535043019563749636535302388720454492560019623214712,0.500800409535043019563749636535302388720454492560019623214713,0.50082873909491613,0.500828739094916126988665510289489466499310370229965270085857,0.500828739094916126988665510289489466499310370229965270085858,0.000028329559873107425,0.000028329559873107424915873754187077778855877669945646871145,0.000028329559873107424915873754187077778855877669945646871146,True,interior,True,False,equally_weighted_Pauli_axes,False
469/1000,0.469,961/250000,249039/250000,1/3,0.99679481791360831,0.50077514375960386,0.500775143759603862059588570289995376354142654472246167471348,0.500775143759603862059588570289995376354142654472246167471349,0.50080258173189289,0.500802581731892885576355675378182839552637931499314056928129,0.500802581731892885576355675378182839552637931499314056928130,0.000027437972289023517,0.000027437972289023516767105088187463198495277027067889456781,0.000027437972289023516767105088187463198495277027067889456782,True,interior,True,False,equally_weighted_Pauli_axes,False
939/2000,0.4695,3721/1000000,996279/1000000,1/3,0.99689743438458667,0.50075028590226004,0.500750285902260044901008764318744356931783951475556663373582,0.500750285902260044901008764318744356931783951475556663373583,0.50077684651249239,0.500776846512492389139986005148143178826983730254831998775969,0.500776846512492389139986005148143178826983730254831998775970,0.000026560610232344239,0.000026560610232344238977240829398821895199778779275335402387,0.000026560610232344238977240829398821895199778779275335402388,True,interior,True,False,equally_weighted_Pauli_axes,False
47/100,0.47,9/2500,2491/2500,1/3,0.99699837859462157,0.50072583578485901,0.500725835784859008524631205907868952338070317252937448252320,0.500725835784859008524631205907868952338070317252937448252321,0.50075153326050540,0.500751533260505401021061408374059255596536997440510750776028,0.500751533260505401021061408374059255596536997440510750776029,0.000025697475646392496,0.000025697475646392496430202466190303258466680187573302523708,0.000025697475646392496430202466190303258466680187573302523709,True,interior,True,False,equally_weighted_Pauli_axes,False
941/2000,0.4705,3481/1000000,996519/1000000,1/3,0.99709765072601508,0.50070179323220866,0.500701793232208660876516501970648955300197719837416085609056,0.500701793232208660876516501970648955300197719837416085609057,0.50072664180265041,0.500726641802650413987968774834895523967935644821274555100229,0.500726641802650413987968774834895523967935644821274555100230,0.000024848570441753111,0.000024848570441753111452272864246568667737924983858469491173,0.000024848570441753111452272864246568667737924983858469491174,True,interior,True,False,equally_weighted_Pauli_axes,False
471/1000,0.471,841/250000,249159/250000,1/3,0.99719525095803009,0.50067815807207422,0.500678158072074220501283394385683873424570696650337325788988,0.500678158072074220501283394385683873424570696650337325788989,0.50070217196857055,0.500702171968570550062026565582723646737408498732940642692312,0.500702171968570550062026565582723646737408498732940642692313,0.000024013896496329561,0.000024013896496329560743171197039773312837802082603316903323,0.000024013896496329560743171197039773312837802082603316903324,True,interior,True,False,equally_weighted_Pauli_axes,False
943/2000,0.4715,3249/1000000,996751/1000000,1/3,0.99729117946689160,0.50065493013517511,0.500654930135175113906224817802344428910499593109396580030635,0.500654930135175113906224817802344428910499593109396580030636,0.50067812359083051,0.500678123590830513622128795316042126875655458459193994633656,0.500678123590830513622128795316042126875655458459193994633657,0.000023193455655399716,0.000023193455655399715903977513697697965155865349797414603021,0.000023193455655399715903977513697697965155865349797414603022,True,interior,True,False,equally_weighted_Pauli_axes,False
59/125,0.472,49/15625,15576/15625,1/3,0.99738543642578800,0.50063210925518193,0.500632109255181927094376425981438385882259637852861578448639,0.500632109255181927094376425981438385882259637852861578448640,0.50065449650491360,0.500654496504913597684917760014341123417698952516378883643635,0.500654496504913597684917760014341123417698952516378883643636,0.000022387249731670591,0.000022387249731670590541334032902737535439314663517305194995,0.000022387249731670590541334032902737535439314663517305194996,True,interior,True,False,equally_weighted_Pauli_axes,False
189/400,0.4725,121/40000,39879/40000,1/3,0.99747802200487235,0.50060969526871341,0.500609695268713411162385914039627727507257510206803381777940,0.500609695268713411162385914039627727507257510206803381777941,0.50063129054921874,0.500631290549218743259259007831228229690789097725434222371660,0.500631290549218743259259007831228229690789097725434222371661,0.000021595280505332097,0.000021595280505332096873093791600502183531587518630840593720,0.000021595280505332096873093791600502183531587518630840593721,True,interior,True,False,equally_weighted_Pauli_axes,False
473/1000,0.473,729/250000,249271/250000,1/3,0.99756893637126358,0.50058768801533354,0.500587688015333541860919114201835243153240323121049090946250,0.500587688015333541860919114201835243153240323121049090946251,0.50060850556505765,0.500608505565057651675625662395891758295060898467611479466743,0.500608505565057651675625662395891758295060898467611479466744,0.000020817549724109815,0.000020817549724109814706548194056515141820575346562388520493,0.000020817549724109814706548194056515141820575346562388520494,True,interior,True,False,equally_weighted_Pauli_axes,False
947/2000,0.4735,2809/1000000,997191/1000000,1/3,0.99765817968904774,0.50056608733754863,0.500566087337548633017220848807741649450848429213590790399080,0.500566087337548633017220848807741649450848429213590790399081,0.50058614139665195,0.500586141396651949792827387982902990632201730240380867346854,0.500586141396651949792827387982902990632201730240380867346855,0.000020054059103316776,0.000020054059103316775606539175161341181353301026790076947774,0.000020054059103316775606539175161341181353301026790076947775,True,interior,True,False,equally_weighted_Pauli_axes,False
237/500,0.474,169/62500,62331/62500,1/3,0.99774575211927914,0.50054489308080450,0.500544893080804503721324992878759745151454843884079350581322,0.500544893080804503721324992878759745151454843884079350581323,0.50056419789113041,0.500564197891130407986342137887357780809903747323073703503416,0.500564197891130407986342137887357780809903747323073703503417,0.000019304810325904265,0.000019304810325904265017145008598035658448903438994352922093,0.000019304810325904265017145008598035658448903438994352922094,True,interior,True,False,equally_weighted_Pauli_axes,False
949/2000,0.4745,2601/1000000,997399/1000000,1/3,0.99783165381998158,0.50052410509348370,0.500524105093483699179279235593132238256742558465594674858830,0.500524105093483699179279235593132238256742558465594674858831,0.50054267489852621,0.500542674898526210824326452766764675946150557358246488044614,0.500542674898526210824326452766764675946150557358246488044615,0.000018569805042511645,0.000018569805042511645047217173632437689407998892651813185784,0.000018569805042511645047217173632437689407998892651813185785,True,interior,True,False,equally_weighted_Pauli_axes,False
19/40,0.475,1/400,399/400,1/3,0.99791588494614943,0.50050372322690277,0.500503723226902765138615741160736411097923887803145651525833,0.500503723226902765138615741160736411097923887803145651525834,0.50052157227177428,0.500521572271774280339192576243587634219403497389746699551438,0.500521572271774280339192576243587634219403497389746699551439,0.000017849044871515201,0.000017849044871515200576835082851223121479609586601048025605,0.000017849044871515200576835082851223121479609586601048025606,True,interior,True,False,equally_weighted_Pauli_axes,False
951/2000,0.4755,2401/1000000,997599/1000000,1/3,0.99799844564974881,0.50048374733530958,0.500483747335309575793159400025450044001769311660538011406868,0.500483747335309575793159400025450044001769311660538011406869,0.50050088986670865,0.500500889866708651804448131852067160955275538676608361754318,0.500500889866708651804448131852067160955275538676608361754319,0.000017142531399076011,0.000017142531399076011288731826617116953506227016070350347449,0.000017142531399076011288731826617116953506227016070350347450,True,interior,True,False,equally_weighted_Pauli_axes,False
119/250,0.476,36/15625,15589/15625,1/3,0.99807933607971865,0.50046417727588072,0.500464177275880715076120735817913133535598715571269550294291,0.500464177275880715076120735817913133535598715571269550294292,0.50048062754205990,0.500480627542059901928296659205765463545094888978910680496282,0.500480627542059901928296659205765463545094888978910680496283,0.000016450266179186852,0.000016450266179186852175923387852330009496173407641130201991,0.000016450266179186852175923387852330009496173407641130201992,True,interior,True,False,equally_weighted_Pauli_axes,False
953/2000,0.4765,2209/1000000,997791/1000000,1/3,0.99815855638197179,0.50044501290871891,0.500445012908718911252270896387010478290625270225928128123373,0.500445012908718911252270896387010478290625270225928128123374,0.50046078515945263,0.500460785159452629377295038409162259885189060350603298162385,0.500460785159452629377295038409162259885189060350603298162386,0.000015772250733718125,0.000015772250733718125024142022151781594563790124675170039012,0.000015772250733718125024142022151781594563790124675170039013,True,interior,True,False,equally_weighted_Pauli_axes,False
477/1000,0.477,529/250000,249471/250000,1/3,0.99823610669939605,0.50042625409685052,0.500426254096850524721841612500295347737456064214766686747693,0.500426254096850524721841612500295347737456064214766686747694,0.50044136258340299,0.500441362583402987545156840201831007178603933642494181690066,0.500441362583402987545156840201831007178603933642494181690067,0.000015108486552462823,0.000015108486552462823315227701535659441147869427727494942373,0.000015108486552462823315227701535659441147869427727494942374,True,interior,True,False,equally_weighted_Pauli_axes,False
191/400,0.4775,81/40000,39919/40000,1/3,0.99831198717185523,0.50040790070622309,0.500407900706223088950633658970480755519333812337165178160375,0.500407900706223088950633658970480755519333812337165178160376,0.50042235968131627,0.500422359681316269483579024693027811860890250973111089695542,0.500422359681316269483579024693027811860890250973111089695543,0.000014458975093180533,0.000014458975093180532945365722547056341556438635945911535167,0.000014458975093180532945365722547056341556438635945911535168,True,interior,True,False,equally_weighted_Pauli_axes,False
239/500,0.478,121/62500,62379/62500,1/3,0.99838619793619013,0.50038995260570290,0.500389952605702904442653303196936557334331029600857277573621,0.500389952605702904442653303196936557334331029600857277573622,0.50040377632348454,0.500403776323484544913753273033381680741592568316885546200626,0.500403776323484544913753273033381680741592568316885546200627,0.000013823717781640471,0.000013823717781640471099969836445123407261538716028268627005,0.000013823717781640471099969836445123407261538716028268627006,True,interior,True,False,equally_weighted_Pauli_axes,False
957/2000,0.4785,1849/1000000,998151/1000000,1/3,0.99845873912621959,0.50037240966707269,0.500372409667072685673427578187561417209270876109570824511600,0.500372409667072685673427578187561417209270876109570824511601,0.50038561238308435,0.500385612383084349239002672832038766700382720467200149223129,0.500385612383084349239002672832038766700382720467200149223130,0.000013202716011663566,0.000013202716011663565575094644477349491111844357629324711528,0.000013202716011663565575094644477349491111844357629324711529,True,interior,True,False,equally_weighted_Pauli_axes,False
479/1000,0.479,441/250000,249559/250000,1/3,0.99852961087274138,0.50035527176502926,0.500355271765029260903976073455471208401825705912438385971581,0.500355271765029260903976073455471208401825705912438385971582,0.50036786773617442,0.500367867736174424480759588061219472099635590514322392191623,0.500367867736174424480759588061219472099635590514322392191624,0.000012595971145163577,0.000012595971145163576783514605748263697809884601884006220042,0.000012595971145163576783514605748263697809884601884006220043,True,interior,True,False,equally_weighted_Pauli_axes,False
959/2000,0.4795,1681/1000000,998319/1000000,1/3,0.99859881330353322,0.50033853877718132,0.500338538777181324797239399811438873277000942100085420679967,0.500338538777181324797239399811438873277000942100085420679968,0.50035054226169351,0.500350542261693512061871425748753885597296914192780648265105,0.500350542261693512061871425748753885597296914192780648265106,0.000012003484512187265,0.000012003484512187264632025937315012320295972092695227585137,0.000012003484512187264632025937315012320295972092695227585138,True,interior,True,False,equally_weighted_Pauli_axes,False
12/25,0.48,1/625,624/625,1/3,0.99866634654335365,0.50032221058404724,0.500322210584047243760582654686878327759216511936361971984631,0.500322210584047243760582654686878327759216511936361971984632,0.50033363584145820,0.500333635841458197362987762757754171943970332090515643582896,0.500333635841458197362987762757754171943970332090515643582897,0.000011425257410953602,0.000011425257410953602405108070875844184753820154153671598264,0.000011425257410953602405108070875844184753820154153671598265,True,interior,True,False,equally_weighted_Pauli_axes,False
961/2000,0.4805,1521/1000000,998479/1000000,1/3,0.99873221071394298,0.50030628706905291,0.500306287069052913939806194566861432084008215660391589458984,0.500306287069052913939806194566861432084008215660391589458985,0.50031714836016081,0.500317148360160805979545013876043313888103688989041181395868,0.500317148360160805979545013876043313888103688989041181395869,0.000010861291107892040,0.000010861291107892039738819309181881804095473328649591936884,0.000010861291107892039738819309181881804095473328649591936885,True,interior,True,False,equally_weighted_Pauli_axes,False
481/1000,0.481,361/250000,249639/250000,1/3,0.99879640593402413,0.50029076811852967,0.500290768118529671791905911393527769919483941363944852861760,0.500290768118529671791905911393527769919483941363944852861761,0.50030107970536735,0.500301079705367351608623604448994686016423554347981810522789,0.500301079705367351608623604448994686016423554347981810522790,0.000010311586837679817,0.000010311586837679816717693055466916096939612984036957661028,0.000010311586837679816717693055466916096939612984036957661029,True,interior,True,False,equally_weighted_Pauli_axes,False
963/2000,0.4815,1369/1000000,998631/1000000,1/3,0.99885893231930350,0.50027565362171226,0.500275653621712257165631111092779370494446114479640212117621,0.500275653621712257165631111092779370494446114479640212117622,0.50028542976751554,0.500285429767515535496707553736473580734585841663435961509912,0.500285429767515535496707553736473580734585841663435961509913,0.0000097761458032783311,0.000009776145803278331076442643694210240139727183795749392290,0.000009776145803278331076442643694210240139727183795749392291,True,interior,True,False,equally_weighted_Pauli_axes,False
241/500,0.482,81/62500,62419/62500,1/3,0.99891978998247184,0.50026094347073683,0.500260943470736828820690105035240530813303010789573999482157,0.500260943470736828820690105035240530813303010789573999482158,0.50027019843991280,0.500270198439912797381127575599618224132587889577035245558447,0.500270198439912797381127575599618224132587889577035245558448,0.0000092549691759685604,0.000009254969175968560437470564377693319284878787461246076289,0.000009254969175968560437470564377693319284878787461246076290,True,interior,True,False,equally_weighted_Pauli_axes,False
193/400,0.4825,49/40000,39951/40000,1/3,0.99897897903320502,0.50024663756063903,0.500246637560639032318251849306625852666126856027663957730467,0.500246637560639032318251849306625852666126856027663957730468,0.50025538561873442,0.500255385618734417859716357269669774058228410446462082657559,0.500255385618734417859716357269669774058228410446462082657560,0.0000087480580953855415,0.000008748058095385541464507963043921392101554418798124927092,0.000008748058095385541464507963043921392101554418798124927093,True,interior,True,False,equally_weighted_Pauli_axes,False
483/1000,0.483,289/250000,249711/250000,1/3,0.99903649957816485,0.50023273578935212,0.500232735789352120217186501868226051592156397568882688649832,0.500232735789352120217186501868226051592156397568882688649833,0.50024099120302167,0.500240991203021672124948680771575265692756932089003576535404,0.500240991203021672124948680771575265692756932089003576535405,0.0000082554136695519078,0.000008255413669551907762178903349214100600534520120887885572,0.000008255413669551907762178903349214100600534520120887885573,True,interior,True,False,equally_weighted_Pauli_axes,False
967/2000,0.4835,1089/1000000,998911/1000000,1/3,0.99909235172099985,0.50021923805770512,0.500219238057705124512278713473478758123109657324734981928717,0.500219238057705124512278713473478758123109657324734981928718,0.50022701509468004,0.500227015094680035000579600739224312327320638416881274261728,0.500227015094680035000579600739224312327320638416881274261729,0.0000077770369749104883,0.000007777036974910488300887265745554204210981092146292333011,0.000007777036974910488300887265745554204210981092146292333012,True,interior,True,False,equally_weighted_Pauli_axes,False
121/250,0.484,16/15625,15609/15625,1/3,0.99914653556234597,0.50020614426942108,0.500206144269421081252434923720904246449902310734737382871357,0.500206144269421081252434923720904246449902310734737382871358,0.50021345719847744,0.500213457198477437220531082261212787745062756634808324092262,0.500213457198477437220531082261212787745062756634808324092263,0.0000073129290563559681,0.000007312929056355968096158540308541295160445900070941220905,0.000007312929056355968096158540308541295160445900070941220906,True,interior,True,False,equally_weighted_Pauli_axes,False
969/2000,0.4845,961/1000000,999039/1000000,1/3,0.99919905119982739,0.50019345433111531,0.500193454331115307278689997735578510442500210961334173660212,0.500193454331115307278689997735578510442500210961334173660213,0.50020031742204257,0.500200317422042572891511428162621462646919374900785966148499,0.500200317422042572891511428162621462646919374900785966148500,0.0000068630909272656128,0.000006863090927265612821430427042952204419163939451792488287,0.000006863090927265612821430427042952204419163939451792488288,True,interior,True,False,equally_weighted_Pauli_axes,False
97/200,0.485,9/10000,9991/10000,1/3,0.99924989872805712,0.50018116815229373,0.500181168152293729023599310276527555371609638875787930349062,0.500181168152293729023599310276527555371609638875787930349063,0.50018759567586326,0.500187595675863258082582581626185686488475685807054739502632,0.500187595675863258082582581626185686488475685807054739502633,0.0000064275235695290590,0.000006427523569529058983271349658131116866046931266809153570,0.000006427523569529058983271349658131116866046931266809153571,True,interior,True,False,equally_weighted_Pauli_axes,False
971/2000,0.4855,841/1000000,999159/1000000,1/3,0.99929907823863779,0.50016928564535126,0.500169285645351263315379960896934145742111649127791576680370,0.500169285645351263315379960896934145742111649127791576680371,0.50017529187328484,0.500175291873284840486618071899851206066445991168957044131869,0.500175291873284840486618071899851206066445991168957044131870,0.0000060062279335771712,0.000006006227933577171238111002917060324334342041165467451498,0.000006006227933577171238111002917060324334342041165467451499,True,interior,True,False,equally_weighted_Pauli_axes,False
243/500,0.486,49/62500,62451/62500,1/3,0.99934658982016224,0.50015780672557025,0.500157806725570250131939284212060168755220914049190752806052,0.500157806725570250131939284212060168755220914049190752806053,0.50016340593050866,0.500163405930508660100319072396819501046446437901617590221544,0.500163405930508660100319072396819501046446437901617590221545,0.0000055992049384099684,0.000005599204938409968379788184759332291225523852426837415492,0.000005599204938409968379788184759332291225523852426837415493,True,interior,True,False,equally_weighted_Pauli_axes,False
973/2000,0.4865,729/1000000,999271/1000000,1/3,0.99939243355821420,0.50014673131111894,0.500146731311118937251700301181709927657179426318769163449137,0.500146731311118937251700301181709927657179426318769163449138,0.50015193776659056,0.500151937766590560871177855901450455511237644274941321008704,0.500151937766590560871177855901450455511237644274941321008705,0.0000052064554716236195,0.000005206455471623619477554719740527854058217956172157559566,0.000005206455471623619477554719740527854058217956172157559567,True,interior,True,False,equally_weighted_Pauli_axes,False
487/1000,0.487,169/250000,249831/250000,1/3,0.99943660953536888,0.50013605932305002,0.500136059323050016749902338174432624429166432578190109276530,0.500136059323050016749902338174432624429166432578190109276531,0.50014088730343945,0.500140887303439453261496954752947601630609120446287417888318,0.500140887303439453261496954752947601630609120446287417888319,0.0000048279803894365116,0.000004827980389436511594616578514977201442687868097308611787,0.000004827980389436511594616578514977201442687868097308611788,True,interior,True,False,equally_weighted_Pauli_axes,False
39/80,0.4875,1/1600,1599/1600,1/3,0.99947911783119359,0.50012579068529921,0.500125790685299213290820817801072538770230698593404525203768,0.500125790685299213290820817801072538770230698593404525203769,0.50013025446581593,0.500130254465815927681288658469744675151093509263632148895573,0.500130254465815927681288658469744675151093509263632148895574,0.0000044637805167143905,0.000004463780516714390467840668672136380862810670227623691805,0.000004463780516714390467840668672136380862810670227623691806,True,interior,True,False,equally_weighted_Pauli_axes,False
61/125,0.488,9/15625,15616/15625,1/3,0.99951995852224831,0.50011592532468392,0.500115925324683924168113296212240696080888037944707094721994,0.500115925324683924168113296212240696080888037944707094721995,0.50012003918133092,0.500120039181330918743593200767603150596262554731638534768481,0.500120039181330918743593200767603150596262554731638534768482,0.0000041138566469945755,0.000004113856646994575479904555362454515374516786931440046487,0.000004113856646994575479904555362454515374516786931440046488,True,interior,True,False,equally_weighted_Pauli_axes,False
977/2000,0.4885,529/1000000,999471/1000000,1/3,0.99955913168208624,0.50010646317090191,0.500106463170901911047259282657111427428355976025487567393473,0.500106463170901911047259282657111427428355976025487567393474,0.50011024138044442,0.500110241380444420297465195573286762102625499320222546748636,0.500110241380444420297465195573286762102625499320222546748637,0.0000037782095425092502,0.000003778209542509250205912916175334674269523294734979355162,0.000003778209542509250205912916175334674269523294734979355163,True,interior,True,False,equally_weighted_Pauli_axes,False
489/1000,0.489,121/250000,249879/250000,1/3,0.99959663738125432,0.50009740415653004,0.500097404156530043365819325299578260245270409586101905755736,0.500097404156530043365819325299578260245270409586101905755737,0.50010086099646425,0.500100860996464251195586670503441111367562610330872418215515,0.500100860996464251195586670503441111367562610330872418215516,0.0000034568399342078298,0.000003456839934207829767345203862851122292200744770512459778,0.000003456839934207829767345203862851122292200744770512459779,True,interior,True,False,equally_weighted_Pauli_axes,False
979/2000,0.4895,441/1000000,999559/1000000,1/3,0.99963247568729376,0.50008874821702309,0.500088748217023093348994379080614033762487392769054153303463,0.500088748217023093348994379080614033762487392769054153303464,0.50009189796554487,0.500091897965544871755171509233030865986363780556539984112329,0.500091897965544871755171509233030865986363780556539984112330,0.0000031497485217784062,0.000003149748521778406177130152416832223876387787485830808866,0.000003149748521778406177130152416832223876387787485830808867,True,interior,True,False,equally_weighted_Pauli_axes,False
49/100,0.49,1/2500,2499/2500,1/3,0.99966664666474053,0.50008049529071258,0.500080495290712582599719683107279659255469832206453453656245,0.500080495290712582599719683107279659255469832206453453656246,0.50008335222668625,0.500083352226686250872530343902769294045297360763623114337662,0.500083352226686250872530343902769294045297360763623114337663,0.0000028569359736682728,0.000002856935973668272810660795489634789827528557169660681416,0.000002856935973668272810660795489634789827528557169660681417,True,interior,True,False,equally_weighted_Pauli_axes,False
981/2000,0.4905,361/1000000,999639/1000000,1/3,0.99969915037512579,0.50007264531880568,0.500072645318805680224278362757825170255708099296726513917023,0.500072645318805680224278362757825170255708099296726513917024,0.50007522372173278,0.500075223721732783753367027716552035094582499633217453383214,0.500075223721732783753367027716552035094582499633217453383215,0.0000025784029271035291,0.000002578402927103529088664958726864838874400336490939466191,0.000002578402927103529088664958726864838874400336490939466192,True,interior,True,False,equally_weighted_Pauli_axes,False
491/1000,0.491,81/250000,249919/250000,1/3,0.99972998687697639,0.50006519824538415,0.500065198245384152456168831359085977265611337361565164682799,0.500065198245384152456168831359085977265611337361565164682800,0.50006751239537226,0.500067512395372260222577858494240813802576241882737413903181,0.500067512395372260222577858494240813802576241882737413903182,0.0000023141499881077664,0.000002314149988107766409027135154836536964904521172249220382,0.000002314149988107766409027135154836536964904521172249220383,True,interior,True,False,equally_weighted_Pauli_axes,False
983/2000,0.4915,289/1000000,999711/1000000,1/3,0.99975915622581525,0.50005815401740336,0.500058154017403363742706893686735641794457097216773308635373,0.500058154017403363742706893686735641794457097216773308635374,0.50006021819513488,0.500060218195134883579022808345984199786783952288186416700250,0.500060218195134883579022808345984199786783952288186416700251,0.0000020641777315198363,0.000002064177731519836315914659248557992326855071413108064876,0.000002064177731519836315914659248557992326855071413108064877,True,interior,True,False,equally_weighted_Pauli_axes,False
123/250,0.492,4/15625,15621/15625,1/3,0.99978665847416176,0.50005151258469133,0.500051512584691329260588344267942011340628317925721411550137,0.500051512584691329260588344267942011340628317925721411550138,0.50005334107139234,0.500053341071392339962434234840198380398880676130120011670823,0.500053341071392339962434234840198380398880676130120011670824,0.0000018284867010107018,0.000001828486701010701845890572256369058252358204398600120685,0.000001828486701010701845890572256369058252358204398600120686,True,interior,True,False,equally_weighted_Pauli_axes,False
197/400,0.4925,9/40000,39991/40000,1/3,0.99981249367153221,0.50004527389994782,0.500045273899947818828380902981495283698130068021277416490259,0.500045273899947818828380902981495283698130068021277416490260,0.50004688097735692,0.500046880977356918201322996919113807112475342031795036538061,0.500046880977356918201322996919113807112475342031795036538062,0.0000016070774090993729,0.000001607077409099372942093937618523414345274010517620047802,0.000001607077409099372942093937618523414345274010517620047803,True,interior,True,False,equally_weighted_Pauli_axes,False
493/1000,0.493,49/250000,249951/250000,1/3,0.99983666186444007,0.50003943791874351,0.500039437918743512185655634056999671081913556462024404499549,0.500039437918743512185655634056999671081913556462024404499550,0.50004083786908068,0.500040837869080680112434666103655330554845610439792522394435,0.500040837869080680112434666103655330554845610439792522394436,0.0000013999503371679268,0.000001399950337167926779032046655659472932053977768117894885,0.000001399950337167926779032046655659472932053977768117894886,True,interior,True,False,equally_weighted_Pauli_axes,False
987/2000,0.4935,169/1000000,999831/1000000,1/3,0.99985916309639641,0.50003400459951921,0.500034004599519205610207647436924821273300301840230429049810,0.500034004599519205610207647436924821273300301840230429049811,0.50003521170545468,0.500035211705454681223999701820373351905472783352491538647010,0.500035211705454681223999701820373351905472783352491538647011,0.0000012071059354756138,0.000001207105935475613792054383448530632172481512261109597200,0.000001207105935475613792054383448530632172481512261109597201,True,interior,True,False,equally_weighted_Pauli_axes,False
247/500,0.494,9/62500,62491/62500,1/3,0.99987999740791014,0.50002897390358507,0.500028973903585069846553978615737156416166240878646829662611,0.500028973903585069846553978615737156416166240878646829662612,0.50003000244820824,0.500030002448208241896711140448251985437844289418664010015761,0.500030002448208241896711140448251985437844289418664010015762,0.0000010285446231720502,0.000001028544623172050157161832514829021678048540017180353150,0.000001028544623172050157161832514829021678048540017180353151,True,interior,True,False,equally_weighted_Pauli_axes,False
989/2000,0.4945,121/1000000,999879/1000000,1/3,0.99989916483648835,0.50002434579511996,0.500024345795119959320633179416999759132667662222725299060356,0.500024345795119959320633179416999759132667662222725299060357,0.50002521006190827,0.500025210061908268818051622274888600903815709696532082477263,0.500025210061908268818051622274888600903815709696532082477264,8.6426678830949742e-7,0.000000864266788309497418442857888841771148047473806783416907,0.000000864266788309497418442857888841771148047473806783416908,True,interior,True,False,equally_weighted_Pauli_axes,False
99/200,0.495,1/10000,9999/10000,1/3,0.99991666541663657,0.50002012024117077,0.500020120241170772617366422503369079842435390365994946278234,0.500020120241170772617366422503369079842435390365994946278235,0.50002083451395863,0.500020834513958626847278540210756587450589543519240043152488,0.500020834513958626847278540210756587450589543519240043152489,7.1427278785422991e-7,0.000000714272787854229912117707387507608154153153245096874253,0.000000714272787854229912117707387507608154153153245096874254,True,interior,True,False,equally_weighted_Pauli_axes,False
991/2000,0.4955,81/1000000,999919/1000000,1/3,0.99993249917985901,0.50001629721165186,0.500016297211651864199473921417658066148070871143583312642085,0.500016297211651864199473921417658066148070871143583312642086,0.50001687577459956,0.500016875774599561190061829973851488889376176144821640237857,0.500016875774599561190061829973851488889376176144821640237858,5.7856294769699059e-7,0.000000578562947696990587908556193422741305305001238327595772,0.000000578562947696990587908556193422741305305001238327595773,True,interior,True,False,equally_weighted_Pauli_axes,False
62/125,0.496,1/15625,15624/15625,1/3,0.99994666615465878,0.50001287667934451,0.500012876679344507347673290205702602689746267664933392276268,0.500012876679344507347673290205702602689746267664933392276269,0.50001333381690717,0.500013333816907169883453524564867402334665989992554876422790,0.500013333816907169883453524564867402334665989992554876422791,4.5713756266253578e-7,0.000000457137562662535780234359164799644919722327621484146522,0.000000457137562662535780234359164799644919722327621484146523,True,interior,True,False,equally_weighted_Pauli_axes,False
993/2000,0.4965,49/1000000,999951/1000000,1/3,0.99995916636653813,0.50000985861989641,0.500009858619896408304118206659658192719144247001565406489819,0.500009858619896408304118206659658192719144247001565406489820,0.50001020861679293,0.500010208616792926573551757155331896406988894891275220483046,0.500010208616792926573551757155331896406988894891275220483047,3.4999689651826943e-7,0.000000349996896518269433550495673703687844647889709813993226,0.000000349996896518269433550495673703687844647889709813993227,True,interior,True,False,equally_weighted_Pauli_axes,False
497/1000,0.497,9/250000,249991/250000,1/3,0.99996999983799860,0.50000724301182127,0.500007243011821271602666495343004281834747115447676324564436,0.500007243011821271602666495343004281834747115447676324564437,0.50000750015300325,0.500007500153003253569904506875521392209470785164953164249033,0.500007500153003253569904506875521392209470785164953164249034,2.5714118198196724e-7,0.000000257141181981967238011532517110374723669717276839684596,0.000000257141181981967238011532517110374723669717276839684597,True,interior,True,False,equally_weighted_Pauli_axes,False
199/400,0.4975,1/40000,39999/40000,1/3,0.99997916658854120,0.50000502983649842,0.500005029836498416571296605136381875672388475286985879284652,0.500005029836498416571296605136381875672388475286985879284653,0.50000520840711915,0.500005208407119145162380132207868085224720608990318548657901,0.500005208407119145162380132207868085224720608990318548657902,1.7857062072859108e-7,0.000000178570620728591083527071486209552332133703332669373249,0.000000178570620728591083527071486209552332133703332669373250,True,interior,True,False,equally_weighted_Pauli_axes,False
249/500,0.498,1/62500,62499/62500,1/3,0.99998666663466654,0.50000321907817244,0.500003219078172444993720515325423270241391089881525569906060,0.500003219078172444993720515325423270241391089881525569906061,0.50000333336355584,0.500003333363555841187912717489238304956821156529224878082407,0.500003333363555841187912717489238304956821156529224878082408,1.1428538339619419e-7,0.000000114285383396194192202163815034715430066647699308176347,0.000000114285383396194192202163815034715430066647699308176348,True,interior,True,False,equally_weighted_Pauli_axes,False
997/2000,0.4985,9/1000000,999991/1000000,1/3,0.99999249998987498,0.50000181072395296,0.500001810723952959918969458423029917967198764194093938890445,0.500001810723952959918969458423029917967198764194093938890446,0.50000187500956255,0.500001875009562550836210560065284306851940801804191652859020,0.500001875009562550836210560065284306851940801804191652859021,6.4285609590917241e-8,0.000000064285609590917241101642254388884742037610097713968575,0.000000064285609590917241101642254388884742037610097713968576,True,interior,True,False,equally_weighted_Pauli_axes,False
499/1000,0.499,1/250000,249999/250000,1/3,0.99999666666466666,0.50000080476381434,0.500000804763814335609456591107821966723788343382328434206607,0.500000804763814335609456591107821966723788343382328434206608,0.50000083333522223,0.500000833335222226685195839531691419218253807622524698508303,0.500000833335222226685195839531691419218253807622524698508304,2.8571407891075739e-8,0.000000028571407891075739248423869452494465464240196264301695,0.000000028571407891075739248423869452494465464240196264301696,True,interior,True,False,equally_weighted_Pauli_axes,False
999/2000,0.4995,1/1000000,999999/1000000,1/3,0.99999916666654167,0.50000020119059554,0.500000201190595538619747970947583200580896852108166952601092,0.500000201190595538619747970947583200580896852108166952601093,0.50000020833345139,0.500000208333451388958622726803651463653057091650990444440655,0.500000208333451388958622726803651463653057091650990444440656,7.1428558503388748e-9,0.000000007142855850338874755856068263072160239542823491839562,0.000000007142855850338874755856068263072160239542823491839563,True,interior,True,False,equally_weighted_Pauli_axes,False
1/2,0.5,0,1,1/3,1,0.5,0.500000000000000000000000000000000000000000000000000000000000,0.500000000000000000000000000000000000000000000000000000000000,0.5,0.500000000000000000000000000000000000000000000000000000000000,0.500000000000000000000000000000000000000000000000000000000000,0,0.000000000000000000000000000000000000000000000000000000000000,0.000000000000000000000000000000000000000000000000000000000000,False,uninformative_record_limit,False,False,equally_weighted_Pauli_axes,False
